,ZipCode,Date,Zestimate,LogValue,AnchorDate,EventTime,RelLogValue
9009,50061,2016-11-30,355848.79462572606,12.78226118541165,2018-11-30,-24,-0.1118037197847137
9033,78245,2016-11-30,169976.61208152765,12.04341613057694,2018-11-30,-24,-0.11687176948230871
9064,50061,2016-12-31,356869.5815726474,12.785125676293324,2018-11-30,-23,-0.10893922890303998
9088,78245,2016-12-31,170837.79589237223,12.048469823282222,2018-11-30,-23,-0.11181807677702693
9119,50061,2017-01-31,357252.8875987013,12.786199178610955,2018-11-30,-22,-0.10786572658540905
9143,78245,2017-01-31,171798.9598544819,12.054080234116304,2018-11-30,-22,-0.10620766594294473
9171,50061,2017-02-28,357500.5320924585,12.786892129485604,2018-11-30,-21,-0.1071727757107599
9196,78245,2017-02-28,172672.3012847849,12.059150864964533,2018-11-30,-21,-0.10113703509471605
9226,50061,2017-03-31,357967.5973383086,12.788197751058352,2018-11-30,-20,-0.10586715413801251
9251,78245,2017-03-31,173523.0079206953,12.064065480070978,2018-11-30,-20,-0.09622241998827086
9281,50061,2017-04-30,359087.65375312016,12.791321798540203,2018-11-30,-19,-0.10274310665616149
9306,78245,2017-04-30,174335.5589747418,12.068737220882975,2018-11-30,-19,-0.09155067917627413
9336,50061,2017-05-31,360973.1809520012,12.79655894356362,2018-11-30,-18,-0.09750596163274494
9361,78245,2017-05-31,175146.4577978705,12.073377804600806,2018-11-30,-18,-0.08691009545844253
9391,50061,2017-06-30,362615.7315377908,12.801098961739019,2018-11-30,-17,-0.09296594345734555
9416,78245,2017-06-30,176032.99315580112,12.078426717564156,2018-11-30,-17,-0.08186118249509278
9446,50061,2017-07-31,363904.36288255913,12.804646372763223,2018-11-30,-16,-0.08941853243314135
9471,78245,2017-07-31,176746.5292810337,12.082471947249383,2018-11-30,-16,-0.07781595280986586
9501,50061,2017-08-31,364885.0638860908,12.807337689512506,2018-11-30,-15,-0.0867272156838581
9526,78245,2017-08-31,177363.85818002815,12.0859585974367,2018-11-30,-15,-0.074329302622548
9556,50061,2017-09-30,366473.480873552,12.81168143991068,2018-11-30,-14,-0.08238346528568385
9581,78245,2017-09-30,177869.18012838057,12.088803615972159,2018-11-30,-14,-0.07148428408708973
9590,20109,2017-09-30,272461.01284180774,12.515250810709485,2019-09-30,-24,-0.10327663517341179
9611,50061,2017-10-31,368373.2377659222,12.816851936223795,2018-11-30,-13,-0.07721296897256913
9636,78245,2017-10-31,178718.555091235,12.093567529507784,2018-11-30,-13,-0.06672037055146518
9645,20109,2017-10-31,274182.23833954934,12.521548267715957,2019-09-30,-23,-0.09697917816694002
9666,50061,2017-11-30,370777.8218106569,12.823358299155425,2018-11-30,-12,-0.07070660604093959
9691,78245,2017-11-30,179796.92984917414,12.099583325507766,2018-11-30,-12,-0.06070457455148315
9700,20109,2017-11-30,276200.0455468974,12.52888068486281,2019-09-30,-22,-0.08964676102008795
9721,50061,2017-12-31,372717.09632224333,12.828574955953366,2018-11-30,-11,-0.06548994924299834
9746,78245,2017-12-31,181101.97647743745,12.10681555754711,2018-11-30,-11,-0.05347234251213884
9755,20109,2017-12-31,278223.4031430332,12.53617967838058,2019-09-30,-21,-0.08234776750231632
9776,50061,2018-01-31,375139.3828835054,12.835052923583138,2018-11-30,-10,-0.05901198161322618
9801,78245,2018-01-31,182257.315975018,12.11317479158932,2018-11-30,-10,-0.04711310846992944
9810,20109,2018-01-31,279708.8129790506,12.541504387378149,2019-09-30,-20,-0.07702305850474822
9831,50061,2018-02-28,377364.22805612703,12.840966122199294,2018-11-30,-9,-0.05309878299707016
9856,78245,2018-02-28,183222.18468270436,12.118454819320316,2018-11-30,-9,-0.04183308073893244
9865,20109,2018-02-28,281146.6231167568,12.546631602681673,2019-09-30,-19,-0.071895843201224
9877,68138,2018-02-28,170719.44722207027,12.047776828609006,2020-02-29,-24,-0.12514616583544047
9886,50061,2018-03-31,380050.1585607936,12.84805851920445,2018-11-30,-8,-0.0460063859919142
9911,78245,2018-03-31,184052.86932608436,12.122978328612755,2018-11-30,-8,-0.03730957144649416
9920,20109,2018-03-31,282547.2727731434,12.551601152819382,2019-09-30,-18,-0.06692629306351527
9932,68138,2018-03-31,172099.51560007807,12.055828167553473,2020-02-29,-23,-0.11709482689097328
9941,50061,2018-04-30,381812.7481111541,12.852685579216509,2018-11-30,-7,-0.04137932597985561
9966,78245,2018-04-30,184821.05628442124,12.127143372631961,2018-11-30,-7,-0.033144527427287684
9975,20109,2018-04-30,283698.54907877377,12.5556675065039,2019-09-30,-17,-0.06285993937899725
9987,68138,2018-04-30,173191.73563703932,12.062154558250558,2020-02-29,-22,-0.11076843619388832
9996,50061,2018-05-31,383639.4648698461,12.85745849696511,2018-11-30,-6,-0.03660640823125405
10021,78245,2018-05-31,185671.83228774305,12.131736051870856,2018-11-30,-6,-0.028551848188392626
10030,20109,2018-05-31,284289.06180870096,12.557746822782521,2019-09-30,-16,-0.06078062310037602
10042,68138,2018-05-31,174164.9453709067,12.067758091066299,2020-02-29,-21,-0.10516490337814766
10051,50061,2018-06-30,385746.8959487966,12.862936723397949,2018-11-30,-5,-0.031128181798415255
10076,78245,2018-06-30,186446.066424192,12.135897288169035,2018-11-30,-5,-0.02439061189021352
10085,20109,2018-06-30,284316.7144661996,12.557844087561298,2019-09-30,-15,-0.0606833583215991
10097,68138,2018-06-30,174923.65872998568,12.072104921898468,2020-02-29,-20,-0.10081807254597841
10106,50061,2018-07-31,388685.5823525989,12.870526024185832,2018-11-30,-4,-0.023538881010532364
10131,78245,2018-07-31,187400.77909653456,12.141004806176614,2018-11-30,-4,-0.019283093882634716
10140,20109,2018-07-31,284828.5239113693,12.55964260768804,2019-09-30,-14,-0.05888483819485657
10152,68138,2018-07-31,175843.22942986593,12.077348135198248,2020-02-29,-19,-0.09557485924619868
10161,50061,2018-08-31,391463.42307334905,12.877647362394079,2018-11-30,-3,-0.016417542802285467
10186,78245,2018-08-31,188318.5901926379,12.145890436233275,2018-11-30,-3,-0.014397463825973844
10195,20109,2018-08-31,285847.0853682778,12.563212280272381,2019-09-30,-13,-0.05531516561051575
10207,68138,2018-08-31,176541.85954632875,12.081313291804852,2020-02-29,-18,-0.09160970263959456
10216,50061,2018-09-30,393954.33176270034,12.883990272330351,2018-11-30,-2,-0.010074632866013289
10241,78245,2018-09-30,189271.5127423067,12.150937838510703,2018-11-30,-2,-0.009350061548545341
10250,20109,2018-09-30,287339.7111568321,12.568420457332884,2019-09-30,-12,-0.05010698855001294
10262,68138,2018-09-30,177069.99227115317,12.084300369951722,2020-02-29,-17,-0.08862262449272507
10271,50061,2018-10-31,396165.95737040247,12.889588486714025,2018-11-30,-1,-0.004476418482338929
10296,78245,2018-10-31,190109.55748871109,12.155355803323772,2018-11-30,-1,-0.0049320967354766765
10305,20109,2018-10-31,289053.63353954704,12.574367533057965,2019-09-30,-11,-0.04415991282493259
10317,68138,2018-10-31,177248.67113563884,12.085308947247167,2020-02-29,-16,-0.08761404719727928
10326,50061,2018-11-30,397943.3371639532,12.894064905196364,2018-11-30,0,0.0
10351,78245,2018-11-30,191049.51228516456,12.160287900059249,2018-11-30,0,0.0
10360,20109,2018-11-30,290888.1921680639,12.58069425296873,2019-09-30,-10,-0.03783319291416731
10372,68138,2018-11-30,177576.5102784528,12.087156838847175,2020-02-29,-15,-0.08576615559727152
10381,50061,2018-12-31,398723.580841953,12.896023675944425,2018-11-30,1,0.001958770748061056
10406,78245,2018-12-31,192125.41523034935,12.165903642089567,2018-11-30,1,0.005615742030318671
10415,20109,2018-12-31,292716.5696837722,12.586960080861688,2019-09-30,-9,-0.031567365021208715
10427,68138,2018-12-31,178030.30408801066,12.089709062469183,2020-02-29,-14,-0.08321393197526383
10436,50061,2019-01-31,399619.307502636,12.898267641662967,2018-11-30,2,0.00420273646660263
10461,78245,2019-01-31,193212.47156992136,12.171545751316467,2018-11-30,2,0.011257851257218121
10470,20109,2019-01-31,293945.13329720445,12.591148407466791,2019-09-30,-8,-0.027379038416105672
10482,68138,2019-01-31,178794.2863668752,12.093991185768433,2020-02-29,-13,-0.07893180867601401
10492,50061,2019-02-28,401267.0951003199,12.9023825571302,2018-11-30,3,0.0083176519338366
10515,78245,2019-02-28,194204.5594249399,12.17666731255006,2018-11-30,3,0.016379412490811873
10522,20109,2019-02-28,295431.3010032528,12.596191604885174,2019-09-30,-7,-0.02233584099772301
10536,68138,2019-02-28,179816.4845000787,12.099692079242434,2020-02-29,-12,-0.07323091520201253
10547,50061,2019-03-31,404270.0412742796,12.909838352646549,2018-11-30,4,0.01577344745018472
10552,35810,2019-03-31,100217.1829313541,11.515094939271659,2021-03-31,-24,-0.3307929832476546
10570,78245,2019-03-31,194948.68336951177,12.180491640705002,2018-11-30,4,0.020203740645753143
10572,97124,2019-03-31,407703.7887175258,12.918296181669552,2021-03-31,-24,-0.14242159421448974
10578,20109,2019-03-31,297282.36007156695,12.60243767346054,2019-09-30,-6,-0.01608977242235632
10591,68138,2019-03-31,180949.06945754855,12.10597088643956,2020-02-29,-11,-0.06695210800488738
10602,50061,2019-04-30,406436.3733108388,12.915182672498396,2018-11-30,5,0.021117767302031965
10607,35810,2019-04-30,100896.82512157584,11.521853740252752,2021-03-31,-23,-0.324034182266562
10625,78245,2019-04-30,195574.6608597842,12.18369748248446,2018-11-30,5,0.023409582425211184
10627,97124,2019-04-30,408648.2292757763,12.92060998982777,2021-03-31,-23,-0.14010778605627117
10632,20109,2019-04-30,299339.1269592414,12.609332413526609,2019-09-30,-5,-0.00919503235628838
10646,68138,2019-04-30,182252.1412715577,12.113146398891365,2020-02-29,-10,-0.05977659555308179
10657,50061,2019-05-31,408665.5536015099,12.92065238315601,2018-11-30,6,0.026587477959646222
10662,35810,2019-05-31,102081.9071209695,11.533530781015477,2021-03-31,-22,-0.31235714150383664
10680,78245,2019-05-31,196178.40233473628,12.186779740210827,2018-11-30,6,0.026491840151578572
10681,85338,2019-05-31,281013.750850884,12.546158882530984,2021-05-31,-24,-0.27754198110571693
10682,97124,2019-05-31,408684.9500333325,12.920699844879566,2021-03-31,-22,-0.14001793100447557
10687,20109,2019-05-31,300483.19554759265,12.613147109755099,2019-09-30,-4,-0.005380336127798202
10701,68138,2019-05-31,183606.3359830404,12.12054926628463,2020-02-29,-9,-0.052373728159816224
10712,50061,2019-06-30,410496.0670524431,12.925121626957695,2018-11-30,7,0.03105672176133112
10717,35810,2019-06-30,103243.88769273394,11.544849309969093,2021-03-31,-21,-0.30103861255022046
10719,20136,2019-06-30,474277.5717357365,13.069548023662923,2021-06-30,-24,-0.20304123189256806
10735,78245,2019-06-30,196804.55965497295,12.189966432310415,2018-11-30,7,0.029678532251166345
10736,85338,2019-06-30,282023.85761064355,12.549746947797932,2021-05-31,-23,-0.27395391583876894
10737,97124,2019-06-30,408857.836221338,12.9211227859011,2021-03-31,-21,-0.1395949899829425
10742,20109,2019-06-30,300808.9690140617,12.6142306878143,2019-09-30,-3,-0.004296758068596418
10755,18603,2019-06-30,156660.64667743558,11.961837258816677,2021-06-30,-24,-0.2163640268128475
10756,68138,2019-06-30,185138.6725651621,12.12886040469792,2020-02-29,-8,-0.044062589746527436
10767,50061,2019-07-31,412933.4325851467,12.931041678771006,2018-11-30,8,0.0369767735746418
10772,35810,2019-07-31,104814.03846899125,11.559942996754716,2021-03-31,-20,-0.28594492576459807
10774,20136,2019-07-31,474203.63787661307,13.069392124192225,2021-06-30,-23,-0.20319713136326634
10790,78245,2019-07-31,197318.1411951667,12.192572635047712,2018-11-30,8,0.032284734988463626
10791,85338,2019-07-31,282820.20211788383,12.552566646513531,2021-05-31,-22,-0.2711342171231692
10792,97124,2019-07-31,408934.100394278,12.921309298312744,2021-03-31,-20,-0.1394084775712976
10797,20109,2019-07-31,300808.57286361576,12.614229370863187,2019-09-30,-2,-0.004298075019709913
10810,18603,2019-07-31,158257.62374323528,11.971979514158733,2021-06-30,-23,-0.20622177147079235
10811,68138,2019-07-31,186407.6971607261,12.135691474161783,2020-02-29,-7,-0.03723152028266341
10822,50061,2019-08-31,414285.2697089696,12.934310072784532,2018-11-30,9,0.040245167588167874
10827,35810,2019-08-31,106053.30335934322,11.571697108582136,2021-03-31,-19,-0.27419081393717804
10829,20136,2019-08-31,474456.7905231536,13.069925829709966,2021-06-30,-22,-0.20266342584552532
10845,78245,2019-08-31,197891.6241107179,12.195474806848177,2018-11-30,9,0.035186906788927885
10846,85338,2019-08-31,283694.60082934686,12.555653589348122,2021-05-31,-21,-0.26804727428857866
10847,97124,2019-08-31,409172.4106359654,12.92189188809834,2021-03-31,-19,-0.1388258877857016
10852,20109,2019-08-31,301220.8823996931,12.615599103180887,2019-09-30,-1,-0.002928342702009701
10865,18603,2019-08-31,159961.25213646874,11.98268689074,2021-06-30,-22,-0.19551439488952482
10866,68138,2019-08-31,187393.46232378215,12.140965761965445,2020-02-29,-6,-0.03195723247900162
10877,50061,2019-09-30,415542.317390275,12.937339734999599,2018-11-30,10,0.04327482980323438
10882,35810,2019-09-30,106896.87034224278,11.579619820085439,2021-03-31,-18,-0.2662681024338749
10884,20136,2019-09-30,475249.5253736081,13.071595261662345,2021-06-30,-21,-0.20099399389314598
10896,43207,2019-09-30,127654.11159710748,11.757079632077321,2021-09-30,-24,-0.27377483907175737
10900,78245,2019-09-30,198573.31694147273,12.198913665783545,2018-11-30,10,0.0386257657242961
10901,85338,2019-09-30,284785.7318067968,12.559492358271973,2021-05-31,-20,-0.26420850536472784
10902,97124,2019-09-30,409376.805758076,12.92239129637402,2021-03-31,-18,-0.13832647951002208
10904,43130,2019-09-30,167704.67491644213,12.029959824086093,2021-09-30,-24,-0.23888825609779651
10907,20109,2019-09-30,302104.2531472459,12.618527445882897,2019-09-30,0,0.0
10920,18603,2019-09-30,161660.29041134764,11.993252439719154,2021-06-30,-21,-0.18494884591037142
10921,68138,2019-09-30,188079.13297710332,12.14461807334105,2020-02-29,-5,-0.028304921103396552
10932,50061,2019-10-31,417037.4810163386,12.940931379274932,2018-11-30,11,0.04686647407856803
10937,35810,2019-10-31,107534.1677053002,11.585563915168773,2021-03-31,-17,-0.2603240073505404
10939,20136,2019-10-31,476959.7024641207,13.075187285094445,2021-06-30,-20,-0.1974019704610459
10951,43207,2019-10-31,129387.47651194078,11.770566875159313,2021-09-30,-23,-0.2602875959897659
10955,78245,2019-10-31,199539.89569405685,12.203769473735361,2018-11-30,11,0.04348157367611272
10956,85338,2019-10-31,286274.1609325877,12.564705235293358,2021-05-31,-19,-0.25899562834334233
10957,97124,2019-10-31,410127.37498448486,12.92422306112621,2021-03-31,-17,-0.13649471475783237
10959,43130,2019-10-31,167984.68640331845,12.031628101869567,2021-09-30,-23,-0.2372199783143234
10962,20109,2019-10-31,303472.91505313665,12.623047643499836,2019-09-30,1,0.0045201976169391145
10967,68142,2019-10-31,267932.9829834706,12.498492164727391,2021-10-31,-24,-0.19708701846929344
10975,18603,2019-10-31,163549.12266840966,12.004868668650152,2021-06-30,-20,-0.17333261697937274
10976,68138,2019-10-31,188761.088200705,12.148237410820025,2020-02-29,-4,-0.024685583624421525
10987,50061,2019-11-30,418690.5608672034,12.94488740784866,2018-11-30,12,0.05082250265229504
10992,35810,2019-11-30,108623.10910777324,11.595639454892805,2021-03-31,-16,-0.2502484676265091
10994,20136,2019-11-30,479415.9342590459,13.080323838350466,2021-06-30,-19,-0.1922654172050251
11006,43207,2019-11-30,131070.02903279946,11.783487032119629,2021-09-30,-22,-0.2473674390294498
11010,78245,2019-11-30,200672.19556254143,12.209427987880531,2018-11-30,12,0.04914008782128221
11011,85338,2019-11-30,288234.9977635916,12.571531390856979,2021-05-31,-18,-0.25216947277972146
11012,97124,2019-11-30,411889.8940918329,12.928511345264807,2021-03-31,-16,-0.13220643061923454
11014,43130,2019-11-30,168673.45732461897,12.035719919608947,2021-09-30,-22,-0.23312816057494246
11017,20109,2019-11-30,305422.79502169904,12.629452308868936,2019-09-30,2,0.01092486298603923
11022,68142,2019-11-30,268959.98790576437,12.502317903675772,2021-10-31,-23,-0.19326127952091277
11030,18603,2019-11-30,165410.18928663703,12.01618366358382,2021-06-30,-19,-0.16201762204570436
11031,68138,2019-11-30,189476.549609516,12.15202054708466,2020-02-29,-3,-0.02090244735978608
11042,50061,2019-12-31,419481.6204177066,12.94677499086094,2018-11-30,13,0.052710085664575246
11047,35810,2019-12-31,110083.92763513308,11.608998332355634,2021-03-31,-15,-0.2368895901636794
11049,20136,2019-12-31,482571.8266576089,13.086885052221186,2021-06-30,-18,-0.18570420333430526
11061,43207,2019-12-31,132840.47319171793,11.796904237602059,2021-09-30,-21,-0.23395023354702005
11065,78245,2019-12-31,201889.74968409693,12.215477033740688,2018-11-30,13,0.05518913368143963
11066,85338,2019-12-31,290364.34526470734,12.578891776380848,2021-05-31,-17,-0.24480908725585238
11067,97124,2019-12-31,414342.05221051694,12.934447124750198,2021-03-31,-15,-0.12627065113384361
11069,43130,2019-12-31,169639.29285869654,12.041429655097739,2021-09-30,-21,-0.2274184250861513
11072,20109,2019-12-31,307842.89344085363,12.63734484558648,2019-09-30,3,0.018817399703582538
11077,68142,2019-12-31,270420.5890960361,12.50773376335885,2021-10-31,-22,-0.18784541983783498
11085,18603,2019-12-31,166996.75213273996,12.025729642902824,2021-06-30,-18,-0.15247164272670055
11086,68138,2019-12-31,190511.90117853557,12.157469944975652,2020-02-29,-2,-0.015453049468794333
11097,50061,2020-01-31,418704.1441361934,12.9449198495847,2018-11-30,14,0.05085494438833571
11102,35810,2020-01-31,111214.15917897515,11.619212983438928,2021-03-31,-14,-0.22667493908038594
11104,20136,2020-01-31,485634.1518907179,13.093210845518685,2021-06-30,-17,-0.1793784100368061
11116,43207,2020-01-31,134676.3072714583,11.810629454362275,2021-09-30,-20,-0.22022501678680406
11120,78245,2020-01-31,202989.3676543242,12.220908880565176,2018-11-30,14,0.060620980505927236
11121,85338,2020-01-31,292805.06759416853,12.587262368276656,2021-05-31,-16,-0.23643849536004424
11122,97124,2020-01-31,417922.592881154,12.943051509863281,2021-03-31,-14,-0.1176662660207608
11123,78251,2020-01-31,200697.9591568119,12.209556366106979,2022-01-31,-24,-0.2565627757989528
11124,43130,2020-01-31,170731.38709240928,12.047846764711919,2021-09-30,-20,-0.22100131547197144
11127,20109,2020-01-31,310448.599986844,12.645773627157629,2019-09-30,4,0.027246181274731995
11132,68142,2020-01-31,272306.558767431,12.514683764921283,2021-10-31,-21,-0.18089541827540145
11140,18603,2020-01-31,167872.35751744895,12.03095919292696,2021-06-30,-17,-0.14724209270256416
11141,68138,2020-01-31,191894.4790645174,12.164700911725326,2020-02-29,-1,-0.008222082719120394
11152,50061,2020-02-29,418125.5219529364,12.943536958181786,2018-11-30,15,0.04947205298542201
11157,35810,2020-02-29,112189.50480559171,11.627944727638473,2021-03-31,-13,-0.21794319488084035
11159,20136,2020-02-29,488345.28282044735,13.098777981405293,2021-06-30,-16,-0.17381127415019826
11171,43207,2020-02-29,136360.10664840273,11.823054508360677,2021-09-30,-19,-0.20779996278840152
11175,78245,2020-02-29,203933.68553775817,12.225550149086015,2018-11-30,15,0.06526224902676603
11176,85338,2020-02-29,295553.1863115703,12.596604087150485,2021-05-31,-15,-0.2270967764862153
11177,97124,2020-02-29,421569.5058097202,12.951739943920034,2021-03-31,-13,-0.10897783196400823
11178,78251,2020-02-29,201614.69010829015,12.214113680125282,2022-01-31,-23,-0.25200546178064975
11179,43130,2020-02-29,171939.89063930872,12.054900221688387,2021-09-30,-19,-0.21394785849550324
11183,20109,2020-02-29,313037.02298178297,12.654076746814102,2019-09-30,5,0.0355493009312049
11187,68142,2020-02-29,274288.7716367947,12.521936741479008,2021-10-31,-20,-0.17364244171767673
11195,18603,2020-02-29,168720.65669388042,12.035999707356321,2021-06-30,-16,-0.14220157827320357
11196,68138,2020-02-29,193478.75544535907,12.172922994444447,2020-02-29,0,0.0
11207,50061,2020-03-31,418719.6391276962,12.944956855917251,2018-11-30,16,0.050891950720886925
11211,35810,2020-03-31,113047.04648451018,11.635559351619678,2021-03-31,-12,-0.21032857089963564
11214,20136,2020-03-31,490803.64811543206,13.103799424789297,2021-06-30,-15,-0.16878983076619392
11220,43054,2020-03-31,379132.7827785172,12.84564177304531,2022-03-31,-24,-0.2331718331347421
11222,76504,2020-03-31,137381.5655283671,11.830517483309052,2022-03-31,-24,-0.35141856899072543
11226,43207,2020-03-31,138097.74007554413,11.835716974857577,2021-09-30,-18,-0.19513749629150112
11230,78245,2020-03-31,204730.39478500784,12.22944924516503,2018-11-30,16,0.06916134510578154
11231,85338,2020-03-31,298684.8704047113,12.607144351447355,2021-05-31,-14,-0.2165565121893458
11232,97124,2020-03-31,425066.0771763725,12.95999991153057,2021-03-31,-12,-0.10071786435347185
11233,78251,2020-03-31,202464.23468579425,12.218318531094203,2022-01-31,-22,-0.2478006108117281
11234,43130,2020-03-31,173111.24540488468,12.061689703842653,2021-09-30,-18,-0.20715837634123702
11238,20109,2020-03-31,315412.39984517504,12.661636267402749,2019-09-30,6,0.043108821519851404
11242,68142,2020-03-31,276246.7391504489,12.529049727764157,2021-10-31,-19,-0.16652945543252784
11250,18603,2020-03-31,169432.32882414685,12.04020888610961,2021-06-30,-15,-0.1379923995199146
11251,68138,2020-03-31,195001.99402067196,12.180765063240637,2020-02-29,1,0.007842068796190205
11254,23150,2020-03-31,205648.20593865015,12.233922249762749,2022-03-31,-24,-0.238263555399989
11262,50061,2020-04-30,420088.7195801958,12.948221205047842,2018-11-30,17,0.05415629985147774
11267,35810,2020-04-30,114811.75269069835,11.65104913298212,2021-03-31,-11,-0.1948387895371937
11269,20136,2020-04-30,493385.5493751452,13.109046194799175,2021-06-30,-14,-0.1635430607563162
11275,43054,2020-04-30,381124.4312227888,12.85088119192549,2022-03-31,-23,-0.22793241425456223
11277,76504,2020-04-30,138148.33151059513,11.83608325290328,2022-03-31,-23,-0.34585279939649816
11281,43207,2020-04-30,139708.8488192421,11.847315884822754,2021-09-30,-17,-0.1835385863263248
11285,78245,2020-04-30,205378.4229684301,12.232609522119388,2018-11-30,17,0.07232162206013903
11286,85338,2020-04-30,301556.3901068619,12.616712309524655,2021-05-31,-13,-0.20698855411204597
11287,97124,2020-04-30,427285.40483194235,12.965207464325013,2021-03-31,-11,-0.09551031155902834
11288,78251,2020-04-30,203277.4755026891,12.222327199098991,2022-01-31,-21,-0.24379194280693994
11289,43130,2020-04-30,174232.76107228213,12.068147391575332,2021-09-30,-17,-0.20070068860855805
11293,20109,2020-04-30,317385.00393933576,12.667870839390352,2019-09-30,7,0.049343393507454536
11297,68142,2020-04-30,277529.4308502739,12.533682263663072,2021-10-31,-18,-0.1618969195336124
11305,18603,2020-04-30,171126.2546085888,12.050156894096899,2021-06-30,-14,-0.12804439153262592
11306,68138,2020-04-30,196371.7824994647,12.187764990952479,2020-02-29,2,0.014841996508032196
11309,23150,2020-04-30,206558.5567688143,12.23833921907317,2022-03-31,-23,-0.23384658608956777
11317,50061,2020-05-31,421916.926381987,12.95256371672456,2018-11-30,18,0.058498811528195915
11321,35810,2020-05-31,116724.2190063534,11.66756932893094,2021-03-31,-10,-0.17831859358837399
11324,20136,2020-05-31,495225.0603384393,13.11276760557133,2021-06-30,-13,-0.1598216499841616
11329,43054,2020-05-31,382736.98166042945,12.85510330029728,2022-03-31,-22,-0.22371030588277208
11332,76504,2020-05-31,138821.03406036444,11.840940857795124,2022-03-31,-22,-0.34099519450465365
11336,43207,2020-05-31,140804.85111432255,11.855130176049506,2021-09-30,-16,-0.1757242950995721
11340,78245,2020-05-31,205741.74690419596,12.234377005483017,2018-11-30,18,0.07408910542376823
11341,85338,2020-05-31,303425.100055337,12.622890071727616,2021-05-31,-12,-0.20081079190908468
11342,97124,2020-05-31,427658.963883922,12.966081343584113,2021-03-31,-10,-0.09463643229992869
11343,78251,2020-05-31,203810.8436942584,12.224947605883546,2022-01-31,-20,-0.24117153602238517
11344,43130,2020-05-31,174999.42414328922,12.072537962290461,2021-09-30,-16,-0.19631011789342878
11348,20109,2020-05-31,318050.0819010551,12.669964139616916,2019-09-30,8,0.05143669373401849
11352,68142,2020-05-31,278264.83433550404,12.53632858069246,2021-10-31,-17,-0.1592506025042244
11360,18603,2020-05-31,172248.6692647003,12.056694463242,2021-06-30,-13,-0.1215068223875253
11361,68138,2020-05-31,197309.6641282957,12.192529672708222,2020-02-29,3,0.01960667826377538
11365,23150,2020-05-31,207278.88962003056,12.241820458313262,2022-03-31,-22,-0.23036534684947618
11372,50061,2020-06-30,423807.2133019457,12.95703394520463,2018-11-30,19,0.06296904000826586
11376,35810,2020-06-30,118523.74102649125,11.682868565705816,2021-03-31,-9,-0.1630193568134981
11379,20136,2020-06-30,496223.4795836103,13.114781667910364,2021-06-30,-12,-0.15780758764512726
11384,43054,2020-06-30,383666.8214051283,12.857529802350673,2022-03-31,-21,-0.22128380382937962
11387,76504,2020-06-30,139561.85094786133,11.846263157951807,2022-03-31,-21,-0.33567289434797054
11391,43207,2020-06-30,141285.86027065583,11.858540494809457,2021-09-30,-15,-0.17231397633962153
11395,78245,2020-06-30,205997.8897598464,12.235621203835008,2018-11-30,19,0.07533330377575886
11396,85338,2020-06-30,304698.53117385454,12.627078144397215,2021-05-31,-11,-0.19662271923948538
11397,97124,2020-06-30,427080.61279401864,12.964728063137184,2021-03-31,-9,-0.0959897127468583
11398,78251,2020-06-30,204237.6930180674,12.227039756405368,2022-01-31,-19,-0.2390793855005633
11399,43130,2020-06-30,175622.58891485748,12.076092590377232,2021-09-30,-15,-0.19275548980665747
11403,20109,2020-06-30,318092.58913876937,12.67009778019697,2019-09-30,9,0.05157033431407321
11407,68142,2020-06-30,278864.72621815646,12.538482090959963,2021-10-31,-16,-0.15709709223672164
11415,18603,2020-06-30,172615.19045246622,12.058820063332814,2021-06-30,-12,-0.11938122229671144
11416,68138,2020-06-30,198127.0950313422,12.19666399784846,2020-02-29,4,0.023741003404014194
11420,23150,2020-06-30,207998.52973862705,12.24528629009418,2022-03-31,-21,-0.226899515068558
11427,50061,2020-07-31,426874.5044593813,12.964245348450017,2018-11-30,20,0.07018044325365302
11431,35810,2020-07-31,119527.28942060348,11.691299987635091,2021-03-31,-8,-0.15458793488422273
11434,20136,2020-07-31,496991.0772657129,13.116327351729906,2021-06-30,-11,-0.1562619038255857
11439,43054,2020-07-31,384715.97664248344,12.860260618011862,2022-03-31,-20,-0.2185529881681898
11442,76504,2020-07-31,140966.25341073575,11.856275803202,2022-03-31,-20,-0.325660249097778
11446,43207,2020-07-31,141844.39455880455,11.862485922775225,2021-09-30,-14,-0.16836854837385395
11450,78245,2020-07-31,206567.83185827135,12.23838412101947,2018-11-30,20,0.07809622096022117
11451,85338,2020-07-31,306160.7823876939,12.631865675582645,2021-05-31,-10,-0.1918351880540552
11452,97124,2020-07-31,426513.8082955524,12.963400021229297,2021-03-31,-8,-0.09731775465474435
11453,78251,2020-07-31,205039.04219263225,12.230955689707457,2022-01-31,-18,-0.23516345219847423
11454,43130,2020-07-31,176412.06037072875,12.08057778966632,2021-09-30,-14,-0.18827029051757016
11458,20109,2020-07-31,318176.12939291616,12.670360374450604,2019-09-30,10,0.05183292856770727
11461,68142,2020-07-31,279979.5898095358,12.542471985957151,2021-10-31,-15,-0.15310719723953348
11470,18603,2020-07-31,172461.04254829275,12.057926649648039,2021-06-30,-11,-0.12027463598148636
11471,68138,2020-07-31,199171.77735221153,12.201922934136304,2020-02-29,5,0.028999939691857435
11475,23150,2020-07-31,209312.0381093008,12.251581422830277,2022-03-31,-20,-0.2206043823324606
11482,50061,2020-08-31,430310.9112891254,12.972263275904977,2018-11-30,21,0.07819837070861269
11486,35810,2020-08-31,120406.91772877886,11.698632266425406,2021-03-31,-7,-0.14725565609390756
11489,20136,2020-08-31,499488.76803730265,13.121340390406116,2021-06-30,-10,-0.15124886514937508
11494,43054,2020-08-31,386846.452720637,12.865783130284886,2022-03-31,-19,-0.21303047589516666
11497,76504,2020-08-31,142889.41886125947,11.86982631541898,2022-03-31,-19,-0.3121097368807977
11501,43207,2020-08-31,143399.45957070062,11.87338943845646,2021-09-30,-13,-0.15746503269261858
11505,78245,2020-08-31,207666.25577500495,12.243687530487989,2018-11-30,21,0.08339963042874032
11506,85338,2020-08-31,308581.17457957,12.639740214391905,2021-05-31,-9,-0.1839606492447956
11507,97124,2020-08-31,427801.0246736314,12.966413470844104,2021-03-31,-7,-0.09430430503993747
11508,78251,2020-08-31,206364.4657078761,12.237399135499878,2022-01-31,-17,-0.2287200064060535
11509,43130,2020-08-31,177852.96513084252,12.088712449325577,2021-09-30,-13,-0.18013563085831308
11513,20109,2020-08-31,319701.9020025576,12.67514428436573,2019-09-30,11,0.05661683848283339
11515,51503,2020-08-31,215946.43254723548,12.282785658443343,2022-08-31,-24,-0.20453235922441593
11516,68142,2020-08-31,282070.653600948,12.549912863223385,2021-10-31,-14,-0.1456663199732997
11525,18603,2020-08-31,173050.60890984672,12.061339367750433,2021-06-30,-10,-0.11686191787909195
11526,68138,2020-08-31,200813.72348872293,12.210133008531708,2020-02-29,6,0.0372100140872611
11530,23150,2020-08-31,211375.13651621927,12.261389732049137,2022-03-31,-19,-0.2107960731136007
11537,50061,2020-09-30,435535.66300098185,12.984331961706024,2018-11-30,22,0.09026705650965994
11542,35810,2020-09-30,121818.3146126584,11.710285989232041,2021-03-31,-6,-0.13560193328727266
11543,83634,2020-09-30,331128.69227247854,12.710262377202964,2022-09-30,-24,-0.4197081618573755
11544,20136,2020-09-30,504421.9033415487,13.131168306677166,2021-06-30,-9,-0.14142094887832535
11550,43054,2020-09-30,390371.4141703829,12.874853908940587,2022-03-31,-18,-0.2039596972394655
11552,76504,2020-09-30,145447.41408706995,11.887569885058326,2022-03-31,-18,-0.29436616724145104
11556,43207,2020-09-30,145994.80764318552,11.891326335970286,2021-09-30,-12,-0.13952813517879292
11560,78245,2020-09-30,209449.00557910063,12.252235578591652,2018-11-30,22,0.09194767853240293
11561,85338,2020-09-30,312550.78069898085,12.652522233193924,2021-05-31,-8,-0.17117863044277648
11562,97124,2020-09-30,430870.01740583224,12.973561739855192,2021-03-31,-6,-0.08715603602884947
11563,78251,2020-09-30,208431.3932152949,12.247365216745262,2022-01-31,-16,-0.21875392516066938
11564,43130,2020-09-30,180278.3658556972,12.102257412284343,2021-09-30,-12,-0.16659066789954657
11568,20109,2020-09-30,322536.9264702243,12.683972909346128,2019-09-30,12,0.06544546346323088
11570,51503,2020-09-30,218696.94593902584,12.295442241953845,2022-08-31,-23,-0.191875775713914
11572,68142,2020-09-30,284870.4531238428,12.559789805468762,2021-10-31,-13,-0.13578937772792266
11580,18603,2020-09-30,175220.74526776755,12.073801859537229,2021-06-30,-9,-0.10439942609229647
11581,68138,2020-09-30,203135.1453112044,12.221626776966339,2020-02-29,7,0.048703782521892336
11584,23150,2020-09-30,214028.24192193628,12.273863256894336,2022-03-31,-18,-0.19832254826840234
11592,50061,2020-10-31,440857.51560623554,12.996477008359504,2018-11-30,23,0.10241210316313953
11597,35810,2020-10-31,123824.29283787332,11.726618846459903,2021-03-31,-5,-0.1192690760594104
11598,83634,2020-10-31,338155.24849297066,12.73126038408024,2022-09-30,-23,-0.3987101549800993
11599,20136,2020-10-31,511441.41479707864,13.14498832173797,2021-06-30,-8,-0.12760093381752213
11605,43054,2020-10-31,394799.5849199707,12.886133535173055,2022-03-31,-17,-0.1926800710069969
11607,76504,2020-10-31,147862.70888515757,11.904039479551667,2022-03-31,-17,-0.2778965727481104
11611,43207,2020-10-31,149052.1131041937,11.91205127615563,2021-09-30,-11,-0.11880319499344871
11615,78245,2020-10-31,211802.9335074532,12.263411562419218,2018-11-30,23,0.10312366235996961
11616,85338,2020-10-31,317763.1587415447,12.669061600441427,2021-05-31,-7,-0.1546392631952731
11617,97124,2020-10-31,435515.89227763686,12.984286566635598,2021-03-31,-5,-0.07643120924844382
11618,78251,2020-10-31,210914.49969060117,12.259208115600039,2022-01-31,-15,-0.20691102630589242
11619,43130,2020-10-31,183346.48363994152,12.119132994913281,2021-09-30,-11,-0.14971508527060884
11623,20109,2020-10-31,326472.8159176419,12.696101965174638,2019-09-30,13,0.07757451929174053
11625,51503,2020-10-31,221036.45315696127,12.306082913309316,2022-08-31,-22,-0.1812351043584428
11627,68142,2020-10-31,287654.5557030723,12.569515579826627,2021-10-31,-12,-0.12606360337005817
11635,18603,2020-10-31,177280.4196478231,12.08548804968527,2021-06-30,-8,-0.09271323594425418
11636,68138,2020-10-31,205760.81481515407,12.234469680050543,2020-02-29,8,0.06154668560609622
11639,23150,2020-10-31,217039.6312457168,12.287835248316059,2022-03-31,-17,-0.18435055684667923
11647,50061,2020-11-30,446500.9889357195,13.009196894157872,2018-11-30,24,0.11513198896150811
11652,35810,2020-11-30,126252.5250103731,11.74603934701977,2021-03-31,-4,-0.09984857549954285
11653,83634,2020-11-30,347577.4338543688,12.758742750399385,2022-09-30,-22,-0.3712277886609545
11654,20136,2020-11-30,519287.6585154521,13.160213263933697,2021-06-30,-7,-0.11237599162179457
11660,43054,2020-11-30,399588.43277045543,12.89819037831668,2022-03-31,-16,-0.18062322786337148
11662,76504,2020-11-30,150165.20434131776,11.919491329299364,2022-03-31,-16,-0.26244472300041366
11666,43207,2020-11-30,152221.77943031906,11.93309381161194,2021-09-30,-10,-0.09776065953713875
11670,78245,2020-11-30,214656.74827979773,12.276795511685421,2018-11-30,24,0.11650761162617229
11671,85338,2020-11-30,323913.12593288603,12.688230628984464,2021-05-31,-6,-0.13547023465223695
11672,97124,2020-11-30,441342.37523986027,12.997576214304722,2021-03-31,-4,-0.06314156157931983
11673,78251,2020-11-30,213883.69269512245,12.273187654179766,2022-01-31,-14,-0.19293148772616497
11674,43130,2020-11-30,186726.45529441288,12.137400018979408,2021-09-30,-10,-0.13144806120448216
11678,20109,2020-11-30,330924.34685343294,12.709645068880343,2019-09-30,14,0.09111762299744619
11680,51503,2020-11-30,223092.90695368664,12.315343586789648,2022-08-31,-21,-0.1719744308781106
11681,68142,2020-11-30,290504.74777342257,12.579375198594672,2021-10-31,-11,-0.11620398460201287
11690,18603,2020-11-30,178842.69188931803,12.094261882176697,2021-06-30,-7,-0.08393940345282758
11691,68138,2020-11-30,208617.9899568672,12.248260059234198,2020-02-29,9,0.07533706478975155
11695,23150,2020-11-30,220318.18921045752,12.302828095021923,2022-03-31,-16,-0.16935771014081524
11706,35810,2020-12-31,128948.1515653546,11.767165676700001,2021-03-31,-3,-0.07872224581931242
11708,83634,2020-12-31,359378.22827376734,12.792130673516061,2022-09-30,-21,-0.3378398655442787
11709,20136,2020-12-31,526827.9602260023,13.174629323042655,2021-06-30,-6,-0.09795993251283619
11714,43054,2020-12-31,404335.8303169904,12.91000107479628,2022-03-31,-15,-0.1688125313837716
11717,76504,2020-12-31,152008.90295330936,11.931694370174384,2022-03-31,-15,-0.25024168212539344
11721,43207,2020-12-31,155187.0211025839,11.95238625631799,2021-09-30,-9,-0.0784682148310889
11726,85338,2020-12-31,330205.1774831502,12.707469490185183,2021-05-31,-5,-0.11623137345151768
11727,97124,2020-12-31,447704.01614525093,13.011887614805866,2021-03-31,-3,-0.048830161078175394
11728,78251,2020-12-31,216766.74619264793,12.28657715206273,2022-01-31,-13,-0.17954198984320158
11729,43130,2020-12-31,189840.45370214304,12.153939281025368,2021-09-30,-9,-0.11490879915852226
11733,20109,2020-12-31,335273.8019384712,12.722702796203048,2019-09-30,15,0.10417535032015124
11735,51503,2020-12-31,224306.97558653043,12.320770819385093,2022-08-31,-20,-0.1665471982826663
11736,68142,2020-12-31,293443.42493379844,12.589440139648557,2021-10-31,-10,-0.10613904354812753
11745,18603,2020-12-31,179481.6693547844,12.097828361109649,2021-06-30,-6,-0.08037292451987632
11746,68138,2020-12-31,211364.50075943788,12.261339413811406,2020-02-29,10,0.08841641936695943
11750,23150,2020-12-31,223587.5707902282,12.3175584319123,2022-03-31,-15,-0.15462737325043818
11761,35810,2021-01-31,132093.30425513504,11.791263802285101,2021-03-31,-2,-0.05462412023421237
11763,83634,2021-01-31,372996.61131201993,12.829324613630314,2022-09-30,-20,-0.30064592543002533
11764,20136,2021-01-31,534071.3879793268,13.188284794361786,2021-06-30,-5,-0.08430446119370494
11769,43054,2021-01-31,409153.8944391045,12.921846634275386,2022-03-31,-14,-0.1569669719046658
11772,76504,2021-01-31,154207.7130748163,11.946055758800854,2022-03-31,-14,-0.2358802934989228
11776,43207,2021-01-31,158059.89978729168,11.970729352741884,2021-09-30,-8,-0.06012511840719448
11781,85338,2021-01-31,336491.7246526975,12.726328835350547,2021-05-31,-4,-0.09737202828615388
11782,97124,2021-01-31,454617.2607508763,13.027211158775408,2021-03-31,-2,-0.03350661710863356
11783,78251,2021-01-31,219539.74465732265,12.299288564160202,2022-01-31,-12,-0.1668305777457295
11784,43130,2021-01-31,192712.1609067952,12.1689529603863,2021-09-30,-8,-0.09989511979759058
11788,20109,2021-01-31,339336.2194914328,12.734746692765828,2019-09-30,16,0.11621924688293106
11790,51503,2021-01-31,225974.9549888572,12.328179453480208,2022-08-31,-19,-0.15913856418755046
11791,68142,2021-01-31,297162.9873759217,12.602036046304192,2021-10-31,-9,-0.09354313689249238
11800,18603,2021-01-31,180351.4743296154,12.102662861122864,2021-06-30,-5,-0.07553842450666082
11801,68138,2021-01-31,213998.31179453843,12.273723405162304,2020-02-29,11,0.1008004107178575
11805,23150,2021-01-31,226727.32347080705,12.331503356232416,2022-03-31,-14,-0.14068244893032222
11816,35810,2021-02-28,135737.2820312838,11.818476546713267,2021-03-31,-1,-0.02741137580604658
11817,83634,2021-02-28,388269.4443127148,12.869454821695612,2022-09-30,-19,-0.26051571736472745
11819,20136,2021-02-28,541873.6135754307,13.202788067944685,2021-06-30,-4,-0.06980118761080689
11824,43054,2021-02-28,414271.39603867725,12.934276584018182,2022-03-31,-13,-0.14453702216187025
11827,76504,2021-02-28,156524.9150961681,11.960970478183516,2022-03-31,-13,-0.22096557411626172
11833,43207,2021-02-28,161090.44937361497,11.989721283569192,2021-09-30,-7,-0.041133187579886155
11836,97124,2021-02-28,462039.5445273129,13.043405760615864,2021-03-31,-1,-0.01731201526817827
11837,78251,2021-02-28,222165.66656282457,12.311178628329971,2022-01-31,-11,-0.15494051357596028
11838,43130,2021-02-28,195607.2712580416,12.18386421001278,2021-09-30,-7,-0.08498387017110964
11840,85338,2021-02-28,343030.0102368237,12.74557321572257,2021-05-31,-3,-0.07812764791412974
11843,20109,2021-02-28,343510.14194276516,12.746971915515127,2019-09-30,17,0.12844446963223
11845,51503,2021-02-28,227951.73347901745,12.336889190258505,2022-08-31,-18,-0.15042882740925378
11847,68142,2021-02-28,301186.88458154997,12.615486230073857,2021-10-31,-8,-0.08009295312282738
11853,18603,2021-02-28,181948.14700181736,12.11147701888192,2021-06-30,-4,-0.06672426674760423
11858,68138,2021-02-28,216786.9210506,12.286670219470485,2020-02-29,12,0.11374722502603873
11860,23150,2021-02-28,229650.4459269624,12.344313631519798,2022-03-31,-13,-0.12787217364294
11871,35810,2021-03-31,139509.4922204004,11.845887922519314,2021-03-31,0,0.0
11872,83634,2021-03-31,405225.39472863934,12.912198721477353,2022-09-30,-18,-0.21777181758298703
11874,20136,2021-03-31,550603.2152446881,13.218769711202631,2021-06-30,-3,-0.053819544352860405
11875,30214,2021-03-31,316206.0369764838,12.664149295847498,2023-03-31,-24,-0.22246865380266634
11879,43054,2021-03-31,420058.0529992995,12.948148202134753,2022-03-31,-12,-0.13066540404529903
11882,76504,2021-03-31,159375.3714848236,11.979017525777278,2022-03-31,-12,-0.20291852652249887
11885,75154,2021-03-31,287121.15610486065,12.567659552369737,2023-03-31,-24,-0.23858062227115973
11888,43207,2021-03-31,164464.79015161967,12.010451784645893,2021-09-30,-6,-0.020402686503185663
11891,97124,2021-03-31,470108.0194440433,13.060717775884042,2021-03-31,0,0.0
11892,78251,2021-03-31,225109.5407142986,12.324342410333811,2022-01-31,-10,-0.14177673157212034
11893,43130,2021-03-31,198862.9502287016,12.200371174131055,2021-09-30,-6,-0.06847690605283496
11895,85338,2021-03-31,350678.2705120665,12.76762447387807,2021-05-31,-2,-0.05607638975862983
11898,20109,2021-03-31,348139.5802497062,12.760358771012017,2019-09-30,18,0.1418313251291199
11900,51503,2021-03-31,230464.1957288444,12.347850796289828,2022-08-31,-17,-0.13946722137793088
11902,68142,2021-03-31,305033.0486713999,12.6281754060191,2021-10-31,-7,-0.06740377717758506
11908,18603,2021-03-31,184632.29198277552,12.126121515236669,2021-06-30,-3,-0.05207977039285616
11913,68138,2021-03-31,220148.44898367728,12.302057365888482,2020-02-29,13,0.12913437144403517
11915,23150,2021-03-31,232510.7049369417,12.356691545689149,2022-03-31,-12,-0.11549425947358927
11926,35810,2021-04-30,142892.89434573802,11.869850638019212,2021-03-31,1,0.02396271549989848
11927,83634,2021-04-30,423174.14641093306,12.955539066948708,2022-09-30,-17,-0.1744314721116318
11929,20136,2021-04-30,560635.194319182,13.236825695476798,2021-06-30,-2,-0.03576356007869386
11930,30214,2021-04-30,320279.67037957703,12.676949863022736,2023-03-31,-23,-0.20966808662742764
11932,97058,2021-04-30,326282.9598377307,12.695520258838771,2023-04-30,-24,-0.1324914838373843
11934,43054,2021-04-30,426658.5814776098,12.963739397386291,2022-03-31,-11,-0.11507420879376085
11937,76504,2021-04-30,162021.29862243767,11.995483078550716,2022-03-31,-11,-0.186452973749061
11940,75154,2021-04-30,291900.87911726604,12.584169568544645,2023-03-31,-23,-0.22207060609625096
11943,43207,2021-04-30,167607.35938996304,12.029379376507391,2021-09-30,-5,-0.001475094641687491
11946,97124,2021-04-30,477901.72550198896,13.077160395151882,2021-03-31,1,0.016442619267840186
11947,78251,2021-04-30,228331.51856754904,12.338553880665321,2022-01-31,-9,-0.12756526124061018
11948,43130,2021-04-30,202273.3341000752,12.217375200824923,2021-09-30,-5,-0.051472879358966495
11950,85338,2021-04-30,359669.89236043696,12.792941924096644,2021-05-31,-1,-0.03075893954005693
11953,20109,2021-04-30,353269.5535222168,12.774986652227062,2019-09-30,19,0.15645920634416477
11955,51503,2021-04-30,233337.92778521092,12.360243015671623,2022-08-31,-16,-0.1270750019961362
11957,68142,2021-04-30,309021.73490308697,12.641166892898367,2021-10-31,-6,-0.054412290298317956
11963,18603,2021-04-30,187608.30546022695,12.142111586750328,2021-06-30,-2,-0.036089698879196774
11968,68138,2021-04-30,223848.399204698,12.318724312447197,2020-02-29,14,0.14580131800274998
11970,23150,2021-04-30,235330.4115708704,12.368745812308967,2022-03-31,-11,-0.10343999285377059
11981,35810,2021-05-31,146229.4447758049,11.892932206674725,2021-03-31,2,0.04704428415541173
11982,83634,2021-05-31,440937.3475590479,12.99665807530912,2022-09-30,-16,-0.13331246375121886
11984,20136,2021-05-31,570993.2170660963,13.255132609523976,2021-06-30,-1,-0.017456646031515533
11985,30214,2021-05-31,325068.0600206193,12.69178985483558,2023-03-31,-22,-0.19482809481458396
11987,97058,2021-05-31,332459.62999720115,12.714273718164574,2023-04-30,-23,-0.11373802451158177
11989,43054,2021-05-31,433630.623038369,12.979948351702228,2022-03-31,-10,-0.09886525447782368
11992,76504,2021-05-31,165060.61424781094,12.014068044500535,2022-03-31,-10,-0.1678680077992425
11995,75154,2021-05-31,297312.70505976834,12.602539742885623,2023-03-31,-22,-0.20370043175527286
11998,43207,2021-05-31,170135.6665286244,12.044351436172738,2021-09-30,-4,0.013496965023659158
12001,97124,2021-05-31,485115.6282152057,13.09214255019593,2021-03-31,2,0.031424774311888726
12002,78251,2021-05-31,232017.4205763148,12.354567736520444,2022-01-31,-8,-0.11155140538548736
12003,43130,2021-05-31,205869.80387740768,12.234999227950293,2021-09-30,-4,-0.03384885223359646
12005,85338,2021-05-31,370904.8588808062,12.8237008636367,2021-05-31,0,0.0
12008,20109,2021-05-31,358307.4907351872,12.789146809396552,2019-09-30,20,0.17061936351365503
12010,51503,2021-05-31,236512.89326195317,12.373758002391991,2022-08-31,-15,-0.11356001527576787
12012,68142,2021-05-31,313350.6383668622,12.655078092883432,2021-10-31,-5,-0.040501090313252774
12018,18603,2021-05-31,190970.17709118733,12.159872553953674,2021-06-30,-1,-0.018328731675850918
12023,68138,2021-05-31,227537.521297674,12.33507043255487,2020-02-29,15,0.16214743811042354
12025,23150,2021-05-31,238357.83469349745,12.381528330633957,2022-03-31,-10,-0.09065747452878092
12035,53403,2021-06-30,155418.50792235625,11.95387680842347,2023-06-30,-24,-0.1418701669470277
12036,35810,2021-06-30,149844.66903341023,11.917354496759375,2021-03-31,3,0.07146657424006087
12037,83634,2021-06-30,456572.52543365746,13.031502839199215,2022-09-30,-15,-0.09846769986112491
12039,20136,2021-06-30,581048.352670078,13.272589255555491,2021-06-30,0,0.0
12040,30214,2021-06-30,330672.6599534067,12.70888422229374,2023-03-31,-21,-0.1777337273564239
12042,97058,2021-06-30,337701.1432182085,12.729916591675032,2023-04-30,-22,-0.09809515100112343
12044,43054,2021-06-30,440146.8121595744,12.994863614240025,2022-03-31,-9,-0.0839499919400275
12047,76504,2021-06-30,168344.7877685925,12.033769463424408,2022-03-31,-9,-0.1481665888753696
12050,75154,2021-06-30,302914.5911646188,12.621206167412128,2023-03-31,-21,-0.18503400722876862
12053,43207,2021-06-30,172019.65872828325,12.0553640441963,2021-09-30,-3,0.024509573047222233
12056,97124,2021-06-30,491327.30883739894,13.104865801463168,2021-03-31,3,0.04414802557912623
12057,78251,2021-06-30,236001.01344717215,12.371591378266205,2022-01-31,-7,-0.09452776363972681
12058,43130,2021-06-30,209626.05887092225,12.253080550375351,2021-09-30,-3,-0.015767529808538683
12060,85338,2021-06-30,383563.8013500141,12.857261251923518,2021-05-31,1,0.0335603882868174
12063,20109,2021-06-30,362638.8706179527,12.801162771275976,2019-09-30,21,0.18263532539307903
12065,51503,2021-06-30,239440.281724098,12.386059319121687,2022-08-31,-14,-0.10125869854607217
12067,68142,2021-06-30,317493.26442113396,12.66821188266823,2021-10-31,-4,-0.027367300528455374
12073,18603,2021-06-30,194502.6925966762,12.178201285629525,2021-06-30,0,0.0
12078,68138,2021-06-30,230598.9176519745,12.348435193189317,2020-02-29,16,0.17551219874487067
12080,23150,2021-06-30,241762.8490698449,12.395712562140325,2022-03-31,-9,-0.07647324302241287
12090,53403,2021-07-31,157537.61826988458,11.96741955488662,2023-06-30,-23,-0.12832742048387757
12091,35810,2021-07-31,153431.05759298394,11.941006608915455,2021-03-31,4,0.09511868639614107
12092,83634,2021-07-31,468589.0364733965,13.05748140843855,2022-09-30,-14,-0.07248913062178985
12094,20136,2021-07-31,588397.5721943843,13.285158141586672,2021-06-30,1,0.012568886031180782
12095,30214,2021-07-31,336551.65303533623,12.726506917134824,2023-03-31,-20,-0.1601110325153403
12097,97058,2021-07-31,342046.3528168755,12.742701541413032,2023-04-30,-21,-0.08531020126312328
12099,43054,2021-07-31,445183.45157623664,13.006241726929506,2022-03-31,-8,-0.07257187925054609
12102,76504,2021-07-31,171713.5837337981,12.053583156940897,2022-03-31,-8,-0.12835289535887995
12105,75154,2021-07-31,308369.94204253977,12.63905545172727,2023-03-31,-20,-0.16718472291362652
12108,43207,2021-07-31,172148.9763016286,12.056115522200216,2021-09-30,-2,0.025261051051137073
12111,97124,2021-07-31,497156.0062255195,13.116659151649772,2021-03-31,4,0.05594137576573033
12112,78251,2021-07-31,239971.73999475784,12.388276445369208,2022-01-31,-6,-0.07784269653672382
12113,43130,2021-07-31,212594.11290606143,12.26714005356614,2021-09-30,-2,-0.001708026617750491
12115,85338,2021-07-31,396455.7837277841,12.890319797389145,2021-05-31,2,0.06661893375244432
12118,20109,2021-07-31,365296.2055372188,12.808463825478452,2019-09-30,22,0.18993637959555443
12120,51503,2021-07-31,241737.04048151945,12.395605804770126,2022-08-31,-13,-0.0917122128976331
12122,68142,2021-07-31,320788.44118215184,12.67853712309765,2021-10-31,-3,-0.017042060099035083
12128,18603,2021-07-31,196920.5123988387,12.190555435934762,2021-06-30,1,0.0123541503052369
12133,68138,2021-07-31,232595.7446895347,12.357057224357371,2020-02-29,17,0.1841342299129245
12135,23150,2021-07-31,244429.90988732237,12.406683879672673,2022-03-31,-8,-0.0655019254900644
12145,53403,2021-08-31,158918.22096335154,11.976145015323663,2023-06-30,-22,-0.11960196004683432
12146,35810,2021-08-31,155671.77140101683,11.955505040171273,2021-03-31,5,0.10961711765195936
12147,83634,2021-08-31,476458.5512788873,13.074136012519329,2022-09-30,-13,-0.05583452654101073
12149,20136,2021-08-31,593143.5964034112,13.293191801116636,2021-06-30,2,0.020602545561144936
12150,30214,2021-08-31,341545.36918271193,12.741235801826864,2023-03-31,-19,-0.14538214782329995
12152,97058,2021-08-31,345094.6358601574,12.75157396523929,2023-04-30,-20,-0.07643777743686542
12154,43054,2021-08-31,448390.1740155245,13.013419056504546,2022-03-31,-7,-0.0653945496755064
12157,76504,2021-08-31,174463.17687458068,12.069468977580561,2022-03-31,-7,-0.11246707471921624
12160,75154,2021-08-31,313110.4236314033,12.654311198460766,2023-03-31,-19,-0.15192897618013035
12163,43207,2021-08-31,170609.79776009909,12.047134343575246,2021-09-30,-1,0.016279872426167685
12166,97124,2021-08-31,502380.7849430971,13.12711364687425,2021-03-31,5,0.06639587099020794
12167,78251,2021-08-31,243343.34957005383,12.402228686225966,2022-01-31,-5,-0.06389045567996554
12168,43130,2021-08-31,213768.80172336375,12.272650344209534,2021-09-30,-1,0.0038022640256443196
12169,37066,2021-08-31,371370.2321125231,12.824954774210662,2023-08-31,-24,-0.1732916391370356
12170,85338,2021-08-31,408124.36637436086,12.919327226483261,2021-05-31,3,0.09562636284656101
12173,20109,2021-08-31,366842.30000216304,12.812687334422506,2019-09-30,23,0.19415988853960897
12175,51503,2021-08-31,242846.8816923137,12.400186407223318,2022-08-31,-12,-0.08713161044444107
12177,68142,2021-08-31,323016.3504601117,12.685458221543154,2021-10-31,-2,-0.010120961653530713
12183,18603,2021-08-31,198073.35542597112,12.19639272301453,2021-06-30,2,0.018191437385004505
12188,68138,2021-08-31,233488.74230760068,12.360889142113399,2020-02-29,18,0.18796614766895203
12189,23836,2021-08-31,356363.8003791897,12.783707399215896,2023-08-31,-24,-0.13233679438998536
12190,23150,2021-08-31,245714.74287566065,12.411926560273072,2022-03-31,-7,-0.060259244889666164
12193,58436,2021-09-30,154623.1965097901,11.948746445987577,2023-09-30,-24,0.1070125792342651
12198,84013,2021-09-30,504526.1809351392,13.131375012246238,2023-09-30,-24,-0.055145424693174405
12200,53403,2021-09-30,159646.83016080782,11.980719343018212,2023-06-30,-21,-0.11502763235228564
12201,35810,2021-09-30,156663.6707181664,11.961856561759749,2021-03-31,6,0.11596863924043532
12202,83634,2021-09-30,481011.21780548344,13.08364587065687,2022-09-30,-12,-0.046324668403469715
12204,20136,2021-09-30,595563.3622150583,13.29726306382178,2021-06-30,3,0.0246738082662894
12205,30214,2021-09-30,345823.66539080243,12.753684286531644,2023-03-31,-18,-0.13293366311851962
12206,39046,2021-09-30,195481.8332528889,12.183222729552153,2023-09-30,-24,-0.10082517025648663
12207,97058,2021-09-30,347404.8876548054,12.758246201932558,2023-04-30,-19,-0.06976554074359775
12209,43054,2021-09-30,450144.27328528464,13.017323417663597,2022-03-31,-6,-0.061490188516454936
12212,76504,2021-09-30,176530.47892914552,12.08124882559809,2022-03-31,-6,-0.1006872267016874
12215,75154,2021-09-30,317499.537564836,12.668231640825118,2023-03-31,-18,-0.13800853381577838
12218,43207,2021-09-30,167854.77854617892,12.030854471149079,2021-09-30,0,0.0
12221,97124,2021-09-30,506738.07264168747,13.135749527069684,2021-03-31,6,0.07503175118564265
12222,78251,2021-09-30,246089.6013464207,12.413450981713252,2022-01-31,-4,-0.05266816019267928
12223,43130,2021-09-30,212957.5395925555,12.26884808018389,2021-09-30,0,0.0
12224,37066,2021-09-30,378417.0201258227,12.843752094339191,2023-08-31,-23,-0.1544943190085064
12225,85338,2021-09-30,418183.290219676,12.943675108745287,2021-05-31,4,0.11997424510858679
12227,84005,2021-09-30,497621.3392478258,13.117594703828086,2023-09-30,-24,-0.027330435004547127
12228,20109,2021-09-30,367223.8558117116,12.813726902425714,2019-09-30,24,0.19519945654281656
12230,51503,2021-09-30,243442.67775256105,12.402636784151177,2022-08-31,-11,-0.08468123351658186
12232,68142,2021-09-30,324805.1752034793,12.690980820650973,2021-10-31,-1,-0.00459836254571222
12238,18603,2021-09-30,197344.2435198323,12.19270491177696,2021-06-30,3,0.014503626147435611
12243,68138,2021-09-30,233386.60064375875,12.360451587776835,2020-02-29,19,0.18752859333238803
12244,23836,2021-09-30,359521.11602429464,12.792528191620764,2023-08-31,-23,-0.12351600198511647
12245,23150,2021-09-30,245636.7618116367,12.411609145697417,2022-03-31,-6,-0.06057665946532076
12248,58436,2021-10-31,152503.6293536054,11.934943673786446,2023-09-30,-23,0.09320980703313353
12253,84013,2021-10-31,509901.5506700094,13.141972948164351,2023-09-30,-23,-0.044547488775060984
12255,53403,2021-10-31,159985.87072203835,11.982840782329324,2023-06-30,-20,-0.112906193041173
12256,35810,2021-10-31,157837.10523732877,11.969318800673586,2021-03-31,7,0.1234308781542719
12257,83634,2021-10-31,484216.584282958,13.090287573793718,2022-09-30,-11,-0.039682965266621295
12259,20136,2021-10-31,597977.8358513039,13.301308968452084,2021-06-30,4,0.028719712896592142
12260,30214,2021-10-31,350294.6396751095,12.76652990697061,2023-03-31,-17,-0.1200880426795532
12261,39046,2021-10-31,196571.26314037017,12.188780306837339,2023-09-30,-23,-0.09526759297130027
12262,97058,2021-10-31,349671.13328982756,12.76474837257486,2023-04-30,-18,-0.06326337010129457
12264,43054,2021-10-31,451928.11222411616,13.021278402413614,2022-03-31,-5,-0.05753520376643806
12267,76504,2021-10-31,178614.751816783,12.092986540972067,2022-03-31,-5,-0.08894951132771034
12270,75154,2021-10-31,321819.03798089287,12.681744672700653,2023-03-31,-17,-0.12449550194024361
12273,43207,2021-10-31,165761.98618015763,12.018308220245933,2021-09-30,1,-0.012546250903145761
12276,97124,2021-10-31,510626.0465794883,13.143392794199176,2021-03-31,7,0.08267501831513435
12277,78251,2021-10-31,248596.94258301603,12.423588159443362,2022-01-31,-3,-0.042530982462569256
12278,43130,2021-10-31,211810.99737640104,12.263449634202797,2021-09-30,1,-0.005398445981093403
12279,37066,2021-10-31,384742.9147268231,12.860330636266646,2023-08-31,-22,-0.13791577708105152
12280,85338,2021-10-31,427138.3921543846,12.964863343106652,2021-05-31,5,0.1411624794699513
12281,76065,2021-10-31,415800.91235431173,12.937961848617956,2023-10-31,-24,-0.12318244079932938
12282,84005,2021-10-31,503805.4469813321,13.129945454635237,2023-09-30,-23,-0.014979684197395926
12285,51503,2021-10-31,243703.48652424169,12.403707546134848,2022-08-31,-10,-0.08361047153291068
12287,68142,2021-10-31,326302.1864180889,12.695579183196685,2021-10-31,0,0.0
12293,18603,2021-10-31,196971.201705934,12.190812812800331,2021-06-30,4,0.01261152717080627
12298,68138,2021-10-31,233197.52049216747,12.359641100864073,2020-02-29,20,0.18671810641962594
12299,23836,2021-10-31,362090.3585286746,12.799649068855949,2023-08-31,-22,-0.11639512474993197
12300,23150,2021-10-31,245546.5065565433,12.411241644351497,2022-03-31,-5,-0.06094416081124088
12303,58436,2021-11-30,152231.63921478167,11.933158582009394,2023-09-30,-22,0.09142471525608187
12308,84013,2021-11-30,514219.3572399968,13.150405218457355,2023-09-30,-22,-0.0361152184820579
12310,53403,2021-11-30,160246.6452811252,11.984469440280641,2023-06-30,-19,-0.11127753508985627
12311,35810,2021-11-30,160275.93249302884,11.984652186920135,2021-03-31,8,0.13876426440082135
12312,83634,2021-11-30,487602.0744055282,13.09725493089835,2022-09-30,-10,-0.03271560816198971
12314,20136,2021-11-30,601639.2455726067,13.307413284816842,2021-06-30,5,0.034824029261351086
12315,30214,2021-11-30,355699.72831952426,12.781842194145208,2023-03-31,-16,-0.10477575550495644
12316,39046,2021-11-30,198594.84816171296,12.199022089479868,2023-09-30,-22,-0.0850258103287711
12317,97058,2021-11-30,352364.76404998684,12.772422179537562,2023-04-30,-17,-0.05558956313859298
12319,43054,2021-11-30,454605.07299204514,13.027184349581706,2022-03-31,-4,-0.051629256598346274
12322,76504,2021-11-30,181249.81485565988,12.107631551230385,2022-03-31,-4,-0.0743045010693919
12325,75154,2021-11-30,326716.999003028,12.696849628690458,2023-03-31,-16,-0.10939054595043807
12328,43207,2021-11-30,164838.62215752553,12.012722226751995,2021-09-30,2,-0.018132244397083497
12331,97124,2021-11-30,514756.8919010912,13.151450013632054,2021-03-31,8,0.09073223774801242
12332,78251,2021-11-30,251543.82767654755,12.435372518455027,2022-01-31,-2,-0.030746623450903954
12333,43130,2021-11-30,211478.40017025464,12.26187814539858,2021-09-30,2,-0.006969934785310272
12334,37066,2021-11-30,391941.16047849326,12.878867006686173,2023-08-31,-21,-0.11937940666152436
12335,85338,2021-11-30,435108.2411627189,12.98335010937683,2021-05-31,6,0.1596492457401304
12336,76065,2021-11-30,422033.38407305774,12.952839699067045,2023-10-31,-23,-0.1083045903502402
12337,84005,2021-11-30,509605.1637623446,13.141391516160386,2023-09-30,-22,-0.0035336226722471054
12340,51503,2021-11-30,244335.7697844124,12.406298663983481,2022-08-31,-9,-0.08101935368427782
12342,68142,2021-11-30,328240.46189869597,12.701501734313153,2021-10-31,1,0.005922551116468
12348,18603,2021-11-30,197427.95187146857,12.193128996116577,2021-06-30,5,0.014927710487052437
12353,68138,2021-11-30,233791.55714747883,12.362185215937272,2020-02-29,21,0.18926222149282523
12354,23836,2021-11-30,364864.3777721986,12.807280995768828,2023-08-31,-21,-0.10876319783705313
12355,23150,2021-11-30,246456.42470467812,12.414940480792225,2022-03-31,-4,-0.05724532437051266
12358,58436,2021-12-31,154188.18754906714,11.945929132436913,2023-09-30,-21,0.10419526568360027
12363,84013,2021-12-31,518970.2351823775,13.159601810180462,2023-09-30,-21,-0.026918626758950737
12365,53403,2021-12-31,160374.49195623273,11.98526693406402,2023-06-30,-18,-0.11048004130647726
12366,35810,2021-12-31,162899.7984750909,12.000890557481274,2021-03-31,9,0.15500263496195998
12367,83634,2021-12-31,491266.8809424913,13.104742804816919,2022-09-30,-9,-0.02522773424342084
12369,20136,2021-12-31,607116.1553262091,13.316475411415446,2021-06-30,6,0.04388615585995481
12370,30214,2021-12-31,361761.5424977022,12.798740551372958,2023-03-31,-15,-0.08787739827720564
12371,39046,2021-12-31,200834.86874349447,12.210238300845436,2023-09-30,-21,-0.07380959896320327
12372,97058,2021-12-31,355520.2913742803,12.781337605005186,2023-04-30,-16,-0.046674137670969174
12374,43054,2021-12-31,458053.6698640255,13.034741639340144,2022-03-31,-3,-0.04407196683990833
12377,76504,2021-12-31,184086.9599176251,12.123163533194981,2022-03-31,-3,-0.05877251910479586
12380,75154,2021-12-31,331636.21288370114,12.711793902805713,2023-03-31,-15,-0.09444627183518328
12383,43207,2021-12-31,164976.05565257976,12.013555625095098,2021-09-30,3,-0.01729884605398091
12384,30318,2021-12-31,379408.5711158579,12.846368927466296,2023-12-31,-24,-0.10090331252518148
12386,97124,2021-12-31,519820.5864923592,13.161239005046221,2021-03-31,9,0.10052122916217954
12387,78251,2021-12-31,254925.72755332864,12.448727517218071,2022-01-31,-1,-0.017391624687860485
12388,43130,2021-12-31,211968.36070090384,12.26419230053959,2021-09-30,3,-0.00465577964430075
12389,37066,2021-12-31,399644.62341699307,12.898330989734577,2023-08-31,-20,-0.09991542361312078
12390,85338,2021-12-31,442258.8089571903,12.999650530324939,2021-05-31,7,0.17594966668823808
12391,76065,2021-12-31,428170.2849143804,12.967276257387342,2023-10-31,-22,-0.09386803202994365
12392,84005,2021-12-31,515215.16119682346,13.152339881128157,2023-09-30,-21,0.007414742295523524
12395,51503,2021-12-31,244816.9682744577,12.408266142064786,2022-08-31,-8,-0.079051875602973
12397,68142,2021-12-31,330760.1381528404,12.70914873351905,2021-10-31,2,0.013569550322365842
12403,18603,2021-12-31,198693.1760305059,12.199517084872697,2021-06-30,6,0.021315799243172506
12408,68138,2021-12-31,235307.54264460265,12.368648629639864,2020-02-29,22,0.19572563519541752
12409,23836,2021-12-31,368384.2768163019,12.816881902800754,2023-08-31,-20,-0.09916229080512728
12410,23150,2021-12-31,248001.53191467273,12.421190202203334,2022-03-31,-3,-0.05099560295940364
12413,58436,2022-01-31,157419.96770319168,11.96667246653311,2023-09-30,-20,0.1249385997797976
12418,84013,2022-01-31,526343.0757313654,13.173708514337626,2023-09-30,-20,-0.012811922601786208
12420,53403,2022-01-31,161147.78143000105,11.990077120037435,2023-06-30,-17,-0.10566985533306195
12421,35810,2022-01-31,165404.20564731446,12.01614748837854,2021-03-31,10,0.17025956585922586
12422,83634,2022-01-31,495689.6621841231,13.113705328806576,2022-09-30,-8,-0.016265210253763485
12424,20136,2022-01-31,615299.4922375414,13.329864407500777,2021-06-30,7,0.05727515194528543
12425,30214,2022-01-31,368345.42431226466,12.816776429914256,2023-03-31,-14,-0.06984151973590791
12426,39046,2022-01-31,202448.8707153188,12.218242643352967,2023-09-30,-20,-0.06580525645567192
12427,97058,2022-01-31,360318.3911237291,12.794743339351692,2023-04-30,-15,-0.033268403324463236
12429,43054,2022-01-31,462896.44912366685,13.045258656053813,2022-03-31,-2,-0.03355495012623955
12430,39157,2022-01-31,244648.32287723577,12.407577041501604,2024-01-31,-24,-0.10549107727214668
12432,76504,2022-01-31,187334.3496249559,12.140650265237252,2022-03-31,-2,-0.041285787062525614
12433,47130,2022-01-31,212482.2479741361,12.266613724911794,2024-01-31,-24,-0.11749712330040296
12435,75154,2022-01-31,337523.84031605977,12.729391424773487,2023-03-31,-14,-0.07684874986740908
12438,43207,2022-01-31,167752.84368404586,12.030247006607063,2021-09-30,4,-0.0006074645420159897
12439,30318,2022-01-31,385562.4502776722,12.862458456991499,2023-12-31,-23,-0.08481378299997822
12441,97124,2022-01-31,526903.0088014778,13.174771766565355,2021-03-31,10,0.11405399068131317
12442,78251,2022-01-31,259398.078123272,12.466119141905931,2022-01-31,0,0.0
12443,43130,2022-01-31,214404.72169239583,12.275620730755296,2021-09-30,4,0.006772650571406302
12444,37066,2022-01-31,407936.57692785584,12.91886699259666,2023-08-31,-19,-0.07937942075103699
12445,85338,2022-01-31,449665.18102287984,13.01625854263837,2021-05-31,8,0.19255767900166987
12446,76065,2022-01-31,435542.6442380398,12.984347990660023,2023-10-31,-21,-0.07679629875726235
12447,84005,2022-01-31,522755.0312328454,13.166868241793289,2023-09-30,-20,0.02194310296065538
12450,51503,2022-01-31,246278.29029854664,12.414217436896724,2022-08-31,-7,-0.07310058077103498
12451,46552,2022-01-31,210524.4456107845,12.257357056529493,2024-01-31,-24,-0.16759589996941138
12452,68142,2022-01-31,334194.40992039937,12.719478168254282,2021-10-31,3,0.023898985057597244
12458,18603,2022-01-31,200301.9192068634,12.20758110326983,2021-06-30,7,0.029379817640304395
12463,68138,2022-01-31,238386.763176697,12.38164968904416,2020-02-29,23,0.20872669459971327
12464,23836,2022-01-31,372404.3196976165,12.827735423935433,2023-08-31,-19,-0.08830876967044787
12465,23150,2022-01-31,251330.7396102186,12.434525038415492,2022-03-31,-2,-0.037660766747245944
12467,58436,2022-02-28,159156.04923681423,11.97764044164428,2023-09-30,-19,0.13590657489096714
12473,84013,2022-02-28,537077.2058276158,13.193897135647632,2023-09-30,-19,0.007376698708219109
12474,53403,2022-02-28,162475.6398324721,11.998283360791245,2023-06-30,-16,-0.09746361457925268
12476,39157,2022-02-28,247123.61563860343,12.41764395859017,2024-01-31,-23,-0.09542416018357969
12477,43054,2022-02-28,469565.05970781826,13.059562140357817,2022-03-31,-1,-0.019251465822234692
12478,39046,2022-02-28,203500.70889143893,12.223424767354734,2023-09-30,-19,-0.06062313245390527
12480,20136,2022-02-28,626045.1552287722,13.34717778043409,2021-06-30,8,0.0745885248785978
12481,35810,2022-02-28,168234.33401742153,12.033113131834082,2021-03-31,11,0.18722520931476794
12482,30214,2022-02-28,374376.81874865014,12.833018105933272,2023-03-31,-13,-0.05359984371689208
12483,97058,2022-02-28,366743.43258125265,12.812417788772645,2023-04-30,-14,-0.015593953903509927
12484,18603,2022-02-28,201644.74897112092,12.214262759650637,2021-06-30,8,0.03606147402111226
12486,76504,2022-02-28,191015.67746033732,12.160110784604486,2022-03-31,-1,-0.021825267695291473
12488,47130,2022-02-28,215494.67040784165,12.280691456933999,2024-01-31,-23,-0.10341939127819799
12490,75154,2022-02-28,343826.42522431427,12.747892231177005,2023-03-31,-13,-0.05834794346389138
12493,43207,2022-02-28,173096.40056297954,12.061603946973404,2021-09-30,5,0.030749475824325856
12494,30318,2022-02-28,392698.2014252955,12.880796660533447,2023-12-31,-22,-0.06647557945803051
12496,97124,2022-02-28,536193.5074020141,13.192250396172854,2021-03-31,11,0.1315326202888123
12497,78251,2022-02-28,264610.1370783853,12.486012840882983,2022-01-31,1,0.019893698977051955
12498,43130,2022-02-28,218384.12392719105,12.294010827569583,2021-09-30,5,0.025162747385692796
12499,37066,2022-02-28,416945.12153382617,12.940709889084111,2023-08-31,-18,-0.05753652426358613
12500,85338,2022-02-28,458549.2350944702,13.03582294788946,2021-05-31,9,0.21212208425276025
12502,84005,2022-02-28,532433.6924986829,13.185213647683083,2023-09-30,-19,0.0402885088504501
12503,83634,2022-02-28,501245.0429253481,13.124850368128277,2022-09-30,-7,-0.005120170932062962
12504,76065,2022-02-28,443595.68456630624,13.002668806201621,2023-10-31,-20,-0.058475483215664426
12506,51503,2022-02-28,248199.31626254125,12.421987396964568,2022-08-31,-6,-0.0653306207031914
12507,46552,2022-02-28,214093.0691635809,12.274166102094805,2024-01-31,-23,-0.15078685440409956
12509,68142,2022-02-28,338835.13568971446,12.733268942668964,2021-10-31,4,0.03768975947227915
12517,23150,2022-02-28,255659.23564771237,12.451600725995696,2022-03-31,-1,-0.020585079167041442
12518,23836,2022-02-28,376633.2155206804,12.839027089724542,2023-08-31,-18,-0.07701710388133876
12520,68138,2022-02-28,242453.04517083333,12.39856334244981,2020-02-29,24,0.22564034800536348
12522,58436,2022-03-31,159642.2652651264,11.980690748896162,2023-09-30,-18,0.13895688214284974
12528,84013,2022-03-31,549807.3694828004,13.217323258557245,2023-09-30,-18,0.030802821617832876
12529,53403,2022-03-31,164396.03623101636,12.010033650796622,2023-06-30,-15,-0.08571332457387548
12531,39157,2022-03-31,249511.2225924467,12.427259173492573,2024-01-31,-22,-0.08580894528117788
12532,43054,2022-03-31,478692.4513432155,13.078813606180052,2022-03-31,0,0.0
12533,39046,2022-03-31,204432.4045859985,12.227992659902865,2023-09-30,-18,-0.0560552399057741
12535,20136,2022-03-31,639704.7525990823,13.368762024829238,2021-06-30,9,0.09617276927374618
12536,35810,2022-03-31,171721.165151527,12.053627307497909,2021-03-31,12,0.2077393849785949
12537,30214,2022-03-31,379919.9534278987,12.847715860639028,2023-03-31,-12,-0.038902089011136454
12538,97058,2022-03-31,373771.36984267406,12.831399578889087,2023-04-30,-13,0.0033878362129318162
12539,18603,2022-03-31,202602.57890344132,12.219001599755398,2021-06-30,9,0.040800314125872816
12540,46806,2022-03-31,85311.32422597699,11.354062482299874,2024-03-31,-24,-0.23955002179088858
12541,76504,2022-03-31,195230.4729692474,12.181936052299777,2022-03-31,0,0.0
12543,47130,2022-03-31,219081.00724024815,12.297196836478143,2024-01-31,-22,-0.08691401173405389
12545,75154,2022-03-31,350921.680754434,12.76831834579666,2023-03-31,-12,-0.03792182884423667
12547,38109,2022-03-31,94665.00690012658,11.458099695576392,2024-03-31,-24,0.03212901053497497
12548,43207,2022-03-31,179566.22073816977,12.098299336638437,2021-09-30,6,0.06744486548935846
12549,30318,2022-03-31,400237.3476878866,12.899813019335928,2023-12-31,-21,-0.04745922065554886
12551,97124,2022-03-31,547487.4997623354,13.213094908927832,2021-03-31,12,0.15237713304379064
12552,78251,2022-03-31,270433.72314287565,12.507782331139655,2022-01-31,2,0.041663189233723585
12553,43130,2022-03-31,223783.66344604603,12.318435075975975,2021-09-30,6,0.04958699579208492
12554,85338,2022-03-31,469109.2098119501,13.058590877063391,2021-05-31,10,0.2348900134266909
12555,37066,2022-03-31,426633.33092141425,12.963680213522396,2023-08-31,-17,-0.03456619982530107
12557,84005,2022-03-31,544453.9771711392,13.207538694681201,2023-09-30,-18,0.06261355584856787
12558,83634,2022-03-31,507560.42984425207,13.137371056394116,2022-09-30,-6,0.007400517333776335
12559,76065,2022-03-31,452777.38373745186,13.02315585704739,2023-10-31,-19,-0.03798843236989491
12561,51503,2022-03-31,251078.76508397507,12.433521974002833,2022-08-31,-5,-0.053796043664926074
12562,46552,2022-03-31,218199.03500644644,12.29316292985275,2024-01-31,-22,-0.13179002664615425
12564,68142,2022-03-31,345065.30937064526,12.751488980621644,2021-10-31,5,0.055909797424959606
12572,23150,2022-03-31,260976.542076142,12.472185805162738,2022-03-31,0,0.0
12573,23836,2022-03-31,381131.9955324633,12.850901039077733,2023-08-31,-17,-0.06514315452814756
12577,58436,2022-04-30,159591.54472913244,11.980372984706825,2023-09-30,-17,0.13863911795351314
12583,84013,2022-04-30,562042.8695195345,13.239333406250504,2023-09-30,-17,0.05281296931109125
12584,53403,2022-04-30,166639.33042632273,12.023587057841825,2023-06-30,-14,-0.07215991752867268
12585,79601,2022-04-30,182584.5496877049,12.114968630680904,2024-04-30,-24,-0.07411879868836202
12586,39157,2022-04-30,252290.65987836663,12.438337114040474,2024-01-31,-21,-0.07473100473327676
12587,43054,2022-04-30,489239.20950054354,13.100606829829704,2022-03-31,1,0.021793223649652305
12588,39046,2022-04-30,206122.8419520714,12.236227590199192,2023-09-30,-17,-0.047820309609447165
12589,55068,2022-04-30,408904.82919699576,12.921237716498196,2024-04-30,-24,0.003804166922256158
12590,20136,2022-04-30,652956.0536826112,13.38926510688609,2021-06-30,10,0.11667585133059788
12591,35810,2022-04-30,175066.62905154435,12.072921917880942,2021-03-31,13,0.22703399536162827
12592,30214,2022-04-30,385202.76658315136,12.861525141079566,2023-03-31,-11,-0.025092808570597924
12593,97058,2022-04-30,380251.3511640143,12.848587763472265,2023-04-30,-12,0.020576020796109873
12594,18603,2022-04-30,203449.68451871464,12.22317400277105,2021-06-30,10,0.0449727171415244
12595,46806,2022-04-30,87186.38884326752,11.375803506466632,2024-03-31,-23,-0.21780899762413064
12596,76504,2022-04-30,199532.5125759158,12.20373247233918,2022-03-31,1,0.02179642003940252
12597,82007,2022-04-30,290537.0807796724,12.57948649180867,2024-04-30,-24,-0.03454074930430018
12598,47130,2022-04-30,222299.4652518177,12.311780694424508,2024-01-31,-21,-0.07233015378768926
12600,75154,2022-04-30,358099.5686829043,12.788566351525883,2023-03-31,-11,-0.017673823115012866
12602,38109,2022-04-30,96403.24145962516,11.476295105133172,2024-03-31,-23,0.05032442009175497
12603,43207,2022-04-30,184576.28475402467,12.125818124510074,2021-09-30,7,0.09496365336099544
12604,30318,2022-04-30,406746.84452167543,12.915946267267973,2023-12-31,-20,-0.031325972723504236
12606,97124,2022-04-30,558596.1701239283,13.233182076264784,2021-03-31,13,0.17246430038074223
12607,78251,2022-04-30,276304.288676887,12.529258032603883,2022-01-31,3,0.06313889069795131
12608,43130,2022-04-30,228855.20398583543,12.340844785547237,2021-09-30,7,0.07199670536334679
12609,37066,2022-04-30,437353.40188971855,12.988496847232563,2023-08-31,-16,-0.009749566115134556
12610,85338,2022-04-30,480332.6579835182,13.08223418031017,2021-05-31,11,0.25853331667346957
12612,83634,2022-04-30,514057.04573668336,13.150089522202551,2022-09-30,-5,0.020118983142211277
12613,76065,2022-04-30,461776.22444659617,13.04283569005268,2023-10-31,-18,-0.01830859936460527
12614,52404,2022-04-30,172175.64363301397,12.056270418654867,2024-04-30,-24,-0.1031694181212437
12615,84005,2022-04-30,555554.8382361396,13.227722601886374,2023-09-30,-17,0.08279746305374047
12616,51503,2022-04-30,254399.05632494847,12.446659401026713,2022-08-31,-4,-0.04065861664104631
12617,46552,2022-04-30,222098.96992400612,12.31087837197895,2024-01-31,-21,-0.11407458451995467
12618,29847,2022-04-30,218751.4649038756,12.295691500900869,2024-04-30,-24,0.008640520258907713
12619,68142,2022-04-30,352141.56810216117,12.7717885558351,2021-10-31,6,0.07620937263841476
12620,08361,2022-04-30,287198.1541845173,12.56792768920142,2024-04-30,-24,-0.12087024376152122
12627,23150,2022-04-30,266325.2127134739,12.49247344517794,2022-03-31,1,0.020287640015201447
12628,23836,2022-04-30,385117.2735319403,12.861303173463225,2023-08-31,-16,-0.05474102014265547
12632,58436,2022-05-31,160163.3519920126,11.983949523351097,2023-09-30,-16,0.14221565659778435
12636,28905,2022-05-31,209328.60778131397,12.251660582234337,2024-05-31,-24,-0.10056987191432931
12638,84013,2022-05-31,572496.471645352,13.257761851326652,2023-09-30,-16,0.07124141438723974
12639,53403,2022-05-31,168851.28120155048,12.036773613593931,2023-06-30,-13,-0.05897336177656598
12640,79601,2022-05-31,183478.49622263244,12.119852752812209,2024-04-30,-23,-0.06923467655705728
12641,39157,2022-05-31,254677.7444927145,12.447754277851422,2024-01-31,-20,-0.06531384092232884
12642,43054,2022-05-31,499187.24538994295,13.12073654561067,2022-03-31,2,0.0419229394306182
12643,39046,2022-05-31,207711.24734207615,12.243904160261675,2023-09-30,-16,-0.040143739546964596
12644,55068,2022-05-31,413326.71298012865,12.931993631801276,2024-04-30,-23,0.014560082225337112
12645,20136,2022-05-31,663834.6165361131,13.40578832595336,2021-06-30,11,0.13319907039786827
12646,35810,2022-05-31,177182.93417456897,12.084938004245252,2021-03-31,14,0.23905008172593867
12647,30214,2022-05-31,390317.8663137037,12.874716727969611,2023-03-31,-10,-0.011901221680552965
12648,97058,2022-05-31,385514.31920109177,12.862333615786191,2023-04-30,-11,0.034321873110036094
12649,18603,2022-05-31,204103.68375405157,12.226383397405522,2021-06-30,11,0.04818211177599707
12650,46806,2022-05-31,88584.84189474267,11.391716037247063,2024-03-31,-22,-0.20189646684369933
12651,76504,2022-05-31,203573.0650742843,12.223780261558659,2022-03-31,2,0.04184420925888155
12652,82007,2022-05-31,292435.44190535933,12.585999209859025,2024-04-30,-23,-0.028028031253944263
12653,47130,2022-05-31,224650.4753749602,12.322301030565331,2024-01-31,-20,-0.061809817646865994
12654,30721,2022-05-31,194848.7136748197,12.17997870912751,2024-05-31,-24,-0.1259998833920548
12655,75154,2022-05-31,365145.7703738814,12.808051923724648,2023-03-31,-10,0.0018117490837514794
12657,38109,2022-05-31,98281.72781293956,11.495593406994821,2024-03-31,-22,0.06962272195340447
12658,43207,2022-05-31,187700.93703986777,12.142605214783066,2021-09-30,8,0.11175074363398707
12659,30318,2022-05-31,412733.4857824189,12.930557350763697,2023-12-31,-19,-0.01671488922777975
12661,97124,2022-05-31,567750.1449358929,13.249436715248958,2021-03-31,14,0.18871893936491624
12662,78251,2022-05-31,281652.1797066669,12.548428183354398,2022-01-31,4,0.0823090414484664
12663,43130,2022-05-31,232880.29382537975,12.358279840121645,2021-09-30,8,0.08943175993775476
12664,37066,2022-05-31,446977.45641825977,13.010263439255146,2023-08-31,-15,0.012017025907448797
12665,85338,2022-05-31,490700.25260355225,13.103588736859914,2021-05-31,12,0.2798878732232133
12666,84005,2022-05-31,564832.3878404932,13.244284307427291,2023-09-30,-16,0.09935916859465799
12667,83634,2022-05-31,518756.60492061713,13.159190082823082,2022-09-30,-4,0.029219543762742717
12669,76065,2022-05-31,470170.8261770217,13.060851367601783,2023-10-31,-17,-0.0002929218155021118
12670,52404,2022-05-31,174688.26479386174,12.07075832039059,2024-04-30,-23,-0.08868151638552035
12671,51503,2022-05-31,258393.29799447567,12.462238114000339,2022-08-31,-3,-0.025079903667419856
12672,46552,2022-05-31,225082.45153346568,12.32422206531954,2024-01-31,-20,-0.10073089117936362
12673,29847,2022-05-31,221354.0280860795,12.307518635808485,2024-04-30,-23,0.020467655166523713
12674,68142,2022-05-31,358617.52784935076,12.790011717512336,2021-10-31,7,0.09443253431565068
12675,08361,2022-05-31,291756.94489744026,12.583676354141202,2024-04-30,-23,-0.10512157882173945
12682,23150,2022-05-31,271602.0722297054,12.5120933043493,2022-03-31,2,0.03990749918656178
12683,23836,2022-05-31,388914.90616196726,12.871115848444958,2023-08-31,-15,-0.04492834516092259
12687,58436,2022-06-30,162236.25734887298,11.996808930509854,2023-09-30,-15,0.15507506375654145
12691,28905,2022-06-30,213767.50152479127,12.272644261925702,2024-05-31,-23,-0.0795861922229637
12693,84013,2022-06-30,579021.9991838919,13.26909575096959,2023-09-30,-15,0.08257531403017815
12694,53403,2022-06-30,171368.84171837085,12.051573481679908,2023-06-30,-12,-0.04417349369058954
12695,79601,2022-06-30,184444.06918424697,12.125101548451198,2024-04-30,-22,-0.063985880918068
12696,39157,2022-06-30,257152.61477114697,12.457425019423374,2024-01-31,-19,-0.0556430993503767
12697,43054,2022-06-30,507080.60836215504,13.136425260787991,2022-03-31,3,0.057611654607939045
12698,39046,2022-06-30,209599.5099113905,12.252953893217276,2023-09-30,-15,-0.03109400659136341
12699,55068,2022-06-30,415796.50501255394,12.93795124891751,2024-04-30,-22,0.020517699341571216
12700,20136,2022-06-30,669178.2709544798,13.413805777386049,2021-06-30,12,0.14121652183055744
12701,35810,2022-06-30,178351.38092909343,12.091510933561063,2021-03-31,15,0.245623011041749
12702,30214,2022-06-30,395455.89686447056,12.88779454761909,2023-03-31,-9,0.0011765979689251083
12703,97058,2022-06-30,389401.9292924997,12.872367326434157,2023-04-30,-10,0.044355583758001416
12704,18603,2022-06-30,205054.27320955697,12.231029970444839,2021-06-30,12,0.052828684815313665
12705,46806,2022-06-30,90134.73940956595,11.40906093431936,2024-03-31,-21,-0.1845515697714024
12706,76504,2022-06-30,207373.78627585783,12.242278174676862,2022-03-31,3,0.060342122377084806
12707,82007,2022-06-30,294704.06443502597,12.593726960402062,2024-04-30,-22,-0.020300280710907614
12708,47130,2022-06-30,226542.2944177174,12.330686936794338,2024-01-31,-19,-0.05342391141785896
12709,30721,2022-06-30,196676.4118242987,12.189315077635127,2024-05-31,-23,-0.11666351488443816
12710,75154,2022-06-30,371787.189879931,12.826076899345447,2023-03-31,-9,0.019836724704550335
12711,87031,2022-06-30,297352.058400446,12.602672097594203,2024-06-30,-24,-0.06491494854989988
12712,38109,2022-06-30,100794.50953579192,11.520839164244968,2024-03-31,-21,0.09486847920355146
12713,43207,2022-06-30,190229.52589168615,12.15598665306915,2021-09-30,9,0.1251321819200708
12715,30318,2022-06-30,418150.8297841291,12.943597483225087,2023-12-31,-18,-0.003674756766390175
12717,97124,2022-06-30,574048.2583209021,13.2604687454975,2021-03-31,15,0.19975096961345784
12718,78251,2022-06-30,286034.3467842875,12.56386717624268,2022-01-31,5,0.09774803433674784
12719,43130,2022-06-30,235785.46610316067,12.370677628642799,2021-09-30,9,0.1018295484589089
12720,85338,2022-06-30,498902.5956088022,13.120166156499058,2021-05-31,13,0.2964652928623579
12721,37066,2022-06-30,454932.5853904011,13.02790452297858,2023-08-31,-14,0.029658109630883445
12722,84005,2022-06-30,570252.7160400895,13.253834903028917,2023-09-30,-15,0.10890976419628373
12723,83634,2022-06-30,521081.77713174414,13.163662270283432,2022-09-30,-3,0.03369173122309199
12724,76065,2022-06-30,477402.3163539491,13.07611484489426,2023-10-31,-16,0.014970555476974567
12725,52404,2022-06-30,177227.30258022295,12.085188383050854,2024-04-30,-22,-0.07425145372525677
12726,51503,2022-06-30,262092.00414217412,12.476450881948686,2022-08-31,-2,-0.010867135719072607
12727,46552,2022-06-30,227797.83384961332,12.336213820949189,2024-01-31,-19,-0.0887391355497158
12728,29847,2022-06-30,224256.41176451044,12.32054537155025,2024-04-30,-22,0.033494390908288096
12729,68142,2022-06-30,363307.6698109499,12.803005329494706,2021-10-31,8,0.10742614629802105
12730,08361,2022-06-30,295722.4151453216,12.597176506637963,2024-04-30,-22,-0.09162142632497883
12731,74361,2022-06-30,193184.6349870731,12.171401668545535,2024-06-30,-24,-0.06594216372967843
12737,23150,2022-06-30,277044.5165781873,12.531933481925606,2022-03-31,3,0.05974767676286774
12738,23836,2022-06-30,392223.67138290993,12.879587546310397,2023-08-31,-14,-0.036456647295484146
12742,58436,2022-07-31,163399.9477459646,12.00395614161585,2023-09-30,-14,0.16222227486253793
12745,68059,2022-07-31,411764.0053650899,12.928205661705714,2024-07-31,-24,-0.061370005222523005
12746,28905,2022-07-31,216157.23620250597,12.283761367224544,2024-05-31,-22,-0.06846908692412157
12748,84013,2022-07-31,580021.9584896223,13.270821241270816,2023-09-30,-14,0.08430080433140397
12749,53403,2022-07-31,172977.40178505282,12.060916239427733,2023-06-30,-11,-0.03483073594276398
12750,79601,2022-07-31,185217.84986051,12.129287978086046,2024-04-30,-21,-0.059799451283220506
12751,39157,2022-07-31,258899.32453815444,12.464194556768108,2024-01-31,-18,-0.04887356200564241
12752,43054,2022-07-31,511343.5427532813,13.14479693831299,2022-03-31,4,0.06598333213293728
12753,39046,2022-07-31,210953.0788212686,12.25939101247451,2023-09-30,-14,-0.024656887334129962
12754,55068,2022-07-31,415555.40828235325,12.937371237653679,2024-04-30,-21,0.019937688077739324
12755,20136,2022-07-31,669584.2779993498,13.414412318191413,2021-06-30,13,0.14182306263592181
12756,35810,2022-07-31,178687.68339139232,12.093394775388827,2021-03-31,16,0.24750685286951324
12757,30214,2022-07-31,398086.654742488,12.89442498605146,2023-03-31,-8,0.007807036401295875
12758,97058,2022-07-31,390295.408377852,12.874659188758876,2023-04-30,-9,0.04664744608272109
12759,18603,2022-07-31,205557.18613263857,12.233479552223987,2021-06-30,13,0.055278266594461556
12760,46806,2022-07-31,91622.65018787746,11.425433792888766,2024-03-31,-20,-0.16817871120199612
12761,76504,2022-07-31,210433.2790194688,12.256923917582721,2022-03-31,4,0.0749878652829441
12762,82007,2022-07-31,296287.39807684167,12.599085201698168,2024-04-30,-21,-0.014942039414801656
12763,47130,2022-07-31,227378.52990667196,12.334371440303203,2024-01-31,-18,-0.04973940790899434
12764,30721,2022-07-31,198383.63631423857,12.197957992176546,2024-05-31,-22,-0.10802060034301952
12765,75154,2022-07-31,376056.6663201736,12.837495119315012,2023-03-31,-8,0.03125494467411549
12766,87031,2022-07-31,299344.0346448135,12.60934880846098,2024-06-30,-23,-0.05823823768312231
12767,38109,2022-07-31,102880.91870961004,11.541327469346136,2024-03-31,-20,0.11535678430471918
12768,43207,2022-07-31,191958.12192422376,12.165032512241385,2021-09-30,10,0.1341780410923068
12769,30318,2022-07-31,420901.1021888137,12.950153173402926,2023-12-31,-17,0.002880933411448794
12771,97124,2022-07-31,575116.3752295104,13.262327691004547,2021-03-31,16,0.20160991512050508
12772,78251,2022-07-31,288773.0107067919,12.573396228402453,2022-01-31,6,0.10727708649652179
12773,43130,2022-07-31,237228.88039424876,12.376780694150474,2021-09-30,10,0.10793261396658416
12774,37066,2022-07-31,458654.27280110406,13.036051986933009,2023-08-31,-13,0.037805573585311336
12775,85338,2022-07-31,502652.8585307167,13.127655068738148,2021-05-31,14,0.3039542051014479
12777,84005,2022-07-31,570671.3555334817,13.254568763454182,2023-09-30,-14,0.10964362462154931
12778,83634,2022-07-31,519016.3569968105,13.1596906780229,2022-09-30,-2,0.029720138962559872
12779,76065,2022-07-31,481392.7929169056,13.084438833128276,2023-10-31,-15,0.023294543710990823
12780,52404,2022-07-31,179025.55442250846,12.095283836770268,2024-04-30,-21,-0.06415600000584298
12781,51503,2022-07-31,264315.2773919906,12.484897902145413,2022-08-31,-1,-0.0024201155223462223
12782,46552,2022-07-31,229404.52263441155,12.343242198541532,2024-01-31,-18,-0.08171075795737259
12783,29847,2022-07-31,226047.98411661308,12.328502574817971,2024-04-30,-21,0.041451594176010076
12784,68142,2022-07-31,365139.41867468256,12.808034528604786,2021-10-31,9,0.11245534540810098
12785,08361,2022-07-31,297319.63887664134,12.602563064243583,2024-04-30,-21,-0.08623486871935881
12786,74361,2022-07-31,195560.6822022257,12.183626005141322,2024-06-30,-23,-0.05371782713389095
12792,23150,2022-07-31,281658.85123724164,12.548451870199528,2022-03-31,4,0.07626606503679056
12793,23836,2022-07-31,394073.6472531608,12.884293092774675,2023-08-31,-13,-0.03175110083120636
12797,58436,2022-08-31,164821.665532782,12.012619353428203,2023-09-30,-13,0.17088548667489079
12800,68059,2022-08-31,411873.320223966,12.928471105866928,2024-07-31,-23,-0.06110456106130968
12801,28905,2022-08-31,217288.28311889397,12.288980244491157,2024-05-31,-21,-0.06325020965750916
12803,84013,2022-08-31,574860.693637845,13.26188301849272,2023-09-30,-13,0.075362581553307
12804,53403,2022-08-31,173358.93656999167,12.06311950196203,2023-06-30,-10,-0.03262747340846772
12805,79601,2022-08-31,185893.6698531305,12.13293012177491,2024-04-30,-20,-0.056157307594356
12806,39157,2022-08-31,259995.82488867815,12.468420851748263,2024-01-31,-17,-0.04464726702548738
12807,43054,2022-08-31,512091.77380016376,13.146259133662499,2022-03-31,5,0.06744552748244637
12808,39046,2022-08-31,211952.70664795977,12.264118446918447,2023-09-30,-13,-0.019929452890192323
12809,55068,2022-08-31,413451.9582604704,12.932296603529156,2024-04-30,-20,0.014863053953217076
12810,20136,2022-08-31,665870.0435012905,13.408849800604273,2021-06-30,14,0.13626054504878127
12811,35810,2022-08-31,178903.8880116928,12.094604002137642,2021-03-31,17,0.24871607961832787
12812,30214,2022-08-31,398566.6121181706,12.89562992037789,2023-03-31,-7,0.009011970727726748
12813,97058,2022-08-31,388967.4199859516,12.871250865843603,2023-04-30,-8,0.0432391231674476
12814,18603,2022-08-31,204942.7337991992,12.230485871774835,2021-06-30,14,0.052284586145310286
12815,46806,2022-08-31,92433.75568422805,11.43424751217409,2024-03-31,-19,-0.15936499191667153
12816,76504,2022-08-31,212283.1560161295,12.265676304063883,2022-03-31,5,0.08374025176410527
12817,82007,2022-08-31,296317.6434133777,12.599187277564704,2024-04-30,-20,-0.014839963548265445
12818,47130,2022-08-31,227381.95978636283,12.334386524637786,2024-01-31,-17,-0.049724323574411144
12819,30721,2022-08-31,199548.31373847355,12.203811660120321,2024-05-31,-21,-0.10216693239924446
12820,75154,2022-08-31,377393.79252732825,12.841044463788016,2023-03-31,-7,0.03480428914711986
12821,87031,2022-08-31,299973.8043491368,12.611450430989615,2024-06-30,-22,-0.05613661515448776
12822,38109,2022-08-31,104295.6678152988,11.55498510431893,2024-03-31,-19,0.12901441927751378
12823,43207,2022-08-31,192801.8649923963,12.169418334308874,2021-09-30,11,0.13856386315979563
12824,30318,2022-08-31,420654.0607762676,12.94956606650723,2023-12-31,-16,0.0022938265157534943
12826,97124,2022-08-31,571488.5447410949,13.255999717818556,2021-03-31,17,0.19528194193451398
12827,78251,2022-08-31,289633.1697821012,12.576370469475295,2022-01-31,7,0.11025132756936351
12828,43130,2022-08-31,237655.22875041925,12.378576283695422,2021-09-30,11,0.10972820351153167
12829,37066,2022-08-31,459051.5399100404,13.036917770124635,2023-08-31,-12,0.03867135677693767
12830,85338,2022-08-31,500892.3257997302,13.124146438405285,2021-05-31,15,0.3004455747685846
12832,83634,2022-08-31,513041.08116681705,13.148111201193862,2022-09-30,-1,0.018140662133522056
12833,76065,2022-08-31,481927.26198546897,13.085548472901026,2023-10-31,-14,0.024404183483740738
12834,52404,2022-08-31,179543.19207726917,12.098171082350968,2024-04-30,-20,-0.0612687544251429
12835,84005,2022-08-31,565325.1352945012,13.245156305312797,2023-09-30,-13,0.10023116648016384
12836,51503,2022-08-31,264955.7255642917,12.487318017667759,2022-08-31,0,0.0
12837,46552,2022-08-31,230338.97164300803,12.347307292695298,2024-01-31,-17,-0.07764566380360627
12838,29847,2022-08-31,226862.70425941417,12.332100286430835,2024-04-30,-20,0.045049305788873895
12839,68142,2022-08-31,364541.29629553395,12.80639511974872,2021-10-31,10,0.1108159365520347
12840,08361,2022-08-31,296551.62508512544,12.599976597221932,2024-04-30,-20,-0.08882133574100948
12841,74361,2022-08-31,197377.65785580236,12.192874217487809,2024-06-30,-22,-0.04446961478740441
12847,23150,2022-08-31,284713.04136282153,12.559237079603099,2022-03-31,5,0.08705127444036087
12848,23836,2022-08-31,393887.70501184487,12.883821134995951,2023-08-31,-12,-0.03222305860992947
12851,14012,2022-09-30,219838.9574496348,12.300650545690624,2024-09-30,-24,-0.04385284860766525
12852,58436,2022-09-30,163859.03800898994,12.006761812868064,2023-09-30,-12,0.16502794611475124
12855,68059,2022-09-30,410683.64597235265,12.92557847926468,2024-07-31,-22,-0.06399718766355811
12856,28905,2022-09-30,216551.27901779683,12.28558265296473,2024-05-31,-20,-0.06664780118393665
12858,84013,2022-09-30,567069.1125980957,13.248236466989098,2023-09-30,-12,0.061716030049685955
12859,53403,2022-09-30,172515.32183951166,12.058241333767127,2023-06-30,-9,-0.037505641603370776
12860,79601,2022-09-30,186164.46572524423,12.134385786328568,2024-04-30,-19,-0.05470164304069769
12861,39157,2022-09-30,260456.90145486305,12.470192681017172,2024-01-31,-16,-0.042875437756578094
12862,43054,2022-09-30,510541.6723976104,13.14322754380886,2022-03-31,6,0.06441393762880843
12863,39046,2022-09-30,212028.26303690637,12.264474860980156,2023-09-30,-12,-0.019573038828482936
12864,55068,2022-09-30,410323.36563896714,12.924700824503109,2024-04-30,-19,0.007267274927169609
12865,20136,2022-09-30,661225.5904593797,13.401850347234175,2021-06-30,15,0.12926109167868383
12866,35810,2022-09-30,179467.7531529596,12.097750822598877,2021-03-31,18,0.2518629000795638
12867,30214,2022-09-30,397282.1575119742,12.892402031436003,2023-03-31,-6,0.005784081785838779
12868,97058,2022-09-30,385659.6827191196,12.86271060857741,2023-04-30,-7,0.03469886590125526
12869,18603,2022-09-30,203589.87619665507,12.223862838437231,2021-06-30,15,0.04566155280770623
12870,46806,2022-09-30,92691.16277373629,11.437028415550458,2024-03-31,-18,-0.15658408854030448
12871,76504,2022-09-30,213118.4537384106,12.269603410951284,2022-03-31,6,0.08766735865150643
12872,82007,2022-09-30,294882.45201767166,12.594332088175886,2024-04-30,-19,-0.019695152937083904
12873,47130,2022-09-30,226861.45604374376,12.332094784340448,2024-01-31,-16,-0.05201606387174884
12874,30721,2022-09-30,199768.2037755173,12.204912992269758,2024-05-31,-20,-0.10106560024980737
12875,75154,2022-09-30,375921.1771662485,12.837134765199355,2023-03-31,-6,0.030894590558459
12876,87031,2022-09-30,299395.55020906223,12.609520888496037,2024-06-30,-21,-0.05806615764806544
12877,38109,2022-09-30,104716.52718123262,11.559012237135033,2024-03-31,-18,0.13304155209361568
12878,43207,2022-09-30,192564.89291727735,12.168188481966272,2021-09-30,12,0.13733401081719343
12879,30318,2022-09-30,418078.02208715846,12.943423349799788,2023-12-31,-15,-0.0038488901916888807
12881,97124,2022-09-30,564906.3210343356,13.24441519290261,2021-03-31,18,0.18369741701856768
12882,78251,2022-09-30,289166.24481025664,12.574757043264547,2022-01-31,8,0.10863790135861606
12883,43130,2022-09-30,237561.00352355937,12.37817972641604,2021-09-30,12,0.10933164623214964
12884,37066,2022-09-30,456515.1345576856,13.031377131934596,2023-08-31,-11,0.03313071858689831
12885,85338,2022-09-30,494617.3799245869,13.11153977280628,2021-05-31,16,0.28783890916957944
12887,83634,2022-09-30,503818.08480983856,13.12997053906034,2022-09-30,0,0.0
12888,84005,2022-09-30,556373.5071279277,13.229195123102564,2023-09-30,-12,0.08426998426993038
12889,76065,2022-09-30,479537.5199813168,13.080577418380622,2023-10-31,-13,0.019433128963337154
12890,52404,2022-09-30,179398.46536186183,12.097364674288539,2024-04-30,-19,-0.062075162487571944
12891,51503,2022-09-30,264423.6004552767,12.485307643397059,2022-08-31,1,-0.002010374270700055
12892,46552,2022-09-30,230613.65510175237,12.348499100596243,2024-01-31,-16,-0.07645385590266152
12893,29847,2022-09-30,225966.5696748052,12.328142345520018,2024-04-30,-19,0.041091364878056424
12894,68142,2022-09-30,362468.2958879341,12.80069228983256,2021-10-31,11,0.10511310663587459
12895,08361,2022-09-30,295179.64892064384,12.595339429361267,2024-04-30,-19,-0.09345850360167418
12896,74361,2022-09-30,198014.6746054721,12.196096421099403,2024-06-30,-21,-0.0412474111758101
12897,20166,2022-09-30,581759.3361616725,13.27381212944431,2024-09-30,-24,-0.06951555670111809
12902,23150,2022-09-30,286409.1044768947,12.56517650293799,2022-03-31,6,0.09299069777525126
12903,23836,2022-09-30,391650.960391134,12.878126314959195,2023-08-31,-11,-0.037917878646686276
12906,14012,2022-10-31,218992.9467704153,12.296794801752213,2024-09-30,-23,-0.04770859254607629
12907,58436,2022-10-31,162883.50422276193,12.00079052625065,2023-09-30,-11,0.15905665949733816
12910,68059,2022-10-31,410415.7074443179,12.924925845606085,2024-07-31,-21,-0.06464982132215269
12911,28905,2022-10-31,215577.45510041015,12.28107554436943,2024-05-31,-19,-0.071154909779235
12913,84013,2022-10-31,560106.6145281346,13.235882427676726,2023-09-30,-11,0.04936199073731373
12914,53403,2022-10-31,171470.8449501864,12.052168530845986,2023-06-30,-8,-0.04357844452451154
12915,79601,2022-10-31,186559.17521010325,12.136503761090877,2024-04-30,-18,-0.05258366827838934
12916,39157,2022-10-31,261234.85982260536,12.473175127749695,2024-01-31,-15,-0.039892991024055746
12917,43054,2022-10-31,508842.47650785075,13.139893771226015,2022-03-31,7,0.06108016504596314
12918,39046,2022-10-31,211778.33483276216,12.263295416231664,2023-09-30,-11,-0.020752483576975678
12919,55068,2022-10-31,408223.7375789245,12.91957067950183,2024-04-30,-18,0.00213712992588988
12920,20136,2022-10-31,657672.3660206978,13.396462162321441,2021-06-30,16,0.12387290676594986
12921,35810,2022-10-31,179862.32829933715,12.099946994449422,2021-03-31,19,0.2540590719301079
12922,30214,2022-10-31,395861.59175421385,12.888819913369558,2023-03-31,-5,0.002201963719393518
12923,97058,2022-10-31,382309.37837594026,12.853985450840428,2023-04-30,-6,0.02597370816427258
12924,18603,2022-10-31,202379.69021483403,12.217900866572203,2021-06-30,16,0.03969958094267767
12925,46806,2022-10-31,92542.6559547955,11.435424962662875,2024-03-31,-17,-0.15818754142788727
12926,76504,2022-10-31,213149.4888074847,12.269749023914546,2022-03-31,7,0.08781297161476864
12927,82007,2022-10-31,293868.4758297466,12.590887585101667,2024-04-30,-18,-0.023139656011302634
12928,47130,2022-10-31,226716.8904842689,12.33145733960581,2024-01-31,-15,-0.05265350860638662
12929,30721,2022-10-31,199246.02251055627,12.202295634147346,2024-05-31,-19,-0.10368295837221986
12930,75154,2022-10-31,373891.3269353793,12.831720464481618,2023-03-31,-5,0.025480289840722037
12931,87031,2022-10-31,298501.9205797349,12.606531645897059,2024-06-30,-20,-0.061055400247044034
12932,38109,2022-10-31,104808.61888252255,11.559891288732898,2024-03-31,-17,0.13392060369148062
12933,43207,2022-10-31,192115.36142785355,12.165851311347444,2021-09-30,13,0.13499684019836522
12935,30318,2022-10-31,415785.1314383641,12.937923894840191,2023-12-31,-14,-0.009348345151286352
12937,97124,2022-10-31,559672.077504336,13.235106315309698,2021-03-31,19,0.17438853942565657
12938,78251,2022-10-31,288332.00298361504,12.571867883305604,2022-01-31,9,0.1057487413996725
12939,43130,2022-10-31,237573.9270074411,12.378234125632154,2021-09-30,13,0.10938604544826447
12940,85338,2022-10-31,486763.0473221925,13.095532727851454,2021-05-31,17,0.2718318642147537
12941,37066,2022-10-31,453811.3997037757,13.025436971558365,2023-08-31,-10,0.02719055821066796
12942,84005,2022-10-31,547015.6341781816,13.212232662674246,2023-09-30,-11,0.0673075238416132
12943,83634,2022-10-31,493947.3809844002,13.110184274270893,2022-09-30,1,-0.019786264789447117
12944,76065,2022-10-31,476948.0617024438,13.075162878622217,2023-10-31,-12,0.014018589204932042
12945,52404,2022-10-31,179325.84714300744,12.096959805048764,2024-04-30,-18,-0.06248003172734684
12946,51503,2022-10-31,264156.99398927606,12.484298879581623,2022-08-31,2,-0.003019138086136408
12947,46552,2022-10-31,230907.23241766912,12.34977131757906,2024-01-31,-15,-0.07518163891984386
12948,29847,2022-10-31,224276.6063522383,12.32063541882403,2024-04-30,-18,0.033584438182069576
12949,68142,2022-10-31,361307.03855703626,12.797483398144525,2021-10-31,12,0.10190421494784019
12950,08361,2022-10-31,295060.99253932823,12.594937368321823,2024-04-30,-18,-0.09386056464111903
12951,74361,2022-10-31,198164.23927118708,12.196851457107538,2024-06-30,-20,-0.04049237516767512
12952,20166,2022-10-31,578188.5111309121,13.267655238306286,2024-09-30,-23,-0.07567244783914262
12953,76207,2022-10-31,397725.108508649,12.893516363496708,2024-10-31,-24,0.05127590886035094
12954,74401,2022-10-31,117872.51760308194,11.677358960143119,2024-10-31,-24,-0.10703283165024047
12957,23150,2022-10-31,287603.2414196793,12.569337175348545,2022-03-31,7,0.09715137018580755
12958,23836,2022-10-31,389581.8579651865,12.872829283868521,2023-08-31,-10,-0.043214909737359974
12961,14012,2022-11-30,217601.5741929981,12.290421028280578,2024-09-30,-22,-0.054082366017711436
12962,58436,2022-11-30,160809.4986717791,11.98797570532427,2023-09-30,-10,0.1462418385709583
12965,68059,2022-11-30,411040.3133551026,12.9264465746904,2024-07-31,-20,-0.06312909223783691
12966,28905,2022-11-30,214544.94782855175,12.276274542384561,2024-05-31,-18,-0.07595591176410466
12968,84013,2022-11-30,554350.3220497671,13.225552116150572,2023-09-30,-10,0.0390316792111598
12969,53403,2022-11-30,170900.30886448233,12.048835676383982,2023-06-30,-7,-0.04691129898651525
12970,79601,2022-11-30,187046.8131983496,12.139114202466494,2024-04-30,-17,-0.04997322690277173
12971,39157,2022-11-30,262162.11132905615,12.476718336929892,2024-01-31,-14,-0.03634978184385851
12972,43054,2022-11-30,508101.9892983546,13.1384374727451,2022-03-31,8,0.05962386656504748
12973,39046,2022-11-30,211825.82546439013,12.26351963797582,2023-09-30,-10,-0.020528261832819084
12974,55068,2022-11-30,406803.76239719614,12.916086191877774,2024-04-30,-17,-0.0013473576981652968
12975,20136,2022-11-30,655561.236962917,13.393246998055776,2021-06-30,17,0.12065774250028483
12976,35810,2022-11-30,179697.7728720037,12.099031679105554,2021-03-31,20,0.25314375658624044
12977,30214,2022-11-30,394895.65807276434,12.8863768522099,2023-03-31,-4,-0.0002410974402646815
12978,97058,2022-11-30,378768.3577805771,12.844680104018776,2023-04-30,-5,0.01666836134262084
12979,18603,2022-11-30,201840.79050630968,12.215234499807021,2021-06-30,17,0.037033214177496276
12980,46806,2022-11-30,92334.53448061056,11.433173505232029,2024-03-31,-16,-0.16043899885873358
12981,76504,2022-11-30,212479.93266779068,12.266602828382876,2022-03-31,8,0.08466677608309858
12982,82007,2022-11-30,293533.77882501273,12.589748001321377,2024-04-30,-17,-0.024279239791592744
12983,47130,2022-11-30,227135.82301640153,12.333303456809267,2024-01-31,-14,-0.050807391402930335
12984,30721,2022-11-30,198609.6082147545,12.199096409154844,2024-05-31,-18,-0.10688218336472133
12985,75154,2022-11-30,371804.43273840216,12.826123276571735,2023-03-31,-4,0.019883101930838976
12986,87031,2022-11-30,297505.2019829569,12.603186989471947,2024-06-30,-19,-0.06440005667215587
12987,38109,2022-11-30,104524.01528809567,11.55717213535375,2024-03-31,-16,0.131201450312334
12988,43207,2022-11-30,191565.74691395683,12.162986354601426,2021-09-30,14,0.13213188345234705
12989,30318,2022-11-30,413723.2865519542,12.932952639364167,2023-12-31,-13,-0.01431960062731008
12991,97124,2022-11-30,555678.4972789212,13.227945163682064,2021-03-31,20,0.1672273877980217
12992,78251,2022-11-30,287722.20643602527,12.56975073264376,2022-01-31,10,0.10363159073782846
12993,43130,2022-11-30,237868.90243255568,12.379474970775659,2021-09-30,14,0.11062689059176911
12994,37066,2022-11-30,451276.1273539891,13.01983468690653,2023-08-31,-9,0.021588273558831972
12995,85338,2022-11-30,477918.8655182533,13.077196259657057,2021-05-31,18,0.253495396020357
12997,83634,2022-11-30,483743.0160122299,13.08930908603789,2022-09-30,2,-0.040661453022449834
12998,84005,2022-11-30,538538.5113766389,13.196614289041188,2023-09-30,-10,0.05168915020855458
12999,76065,2022-11-30,474498.23934684345,13.070013186481175,2023-10-31,-11,0.008868897063889492
13000,52404,2022-11-30,179494.4622785215,12.097899635618539,2024-04-30,-17,-0.06154020115757142
13001,51503,2022-11-30,264289.9086045837,12.484801918268984,2022-08-31,3,-0.0025160993987753955
13002,46552,2022-11-30,231431.72928030015,12.352040203098495,2024-01-31,-14,-0.07291275340040926
13003,29847,2022-11-30,222568.8535545993,12.312991786895338,2024-04-30,-17,0.025940806253377247
13004,68142,2022-11-30,361044.6319769616,12.796756863958143,2021-10-31,13,0.10117768076145772
13005,08361,2022-11-30,295402.32528158807,12.596093520685498,2024-04-30,-17,-0.09270441227744364
13006,74361,2022-11-30,198083.0455738036,12.196441643833731,2024-06-30,-19,-0.04090218844148197
13007,20166,2022-11-30,576374.5427197645,13.264512976135913,2024-09-30,-22,-0.07881471000951557
13008,76207,2022-11-30,394968.92167509446,12.886562361484321,2024-10-31,-23,0.04432190684796389
13009,74401,2022-11-30,118252.85135249364,11.680580418980961,2024-10-31,-23,-0.10381137281239816
13012,23150,2022-11-30,289622.88745114236,12.576334967624838,2022-03-31,8,0.10414916246210026
13013,23836,2022-11-30,388458.7046604855,12.869942148829994,2023-08-31,-9,-0.04610204477588731
13014,71269,2022-11-30,178323.0305084074,12.091351962691066,2024-11-30,-24,-0.03341545989743544
13016,14012,2022-12-31,215437.55105489536,12.280426360241592,2024-09-30,-21,-0.06407703405669807
13017,58436,2022-12-31,157678.14507955266,11.9683111779291,2023-09-30,-9,0.1265773111757884
13019,52228,2022-12-31,308904.6173474841,12.640787826504521,2024-12-31,-24,-0.04667640143089535
13020,68059,2022-12-31,412143.93029875186,12.929127912710092,2024-07-31,-19,-0.06044775421814563
13021,28905,2022-12-31,214006.94941166532,12.27376376736301,2024-05-31,-17,-0.07846668678565649
13023,84013,2022-12-31,549309.0991858797,13.21641658425064,2023-09-30,-9,0.02989614731122714
13024,53403,2022-12-31,170622.06501205993,12.047206243378895,2023-06-30,-6,-0.04854073199160247
13025,79601,2022-12-31,187339.51761940485,12.140677851866057,2024-04-30,-16,-0.04840957750320918
13026,39157,2022-12-31,262548.0840386466,12.478189521528986,2024-01-31,-13,-0.03487859724476472
13027,43054,2022-12-31,507672.3481601305,13.137591534532246,2022-03-31,9,0.05877792835219431
13028,39046,2022-12-31,212124.5121522637,12.264928702721337,2023-09-30,-9,-0.01911919708730281
13029,55068,2022-12-31,405432.45186480857,12.9127095587968,2024-04-30,-16,-0.004723990779138987
13030,20136,2022-12-31,654305.5972539334,13.39132979538938,2021-06-30,18,0.11874053983388855
13031,35810,2022-12-31,178901.43692483508,12.09459030146475,2021-03-31,21,0.24870237894543656
13032,30214,2022-12-31,394007.10649708286,12.884124224912036,2023-03-31,-3,-0.0024937247381284777
13033,97058,2022-12-31,375915.51348231337,12.837119698938276,2023-04-30,-4,0.009107956262120354
13034,18603,2022-12-31,201755.41357324936,12.214811418849019,2021-06-30,18,0.03661013321949369
13035,46806,2022-12-31,92028.00440819906,11.429848205453487,2024-03-31,-15,-0.16376429863727537
13036,76504,2022-12-31,211017.85597742573,12.2596980343631,2022-03-31,9,0.07776198206332197
13037,82007,2022-12-31,293054.3266534422,12.588113286011392,2024-04-30,-16,-0.025913955101577457
13038,47130,2022-12-31,227655.44712638727,12.335588568112895,2024-01-31,-13,-0.04852228009930215
13039,30721,2022-12-31,198053.9692386489,12.196294844448065,2024-05-31,-17,-0.10968374807150028
13040,75154,2022-12-31,370174.92916495143,12.82173095442133,2023-03-31,-3,0.015490779780433783
13041,87031,2022-12-31,296412.9719082432,12.59950893631903,2024-06-30,-18,-0.06807810982507334
13042,38109,2022-12-31,103422.48889726556,11.546577711578884,2024-03-31,-15,0.12060702653746702
13043,43207,2022-12-31,191001.42637161,12.16003617491507,2021-09-30,15,0.12918170376599214
13044,30318,2022-12-31,412095.68934137706,12.929010857047441,2023-12-31,-12,-0.018261382944036342
13046,97124,2022-12-31,552331.6684986796,13.2219039935514,2021-03-31,21,0.16118621766735863
13047,78251,2022-12-31,287386.912798807,12.568584715051644,2022-01-31,11,0.1024655731457127
13048,43130,2022-12-31,238102.08950768816,12.380454808193223,2021-09-30,15,0.11160672800933291
13049,37066,2022-12-31,449103.674073977,13.015009040013144,2023-08-31,-8,0.01676262666544659
13050,85338,2022-12-31,468551.0250897208,13.057400286341105,2021-05-31,19,0.23369942270440447
13052,83634,2022-12-31,473850.8486443828,13.068647885852489,2022-09-30,3,-0.06132265320785102
13053,84005,2022-12-31,531230.889115314,13.182952025143708,2023-09-30,-9,0.03802688631107465
13054,76065,2022-12-31,472967.22210896946,13.066781367205989,2023-10-31,-10,0.005637077788703593
13055,52404,2022-12-31,179460.7055131111,12.09771155215554,2024-04-30,-16,-0.06172828462057112
13056,51503,2022-12-31,264788.7502670965,12.486687618256937,2022-08-31,4,-0.0006303994108218802
13057,46552,2022-12-31,231822.19074286436,12.353725937587301,2024-01-31,-13,-0.07122701891160332
13058,29847,2022-12-31,221148.3269333513,12.306588917965351,2024-04-30,-16,0.019537937323390153
13059,68142,2022-12-31,361709.1539106485,12.798595725639434,2021-10-31,14,0.10301654244274872
13060,08361,2022-12-31,295912.96781612776,12.597820662423377,2024-04-30,-16,-0.09097727053956461
13061,74361,2022-12-31,197749.8310748144,12.194758031393452,2024-06-30,-18,-0.04258580088176167
13062,20166,2022-12-31,574936.7580177536,13.262015327674497,2024-09-30,-21,-0.08131235847093166
13063,76207,2022-12-31,391664.4173073573,12.87816067383075,2024-10-31,-22,0.035920219194393255
13064,74401,2022-12-31,117732.49600565816,11.67617034694882,2024-10-31,-22,-0.10822144484453844
13067,23150,2022-12-31,291743.1664302115,12.583629127184553,2022-03-31,9,0.11144332202181495
13068,23836,2022-12-31,388436.1770024854,12.869884154734427,2023-08-31,-8,-0.046160038871454034
13069,71269,2022-12-31,177052.35361486467,12.084200750955587,2024-11-30,-23,-0.04056667163291472
13071,14012,2023-01-31,212603.5928995019,12.267184644556695,2024-09-30,-20,-0.07731874974159503
13072,58436,2023-01-31,154439.79528086635,11.947559624819577,2023-09-30,-8,0.10582575806626515
13074,52228,2023-01-31,308822.0998286686,12.64052066137466,2024-12-31,-23,-0.04694356656075627
13075,68059,2023-01-31,412264.7182188109,12.929420941952667,2024-07-31,-18,-0.06015472497557006
13076,28905,2023-01-31,212838.38323949525,12.268288392550536,2024-05-31,-16,-0.08394206159812967
13078,84013,2023-01-31,543826.0550993872,13.20638472305108,2023-09-30,-8,0.019864286111667795
13079,53403,2023-01-31,170678.89560865765,12.047539266743492,2023-06-30,-5,-0.04820770862700563
13080,79601,2023-01-31,187705.7171152682,12.142630680902792,2024-04-30,-15,-0.04645674846647374
13081,39157,2023-01-31,262209.5388443031,12.476899229681667,2024-01-31,-12,-0.03616888909208349
13082,43054,2023-01-31,506519.9421104337,13.135318974275732,2022-03-31,10,0.05650536809567974
13083,39046,2023-01-31,212344.84680735008,12.265966867998642,2023-09-30,-8,-0.018081031809996873
13084,55068,2023-01-31,403076.3448167126,12.906881264219633,2024-04-30,-15,-0.010552285356306257
13085,20136,2023-01-31,653222.037614253,13.38967237743685,2021-06-30,19,0.11708312188135928
13086,35810,2023-01-31,179338.87894403804,12.097032473477457,2021-03-31,22,0.25114455095814314
13087,30214,2023-01-31,393634.0013879589,12.88317682606935,2023-03-31,-2,-0.00344112358081361
13088,97058,2023-01-31,373280.77803856647,12.830086171582721,2023-04-30,-3,0.0020744289065657284
13089,18603,2023-01-31,202794.72582852337,12.219949543598279,2021-06-30,19,0.04174825796875403
13090,46806,2023-01-31,91658.17790017364,11.425821478967137,2024-03-31,-14,-0.1677910251236252
13091,76504,2023-01-31,209375.22428132824,12.251883252755297,2022-03-31,10,0.06994720045551972
13092,82007,2023-01-31,292052.2841076795,12.584688120385243,2024-04-30,-15,-0.02933912072772671
13093,47130,2023-01-31,227929.06196209195,12.336789727779843,2024-01-31,-12,-0.047321120432354036
13094,30721,2023-01-31,197408.64615375316,12.193031205193307,2024-05-31,-16,-0.11294738732625831
13095,75154,2023-01-31,367885.3950021363,12.815526742023097,2023-03-31,-2,0.009286567382201127
13096,87031,2023-01-31,295474.5860028613,12.596338108755376,2024-06-30,-17,-0.07124893738872728
13097,38109,2023-01-31,101384.20841707457,11.526672622479374,2024-03-31,-14,0.10070193743795741
13098,43207,2023-01-31,190269.8406728093,12.156198557659888,2021-09-30,16,0.1253440865108093
13099,30318,2023-01-31,410826.8960226441,12.925927227197715,2023-12-31,-11,-0.021345012793762663
13101,97124,2023-01-31,548621.7525527911,13.215164507725426,2021-03-31,22,0.15444673184138402
13102,78251,2023-01-31,287076.9850085359,12.567505699219582,2022-01-31,12,0.10138655731365098
13103,43130,2023-01-31,237662.940317726,12.37860873171786,2021-09-30,16,0.10976065153396952
13104,37066,2023-01-31,446715.5583507749,13.009677336263058,2023-08-31,-7,0.011430922915360853
13105,85338,2023-01-31,459127.53060400736,13.037083294904235,2021-05-31,20,0.21338243126753476
13107,83634,2023-01-31,464546.4807462099,13.048816898421798,2022-09-30,4,-0.0811536406385418
13108,84005,2023-01-31,524766.0185225633,13.170707763224714,2023-09-30,-8,0.025782624392080677
13109,76065,2023-01-31,470326.3728682936,13.061182143052998,2023-10-31,-9,3.78536357121817e-05
13110,52404,2023-01-31,179299.7652828655,12.09681435051744,2024-04-30,-15,-0.06262548625867126
13111,51503,2023-01-31,265249.109626734,12.488424699738207,2022-08-31,5,0.0011066820704481728
13112,46552,2023-01-31,231855.29119568825,12.353868711192531,2024-01-31,-12,-0.07108424530637336
13113,29847,2023-01-31,221327.85237944685,12.307400376137972,2024-04-30,-15,0.02034939549601056
13114,68142,2023-01-31,362086.4210893654,12.799638194606954,2021-10-31,15,0.10405901141026952
13115,08361,2023-01-31,297518.5693847038,12.603231920119738,2024-04-30,-15,-0.08556601284320386
13116,74361,2023-01-31,196815.95909107212,12.190024353254875,2024-06-30,-17,-0.04731947902033795
13117,20166,2023-01-31,572748.4472102467,13.258201889199446,2024-09-30,-20,-0.08512579694598266
13118,76207,2023-01-31,387528.2133659649,12.867543933811476,2024-10-31,-21,0.025303479175118326
13119,74401,2023-01-31,116780.62069636448,11.668052416914724,2024-10-31,-21,-0.11633937487863477
13122,23150,2023-01-31,293527.1030922739,12.589725258423853,2022-03-31,10,0.1175394532611147
13123,23836,2023-01-31,389115.5340087454,12.87163158109722,2023-08-31,-7,-0.04441261250866013
13124,71269,2023-01-31,177942.65316090256,12.089216604111913,2024-11-30,-22,-0.035550818476588475
13126,14012,2023-02-28,209667.3866497464,12.253277680950129,2024-09-30,-19,-0.09122571334816065
13127,58436,2023-02-28,150501.79720610764,11.92173030466859,2023-09-30,-7,0.07999643791527689
13129,52228,2023-02-28,308651.7760358884,12.639968982012155,2024-12-31,-22,-0.04749524592326182
13130,68059,2023-02-28,412586.8889614711,12.930202102482,2024-07-31,-17,-0.05937356444623809
13131,28905,2023-02-28,211644.1994440006,12.262661839213955,2024-05-31,-15,-0.08956861493471102
13133,84013,2023-02-28,539279.6697648527,13.19798958316408,2023-09-30,-7,0.011469146224667881
13134,53403,2023-02-28,171368.70933565544,12.051572709177945,2023-06-30,-4,-0.04417426619255238
13135,79601,2023-02-28,188373.2051611684,12.14618040787368,2024-04-30,-14,-0.04290702149558534
13136,43054,2023-02-28,506852.4184965687,13.135975152421079,2022-03-31,11,0.05716154624102643
13137,39157,2023-02-28,261711.43692109516,12.474997789974836,2024-01-31,-11,-0.03807032879891459
13138,39046,2023-02-28,212327.4859649249,12.265885106880269,2023-09-30,-7,-0.018162792928370308
13139,55068,2023-02-28,401154.6394193165,12.902102266412983,2024-04-30,-14,-0.015331283162955955
13140,20136,2023-02-28,653285.6723632786,13.389769789413206,2021-06-30,20,0.11718053385771476
13141,35810,2023-02-28,180579.75950450715,12.10392784006585,2021-03-31,23,0.25803991754653666
13142,30214,2023-02-28,393081.09211031586,12.881771210813595,2023-03-31,-1,-0.004846738836569386
13143,97058,2023-02-28,371539.1961497283,12.825409645379853,2023-04-30,-2,-0.0026020972963021194
13144,18603,2023-02-28,203790.9803568031,12.224850141464602,2021-06-30,20,0.04664885583507683
13145,46806,2023-02-28,92360.7838823838,11.433457750682132,2024-03-31,-13,-0.16015475340863006
13146,76504,2023-02-28,208196.3643586239,12.24623697275609,2022-03-31,11,0.0643009204563132
13147,82007,2023-02-28,291007.3114858728,12.581103671219,2024-04-30,-14,-0.032923569893970495
13148,47130,2023-02-28,228370.9647022336,12.338726623911647,2024-01-31,-11,-0.04538422430055
13149,30721,2023-02-28,197210.9602405977,12.192029298919575,2024-05-31,-15,-0.1139492935999904
13150,75154,2023-02-28,365990.34978322656,12.8103622453234,2023-03-31,-1,0.004122070682504031
13151,84005,2023-02-28,519700.77702469664,13.16100849613626,2023-09-30,-7,0.016083357303626755
13153,87031,2023-02-28,294985.15950407705,12.594680327290689,2024-06-30,-16,-0.07290671885341382
13154,38109,2023-02-28,99327.7361938818,11.506180128190419,2024-03-31,-13,0.08020944314900191
13155,43207,2023-02-28,190531.6743582222,12.157573729324602,2021-09-30,17,0.1267192581755232
13156,30318,2023-02-28,409964.5549279579,12.923825983548129,2023-12-31,-10,-0.02344625644334819
13158,97124,2023-02-28,546145.9129509799,13.210641458861797,2021-03-31,23,0.1499236829777555
13159,78251,2023-02-28,286197.4158815803,12.564437116998667,2022-01-31,13,0.09831797509273521
13160,43130,2023-02-28,237489.52669996265,12.377878803379062,2021-09-30,17,0.10903072319517193
13161,37066,2023-02-28,444407.1781503334,13.004496489070657,2023-08-31,-6,0.006250075722959991
13162,85338,2023-02-28,451696.5762626149,13.020765941942981,2021-05-31,21,0.19706507830628084
13163,83634,2023-02-28,456606.4931359117,13.031577233598515,2022-09-30,5,-0.09839330546182445
13164,76065,2023-02-28,468486.0671002649,13.057261640837952,2023-10-31,-8,-0.003882648579333292
13165,52404,2023-02-28,179181.46316773162,12.096154332028105,2024-04-30,-14,-0.06328550474800565
13166,51503,2023-02-28,266148.3609260688,12.491809180122683,2022-08-31,6,0.00449116245492398
13167,46552,2023-02-28,232449.8725616484,12.356429878878737,2024-01-31,-11,-0.06852307762016707
13168,29847,2023-02-28,221539.9291642909,12.308358119328572,2024-04-30,-14,0.021307138686610827
13169,68142,2023-02-28,362604.12540653656,12.801066954531429,2021-10-31,16,0.10548777133474374
13170,08361,2023-02-28,299521.2359514353,12.609940598703274,2024-04-30,-14,-0.07885733425966812
13171,76207,2023-02-28,384346.30331505154,12.859299256713726,2024-10-31,-20,0.01705880207736854
13172,20166,2023-02-28,571564.9817838777,13.256133459662001,2024-09-30,-19,-0.08719422648342778
13173,74361,2023-02-28,195928.01616990985,12.185502606315318,2024-06-30,-16,-0.05184122595989571
13174,74401,2023-02-28,115793.54027819402,11.659564059129794,2024-10-31,-20,-0.12482773266356517
13176,36105,2023-02-28,48240.86934875759,10.783961852564506,2025-02-28,-24,0.006829762961194419
13177,23150,2023-02-28,294227.51152714674,12.592108595786062,2022-03-31,11,0.119922790623324
13178,23836,2023-02-28,389722.0129793088,12.873188976719689,2023-08-31,-6,-0.04285521688619198
13180,71269,2023-02-28,178541.78095778878,12.09257791980284,2024-11-30,-21,-0.032189502785660906
13181,14012,2023-03-31,208544.423879611,12.247907361696843,2024-09-30,-18,-0.09659603260144678
13182,58436,2023-03-31,148733.87649136985,11.909913924197566,2023-09-30,-6,0.0681800574442537
13184,52228,2023-03-31,308479.5965357403,12.639410982492869,2024-12-31,-21,-0.04805324544254752
13185,68059,2023-03-31,413740.9207407942,12.932995261603745,2024-07-31,-16,-0.05658040532449249
13186,28905,2023-03-31,211923.4708005212,12.263980501692739,2024-05-31,-14,-0.08824995245592682
13188,84013,2023-03-31,534626.7550546512,13.189324128300816,2023-09-30,-6,0.002803691361403793
13189,53403,2023-03-31,172821.4379251534,12.06001418972389,2023-06-30,-3,-0.03573278564660676
13190,79601,2023-03-31,189213.43198324097,12.150630926648917,2024-04-30,-13,-0.03845650272034895
13191,43054,2023-03-31,508342.7998833764,13.138911301903535,2022-03-31,12,0.06009769572348311
13192,39157,2023-03-31,262359.6102231348,12.47747139974997,2024-01-31,-10,-0.03559671902378092
13193,39046,2023-03-31,212530.62971626068,12.266841396800686,2023-09-30,-6,-0.017206503007953344
13194,55068,2023-03-31,399934.46819036594,12.899055983144512,2024-04-30,-13,-0.018377566431427184
13195,20136,2023-03-31,653532.0315372375,13.3901468262044,2021-06-30,21,0.11755757064890915
13196,35810,2023-03-31,181588.3483994756,12.109497582295099,2021-03-31,24,0.2636096597757849
13197,30214,2023-03-31,394990.87788326194,12.886617949650164,2023-03-31,0,0.0
13198,97058,2023-03-31,371174.96882390307,12.824428844495205,2023-04-30,-1,-0.0035828981809498117
13199,18603,2023-03-31,205335.1435508374,12.232398769803025,2021-06-30,21,0.05419748417349979
13200,46806,2023-03-31,93795.63965732067,11.4488736483842,2024-03-31,-12,-0.14473885570656186
13201,76504,2023-03-31,207550.86952835915,12.24313174296101,2022-03-31,12,0.06119569066123276
13202,82007,2023-03-31,290800.77111259516,12.580393676331918,2024-04-30,-13,-0.03363356478105217
13203,47130,2023-03-31,229031.40411328315,12.341614408999979,2024-01-31,-10,-0.04249643921221846
13204,30721,2023-03-31,197785.702230204,12.194939411585457,2024-05-31,-14,-0.11103918093410847
13205,75154,2023-03-31,364484.8167807989,12.806240174640896,2023-03-31,0,0.0
13206,84005,2023-03-31,515301.8812624829,13.152508185119826,2023-09-30,-6,0.007583046287193085
13208,87031,2023-03-31,295377.9572379617,12.596011026247679,2024-06-30,-15,-0.07157601989642437
13209,38109,2023-03-31,98147.072172168,11.494222369123847,2024-03-31,-12,0.06825168408242988
13210,43207,2023-03-31,191131.8335056655,12.160718696709482,2021-09-30,18,0.12986422556040367
13211,30318,2023-03-31,409736.52281002625,12.923269604814449,2023-12-31,-9,-0.02400263517702861
13213,97124,2023-03-31,544621.905542302,13.207847081590064,2021-03-31,24,0.1471293057060219
13214,78251,2023-03-31,285206.54376765335,12.56096891174592,2022-01-31,14,0.09484976983998905
13215,43130,2023-03-31,237874.56293367085,12.379498767218605,2021-09-30,18,0.11065068703471503
13216,85338,2023-03-31,447373.3191092761,13.011148690831375,2021-05-31,22,0.18744782719467423
13217,37066,2023-03-31,442478.15174224874,13.000146367617369,2023-08-31,-5,0.0018999542696711558
13218,83634,2023-03-31,450678.0088254435,13.018508414112318,2022-09-30,6,-0.11146212494802121
13219,76065,2023-03-31,467209.8506019963,13.054533794610348,2023-10-31,-7,-0.006610494806936984
13220,52404,2023-03-31,179657.2632156445,12.09880622153595,2024-04-30,-13,-0.06063361524016031
13221,51503,2023-03-31,267812.73224596155,12.498043254969982,2022-08-31,7,0.010725237302223078
13222,46552,2023-03-31,234005.96103595555,12.363101868527998,2024-01-31,-10,-0.061851087970905994
13223,29847,2023-03-31,222791.22823808284,12.313990415695066,2024-04-30,-13,0.026939435053105143
13224,68142,2023-03-31,363407.6313881096,12.803280434690992,2021-10-31,17,0.10770125149430676
13225,08361,2023-03-31,301871.62618068606,12.617757127113471,2024-04-30,-13,-0.0710408058494707
13226,76207,2023-03-31,382243.29241534654,12.853812575999275,2024-10-31,-19,0.011572121362917187
13227,20166,2023-03-31,571389.066265954,13.255825633604404,2024-09-30,-18,-0.08750205254102461
13228,74361,2023-03-31,195457.62025777265,12.18309885873313,2024-06-30,-15,-0.05424497354208313
13229,74401,2023-03-31,115301.64635373432,11.65530698502541,2024-10-31,-19,-0.1290848067679491
13231,36105,2023-03-31,47876.193044399166,10.776373646159898,2025-02-28,-23,-0.000758443443412915
13232,23150,2023-03-31,295164.1679853852,12.595286982177715,2022-03-31,12,0.12310117701497703
13233,23836,2023-03-31,390811.4370381239,12.875980464429093,2023-08-31,-5,-0.04006372917678824
13235,71269,2023-03-31,179727.5812037138,12.09919754571146,2024-11-30,-20,-0.025569876877041153
13236,14012,2023-04-30,209414.79404980768,12.25207222463555,2024-09-30,-17,-0.09243116966274023
13237,58436,2023-04-30,147465.1851280062,11.901347393871365,2023-09-30,-5,0.0596135271180529
13239,52228,2023-04-30,308921.6021595331,12.640842808994798,2024-12-31,-20,-0.04662141894061911
13240,68059,2023-04-30,415977.98349255574,12.93838761354612,2024-07-31,-15,-0.05118805338211807
13241,28905,2023-04-30,214367.66642402345,12.275447887216432,2024-05-31,-13,-0.07678256693223418
13242,79019,2023-04-30,209509.26743924455,12.252523253352795,2025-04-30,-24,-0.06860235260107217
13243,84013,2023-04-30,530674.2315339216,13.181903612019866,2023-09-30,-5,-0.004616824919546403
13244,53403,2023-04-30,174839.73260511295,12.071625019607017,2023-06-30,-2,-0.024121955763479974
13245,79601,2023-04-30,190136.71199691147,12.15549862922596,2024-04-30,-12,-0.03358880014330623
13246,43054,2023-04-30,511993.10238586896,13.146066432028299,2022-03-31,13,0.06725282584824654
13247,39157,2023-04-30,263914.5633842813,12.483380706206665,2024-01-31,-9,-0.029687412567085403
13248,39046,2023-04-30,213369.08276331375,12.27077872808158,2023-09-30,-5,-0.013269171727058549
13249,55068,2023-04-30,400044.6533543241,12.899331453245386,2024-04-30,-12,-0.018102096330553152
13250,20136,2023-04-30,655178.108127146,13.39266239845843,2021-06-30,22,0.12007314290293891
13252,30214,2023-04-30,397534.4487174269,12.893036872761533,2023-03-31,1,0.006418923111368713
13253,97058,2023-04-30,372507.23620850017,12.828011742676155,2023-04-30,0,0.0
13254,18603,2023-04-30,206159.62642164857,12.236406033244903,2021-06-30,22,0.05820474761537753
13255,46806,2023-04-30,95949.06253002991,11.471572730987177,2024-03-31,-11,-0.1220397731035856
13256,76504,2023-04-30,207603.76514110295,12.243386566627242,2022-03-31,13,0.061450514327464845
13257,82007,2023-04-30,291543.74419212056,12.582945339353111,2024-04-30,-12,-0.031081901759858255
13258,47130,2023-04-30,230138.36044038503,12.346435974168466,2024-01-31,-9,-0.03767487404373071
13259,30721,2023-04-30,199324.231821737,12.202688083465048,2024-05-31,-13,-0.10329050905451709
13260,75154,2023-04-30,364082.7959787301,12.805136582233466,2023-03-31,1,-0.0011035924074302983
13261,84005,2023-04-30,511990.37170323735,13.146061098577709,2023-09-30,-5,0.001135959745075965
13263,87031,2023-04-30,296660.65563912987,12.600344190944364,2024-06-30,-14,-0.06724285519973883
13264,38109,2023-04-30,97929.00525899768,11.491998058989378,2024-03-31,-11,0.06602737394796065
13265,43207,2023-04-30,192496.31908152773,12.167832310872754,2021-09-30,19,0.1369778397236754
13266,30318,2023-04-30,410087.3312021179,12.924125418930581,2023-12-31,-8,-0.023146821060896272
13269,78251,2023-04-30,284223.5602709213,12.557516391529015,2022-01-31,15,0.09139724962308371
13270,43130,2023-04-30,239482.70647331592,12.38623648643407,2021-09-30,19,0.11738840625018021
13271,37066,2023-04-30,441335.58202473697,12.997560822020214,2023-08-31,-4,-0.0006855913274836922
13272,85338,2023-04-30,445585.3112266789,13.0071440030184,2021-05-31,23,0.18344313938169954
13273,83634,2023-04-30,446845.68255631067,13.009968584809881,2022-09-30,7,-0.12000195425045845
13274,76065,2023-04-30,467964.0088612411,13.056146667799862,2023-10-31,-6,-0.004997621617423675
13275,52404,2023-04-30,180760.4208956524,12.104927792000334,2024-04-30,-12,-0.05451204477577676
13276,51503,2023-04-30,270065.967548625,12.506421532392368,2022-08-31,8,0.019103514724609028
13277,46552,2023-04-30,236994.9778734647,12.375794229485427,2024-01-31,-9,-0.04915872701347723
13278,29847,2023-04-30,224652.44060439765,12.322309778469553,2024-04-30,-12,0.03525879782759134
13279,68142,2023-04-30,364902.6795951775,12.807385965766109,2021-10-31,18,0.111806782569424
13280,08361,2023-04-30,303454.14744833374,12.622985798820405,2024-04-30,-12,-0.0658121341425364
13281,76207,2023-04-30,381832.60631848016,12.8527375881948,2024-10-31,-18,0.010497133558443394
13282,20166,2023-04-30,572944.116631827,13.258543463247594,2024-09-30,-17,-0.08478422289783438
13283,74361,2023-04-30,196159.70866895592,12.186684446558386,2024-06-30,-14,-0.05065938571682693
13284,74401,2023-04-30,115694.24621716236,11.658706181756438,2024-10-31,-18,-0.12568561003692125
13286,36105,2023-04-30,48537.633981197454,10.790094734400727,2025-02-28,-22,0.012962644797415379
13287,23150,2023-04-30,296815.7317380558,12.600866793378948,2022-03-31,13,0.12868098821621032
13288,23836,2023-04-30,392183.8684481657,12.879486060965709,2023-08-31,-4,-0.03655813264017205
13290,71269,2023-04-30,179783.87216634923,12.09951069825538,2024-11-30,-19,-0.025256724333122094
13291,14012,2023-05-31,211912.35563070155,12.263928051337535,2024-09-30,-16,-0.08057534296075453
13292,58436,2023-05-31,147124.21711981695,11.899032523357711,2023-09-30,-4,0.0572986566043987
13294,52228,2023-05-31,310008.5483153226,12.644355151291858,2024-12-31,-19,-0.04310907664355845
13295,68059,2023-05-31,418909.50948622264,12.945410207766557,2024-07-31,-14,-0.04416545916168069
13296,28905,2023-05-31,217250.3912246696,12.28880584393002,2024-05-31,-12,-0.06342461021864665
13297,79019,2023-05-31,209867.74448952815,12.254232823154643,2025-04-30,-23,-0.06689278279922384
13298,84013,2023-05-31,527957.525440296,13.176771115210723,2023-09-30,-4,-0.009749321728689253
13299,53403,2023-05-31,177145.62869962302,12.08472743428848,2023-06-30,-1,-0.011019541082017525
13300,79601,2023-05-31,191026.07333484743,12.160165207318709,2024-04-30,-11,-0.028922222050557167
13301,43054,2023-05-31,516104.8602924366,13.154065241438797,2022-03-31,14,0.0752516352587449
13302,39157,2023-05-31,266270.2654474449,12.492267107465821,2024-01-31,-8,-0.02080101130792933
13303,39046,2023-05-31,214907.04314849537,12.27796085616751,2023-09-30,-4,-0.006087043641128886
13304,55068,2023-05-31,400763.9486608168,12.901127876256131,2024-04-30,-11,-0.016305673319807923
13305,20136,2023-05-31,657580.2073201844,13.39632202391376,2021-06-30,23,0.12373276835826807
13307,30214,2023-05-31,400775.1815606735,12.90115590458172,2023-03-31,2,0.01453795493155674
13308,97058,2023-05-31,374684.6932908224,12.833840133375773,2023-04-30,1,0.005828390699617714
13309,18603,2023-05-31,206889.659710346,12.239940885251023,2021-06-30,23,0.06173959962149844
13310,46806,2023-05-31,97868.98738492256,11.491384999834436,2024-03-31,-10,-0.10222750425632654
13311,76504,2023-05-31,207832.5753269857,12.244488108243758,2022-03-31,14,0.06255205594398028
13312,82007,2023-05-31,293048.9351402733,12.588094888184523,2024-04-30,-11,-0.025932352928446534
13313,47130,2023-05-31,231624.15603582055,12.35287131991484,2024-01-31,-8,-0.03123952829735721
13314,30721,2023-05-31,201384.52514728953,12.21297141990584,2024-05-31,-12,-0.09300717261372604
13315,75154,2023-05-31,364281.5272348376,12.805682274148088,2023-03-31,2,-0.0005579004928080167
13316,84005,2023-05-31,509706.18846922857,13.141589737649813,2023-09-30,-4,-0.0033354011828201635
13318,87031,2023-05-31,298599.87341945706,12.606859740173732,2024-06-30,-13,-0.06072730597037079
13319,38109,2023-05-31,98061.22037852196,11.493347260350319,2024-03-31,-10,0.06737657530890218
13320,43207,2023-05-31,193764.28900380345,12.174397694193269,2021-09-30,20,0.14354322304419043
13321,30318,2023-05-31,410975.7506186893,12.926289490809985,2023-12-31,-7,-0.02098274918149201
13324,78251,2023-05-31,284064.1299368294,12.556955301288907,2022-01-31,16,0.09083615938297562
13325,43130,2023-05-31,241865.35059813783,12.396136447802483,2021-09-30,20,0.1272883676185934
13326,85338,2023-05-31,445659.6549575373,13.007310834212632,2021-05-31,24,0.1836099705759313
13327,37066,2023-05-31,441035.0215371282,12.996879565192256,2023-08-31,-3,-0.0013668481554418577
13328,83634,2023-05-31,445228.4084725362,13.00634270693293,2022-09-30,8,-0.12362783212740958
13329,76065,2023-05-31,469288.83918822656,13.058973719671945,2023-10-31,-5,-0.002170569745340245
13330,52404,2023-05-31,182575.62261759175,12.114919736684286,2024-04-30,-11,-0.04452010009182494
13331,51503,2023-05-31,272532.41404771834,12.515512836645199,2022-08-31,9,0.028194818977439695
13332,46552,2023-05-31,240243.0874726413,12.389406554192352,2024-01-31,-8,-0.035546402306552594
13333,29847,2023-05-31,225720.81787478743,12.327054195480674,2024-04-30,-11,0.04000321483871261
13334,68142,2023-05-31,367249.0497904995,12.813795506668582,2021-10-31,19,0.1182163234718967
13335,08361,2023-05-31,305248.661701272,12.628882007692322,2024-04-30,-11,-0.0599159252706194
13336,76207,2023-05-31,381965.764620706,12.853086262160708,2024-10-31,-17,0.010845807524351159
13337,20166,2023-05-31,575481.1674113697,13.262961782736125,2024-09-30,-16,-0.08036590340930339
13338,74361,2023-05-31,197337.91673704013,12.19267285163627,2024-06-30,-13,-0.04467098063894248
13339,74401,2023-05-31,116306.7564537868,11.663986431864762,2024-10-31,-17,-0.12040535992859702
13341,36105,2023-05-31,49288.50065849153,10.805446080459964,2025-02-28,-21,0.028313990856652538
13342,23150,2023-05-31,299869.3345238971,12.611102107171185,2022-03-31,14,0.13891630200844673
13343,23836,2023-05-31,395025.9779339692,12.88670680864215,2023-08-31,-3,-0.029337384963730173
13345,71269,2023-05-31,179485.70986849364,12.097850872980885,2024-11-30,-18,-0.026916549607616247
13346,14012,2023-06-30,214688.37273588832,12.276942826535874,2024-09-30,-15,-0.06756056776241515
13347,58436,2023-06-30,145850.5455844073,11.890337716011581,2023-09-30,-3,0.048603849258268994
13349,52228,2023-06-30,311626.8696165632,12.649561820379665,2024-12-31,-18,-0.037902407555751694
13350,28905,2023-06-30,219914.98111877168,12.300996301183535,2024-05-31,-11,-0.05123415296513123
13351,68059,2023-06-30,421676.5482107328,12.951993825692922,2024-07-31,-13,-0.037581841235315494
13352,79019,2023-06-30,211136.36994455277,12.260259506749081,2025-04-30,-22,-0.060866099204785584
13353,84013,2023-06-30,527511.6318862508,13.175926195058436,2023-09-30,-3,-0.010594241880976796
13354,53403,2023-06-30,179108.48727040822,12.095746975370497,2023-06-30,0,0.0
13355,79601,2023-06-30,191900.8030010966,12.164733866463829,2024-04-30,-10,-0.024353562905437443
13356,43054,2023-06-30,520848.432726924,13.163214362340051,2022-03-31,15,0.08440075615999909
13357,39157,2023-06-30,268379.0546927633,12.500155643377203,2024-01-31,-7,-0.012912475396547052
13358,39046,2023-06-30,216110.0282205161,12.2835429468811,2023-09-30,-3,-0.0005049529275389375
13359,55068,2023-06-30,402194.7819965651,12.904691782583036,2024-04-30,-10,-0.01274176699290308
13360,20136,2023-06-30,661819.7740477794,13.402748553213028,2021-06-30,24,0.13015929765753675
13362,30214,2023-06-30,401564.747692408,12.903124063856419,2023-03-31,3,0.016506114206254807
13363,97058,2023-06-30,376867.13244419725,12.839647970475728,2023-04-30,2,0.011636227799572296
13364,18603,2023-06-30,207654.20879845053,12.243629517567436,2021-06-30,24,0.06542823193791136
13365,46806,2023-06-30,99586.38494011828,11.508780736840379,2024-03-31,-9,-0.08483176725038355
13366,76504,2023-06-30,207988.28748637575,12.245237046936323,2022-03-31,15,0.06330099463654548
13367,82007,2023-06-30,294840.6277757043,12.594190244509019,2024-04-30,-10,-0.019836996603951107
13368,47130,2023-06-30,233461.4817046243,12.360772381903828,2024-01-31,-7,-0.023338466308368666
13369,30721,2023-06-30,203508.5074416534,12.223463088601047,2024-05-31,-11,-0.08251550391851836
13370,75154,2023-06-30,365166.82771059027,12.808109590364303,2023-03-31,3,0.0018694157234069309
13371,84005,2023-06-30,509328.15139451233,13.140847786025084,2023-09-30,-3,-0.004077352807549062
13373,87031,2023-06-30,300440.2289714818,12.613004107920153,2024-06-30,-12,-0.054582938223949995
13374,38109,2023-06-30,97685.51983509668,11.489508616556304,2024-03-31,-9,0.06353793151488674
13375,43207,2023-06-30,195286.83297471303,12.182224695107658,2021-09-30,21,0.15137022395857969
13376,30318,2023-06-30,412170.18586155114,12.929191615520207,2023-12-31,-6,-0.018080624471270568
13379,78251,2023-06-30,284242.2806404896,12.557582254306434,2022-01-31,17,0.09146311240050231
13380,43130,2023-06-30,244580.57534765397,12.407300085131034,2021-09-30,21,0.13845200494714405
13382,37066,2023-06-30,441703.8786488865,12.998394978729868,2023-08-31,-2,0.0001485653821706734
13383,83634,2023-06-30,445078.07426094246,13.006004993536616,2022-09-30,9,-0.12396554552372407
13384,76065,2023-06-30,470693.1143633158,13.061961598778552,2023-10-31,-4,0.0008173093612668936
13385,52404,2023-06-30,184736.6284973592,12.126686459992838,2024-04-30,-10,-0.032753376783272614
13386,51503,2023-06-30,275083.9773630752,12.524831702261464,2022-08-31,10,0.037513684593704966
13387,46552,2023-06-30,243568.81029669693,12.403154770071637,2024-01-31,-7,-0.02179818642726694
13388,29847,2023-06-30,225501.86651471327,12.326083715117724,2024-04-30,-10,0.03903273447576261
13389,68142,2023-06-30,369930.7217641494,12.821071028613824,2021-10-31,20,0.1254918454171392
13390,08361,2023-06-30,307176.1271895471,12.635176566264473,2024-04-30,-10,-0.05362136669846862
13391,76207,2023-06-30,382387.4306726773,12.854189590039349,2024-10-31,-16,0.011949135402991473
13392,20166,2023-06-30,579753.9958604304,13.270359147479416,2024-09-30,-15,-0.0729685386660126
13393,74361,2023-06-30,198807.8845385585,12.20009423307488,2024-06-30,-12,-0.037249599200332995
13394,74401,2023-06-30,117000.95808387792,11.669937402497458,2024-10-31,-16,-0.11445438929590068
13396,36105,2023-06-30,49804.60164364942,10.815862661226818,2025-02-28,-20,0.038730571623506904
13397,23150,2023-06-30,302734.21079164627,12.620610507426594,2022-03-31,15,0.1484247022638563
13398,23836,2023-06-30,398755.6716463275,12.896104156544496,2023-08-31,-2,-0.01994003706138514
13400,71269,2023-06-30,177919.28133772136,12.089085250792275,2024-11-30,-17,-0.03568217179622657
13401,14012,2023-07-31,216703.97891266493,12.286287548743353,2024-09-30,-14,-0.05821584555493686
13402,58436,2023-07-31,143835.5425811966,11.87642586049612,2023-09-30,-2,0.034691993742807625
13404,52228,2023-07-31,313104.1527607261,12.654291170595195,2024-12-31,-17,-0.033173057340221135
13405,28905,2023-07-31,221725.4424229936,12.309195149610769,2024-05-31,-10,-0.043035304537896835
13406,68059,2023-07-31,423785.5840394157,12.95698290828548,2024-07-31,-12,-0.03259275864275679
13407,79019,2023-07-31,212426.36286520833,12.266350679598876,2025-04-30,-21,-0.05477492635499104
13408,84013,2023-07-31,528768.9834198416,13.17830691114702,2023-09-30,-2,-0.008213525792392318
13409,53403,2023-07-31,180885.76723816944,12.105620990776648,2023-06-30,1,0.00987401540615096
13410,79601,2023-07-31,192309.2927325445,12.166860254551494,2024-04-30,-9,-0.02222717481777181
13411,43054,2023-07-31,525594.62080396,13.172285511708917,2022-03-31,16,0.0934719055288653
13412,39157,2023-07-31,269847.90199892723,12.505613753322947,2024-01-31,-6,-0.007454365450803024
13413,39046,2023-07-31,216807.9935101508,12.286767418302205,2023-09-30,-2,0.0027195184935653316
13414,55068,2023-07-31,403732.5498839581,12.908507932483337,2024-04-30,-9,-0.008925617092602423
13417,30214,2023-07-31,401593.9799790078,12.903196857155192,2023-03-31,4,0.01657890750502844
13418,97058,2023-07-31,377863.8229483592,12.8422891529433,2023-04-30,3,0.014277410267144575
13420,46806,2023-07-31,101035.61814921912,11.523228388598021,2024-03-31,-8,-0.07038411549274137
13421,76504,2023-07-31,207095.57192423785,12.240935665813893,2022-03-31,16,0.05899961351411598
13422,82007,2023-07-31,296211.50296036026,12.598829015174399,2024-04-30,-9,-0.015198225938570786
13423,47130,2023-07-31,235068.68679541617,12.367633034655393,2024-01-31,-6,-0.01647781355680422
13424,30721,2023-07-31,205599.49354482783,12.233685349256747,2024-05-31,-10,-0.07229324326281805
13425,75154,2023-07-31,366083.77154862205,12.810617470206182,2023-03-31,4,0.004377295565285877
13426,84005,2023-07-31,509864.2662333531,13.141899824637255,2023-09-30,-2,-0.0030253141953782148
13428,87031,2023-07-31,302269.789378217,12.619075239876228,2024-06-30,-11,-0.0485118062678751
13429,38109,2023-07-31,97205.79083775,11.484585565193981,2024-03-31,-8,0.05861488015256455
13430,43207,2023-07-31,197059.9167750158,12.191263107543158,2021-09-30,22,0.1604086363940791
13431,30318,2023-07-31,413130.80060313694,12.931519530283797,2023-12-31,-5,-0.015752709707680168
13434,78251,2023-07-31,284487.89001241326,12.558445965781106,2022-01-31,18,0.09232682387517421
13435,43130,2023-07-31,247193.87650786157,12.41792823285053,2021-09-30,22,0.14908015266663988
13437,37066,2023-07-31,441883.51442988246,12.998801584312696,2023-08-31,-1,0.0005551709649989078
13438,83634,2023-07-31,446097.257043527,13.008292272349474,2022-09-30,10,-0.12167826671086601
13439,76065,2023-07-31,471390.5603049042,13.063442244474386,2023-10-31,-3,0.002297955057100509
13440,52404,2023-07-31,186527.2959323018,12.136332866242928,2024-04-30,-9,-0.023106970533183002
13441,51503,2023-07-31,277121.6023634638,12.532211686540212,2022-08-31,11,0.04489366887245261
13442,46552,2023-07-31,245953.73013066268,12.41289870832382,2024-01-31,-6,-0.012054248175084936
13443,29847,2023-07-31,223362.0241011733,12.31654916057263,2024-04-30,-9,0.029498179930667945
13444,68142,2023-07-31,372082.857776127,12.826871844410643,2021-10-31,21,0.13129266121395844
13445,08361,2023-07-31,309198.50014273636,12.641738744916292,2024-04-30,-9,-0.047059188046649325
13446,76207,2023-07-31,382656.2761619839,12.85489241393809,2024-10-31,-15,0.012651959301733129
13447,20166,2023-07-31,584974.2595342062,13.279323124449702,2024-09-30,-14,-0.06400456169572699
13448,74361,2023-07-31,200097.8396785964,12.206561724304631,2024-06-30,-11,-0.030782107970582118
13449,74401,2023-07-31,117200.08292582315,11.671637863683017,2024-10-31,-15,-0.11275392811034202
13451,36105,2023-07-31,49876.957668620475,10.817314404923007,2025-02-28,-19,0.040182315319695405
13452,23150,2023-07-31,304495.5651109071,12.626411801529825,2022-03-31,16,0.1542259963670869
13453,23836,2023-07-31,403146.67605155817,12.907055735136993,2023-08-31,-1,-0.008988458468888183
13455,71269,2023-07-31,176670.06260501395,12.082039218967981,2024-11-30,-16,-0.04272820362051988
13456,14012,2023-08-31,217962.67346107995,12.292079104455357,2024-09-30,-13,-0.052424289842932126
13457,58436,2023-08-31,141907.57630447668,11.862931253579617,2023-09-30,-1,0.02119738682630512
13459,52228,2023-08-31,314408.95282090787,12.65844981502523,2024-12-31,-16,-0.029014412910186138
13460,28905,2023-08-31,223580.1176928636,12.31752509722575,2024-05-31,-9,-0.03470535692291499
13461,68059,2023-08-31,424930.76391694247,12.959681526204811,2024-07-31,-11,-0.029894140723426332
13462,79019,2023-08-31,214213.74518121252,12.27472960478392,2025-04-30,-20,-0.046396001169947354
13463,84013,2023-08-31,530902.3950839323,13.182333469927064,2023-09-30,-1,-0.0041869670123482194
13464,53403,2023-08-31,182666.75705345217,12.115418772080089,2023-06-30,2,0.019671796709591405
13465,79601,2023-08-31,192339.9147806563,12.167019475200222,2024-04-30,-8,-0.022067954169044057
13466,43054,2023-08-31,529610.4078031423,13.179896935608099,2022-03-31,17,0.10108332942804665
13467,39157,2023-08-31,270455.03631382895,12.507861139103738,2024-01-31,-5,-0.005206979670012046
13468,39046,2023-08-31,216622.14441943588,12.285909844793393,2023-09-30,-1,0.0018619449847534497
13469,55068,2023-08-31,405240.49836323195,12.912235992964588,2024-04-30,-8,-0.0051975566113515725
13472,30214,2023-08-31,401537.8223111313,12.90305701045056,2023-03-31,5,0.01643906080039592
13473,97058,2023-08-31,378356.3688153962,12.84359180511274,2023-04-30,4,0.01558006243658383
13475,46806,2023-08-31,102289.910196216,11.535566317517498,2024-03-31,-7,-0.058046186573264436
13476,76504,2023-08-31,206021.05446801233,12.235733648704425,2022-03-31,17,0.05379759640464776
13477,82007,2023-08-31,297505.56107420794,12.603188196479529,2024-04-30,-8,-0.010839044633440764
13478,47130,2023-08-31,236412.7728427376,12.373334593692116,2024-01-31,-5,-0.010776254520081352
13479,30721,2023-08-31,207545.16380277407,12.243104251849907,2024-05-31,-9,-0.06287434066965858
13480,75154,2023-08-31,366755.2254278613,12.812449943832457,2023-03-31,5,0.006209769191560355
13481,84005,2023-08-31,510935.90571896377,13.14399943219755,2023-09-30,-1,-0.0009257066350834009
13483,87031,2023-08-31,303592.3153810162,12.623441012526534,2024-06-30,-10,-0.04414603361756875
13484,38109,2023-08-31,96402.25648581,11.476284887853835,2024-03-31,-7,0.05031420281241772
13485,43207,2023-08-31,199072.5715590937,12.201424718428077,2021-09-30,23,0.17057024727899872
13486,30318,2023-08-31,414566.6093436003,12.934988938701462,2023-12-31,-4,-0.012283301290015203
13489,78251,2023-08-31,284585.565019731,12.558789243111697,2022-01-31,19,0.09267010120576558
13490,43130,2023-08-31,249417.26996267855,12.42688255587189,2021-09-30,23,0.1580344756879999
13492,37066,2023-08-31,441638.261617679,12.998246413347697,2023-08-31,0,0.0
13493,83634,2023-08-31,447926.5797609606,13.012384613504455,2022-09-30,11,-0.11758592555588443
13494,76065,2023-08-31,471425.7317701097,13.063516853845305,2023-10-31,-2,0.0023725644280201408
13495,52404,2023-08-31,187583.8212235293,12.141981071022565,2024-04-30,-8,-0.017458765753545435
13496,51503,2023-08-31,278743.05818506377,12.538045698074402,2022-08-31,12,0.050727680406643216
13497,46552,2023-08-31,247980.3324614152,12.421104717411277,2024-01-31,-5,-0.0038482390876275474
13498,29847,2023-08-31,221078.04336755065,12.306271055571282,2024-04-30,-8,0.01922007492932032
13499,68142,2023-08-31,373177.9694734478,12.829810714791273,2021-10-31,22,0.13423153159458856
13500,08361,2023-08-31,311737.62431464344,12.649917165287256,2024-04-30,-8,-0.03888076767568549
13501,76207,2023-08-31,382770.9599901539,12.855192073588576,2024-10-31,-14,0.012951618952218524
13502,20166,2023-08-31,589467.7811493004,13.286975342927018,2024-09-30,-13,-0.05635234321841054
13503,74361,2023-08-31,200979.26411583435,12.210957018116668,2024-06-30,-10,-0.02638681415854549
13504,74401,2023-08-31,117285.79383111135,11.672368917597998,2024-10-31,-14,-0.11202287419536106
13506,36105,2023-08-31,49425.47853780567,10.808221330092213,2025-02-28,-18,0.031089240488901382
13507,23150,2023-08-31,304923.94191972184,12.627817653736482,2022-03-31,17,0.15563184857374424
13508,23836,2023-08-31,406786.6777009416,12.916044193605881,2023-08-31,0,0.0
13510,71269,2023-08-31,176596.15270646158,12.081620781560568,2024-11-30,-15,-0.043146641027933086
13511,14012,2023-09-30,218173.46488313552,12.293045735834582,2024-09-30,-12,-0.051457658463707645
13512,58436,2023-09-30,138931.1640452201,11.841733866753312,2023-09-30,0,0.0
13514,52228,2023-09-30,315685.9482627465,12.66250316377642,2024-12-31,-15,-0.02496106415899746
13515,68059,2023-09-30,425270.7947154037,12.960481409039977,2024-07-31,-10,-0.0290942578882607
13516,28905,2023-09-30,224974.89447866863,12.32374409486623,2024-05-31,-8,-0.028486359282435814
13517,79019,2023-09-30,215531.35821774375,12.280861691711271,2025-04-30,-19,-0.04026391424259579
13518,84013,2023-09-30,533129.9259438609,13.186520436939412,2023-09-30,0,0.0
13519,53403,2023-09-30,184927.68775423235,12.127720150643984,2023-06-30,3,0.03197317527348709
13520,79601,2023-09-30,192268.50445044585,12.166648134753887,2024-04-30,-7,-0.022439294615379524
13521,43054,2023-09-30,533138.824057538,13.18653712712878,2022-03-31,18,0.10772352094872772
13522,39157,2023-09-30,270428.726991225,12.50776385638087,2024-01-31,-4,-0.005304262392879622
13523,39046,2023-09-30,216219.1811681674,12.28404789980864,2023-09-30,0,0.0
13524,55068,2023-09-30,406102.7506899379,12.914361487081486,2024-04-30,-7,-0.0030720624944535757
13527,30214,2023-09-30,401828.7117083708,12.903781186521217,2023-03-31,6,0.01716323687105259
13528,97058,2023-09-30,377880.0959505119,12.84233221780098,2023-04-30,5,0.014320475124824483
13530,46806,2023-09-30,103159.03433202728,11.544027099075423,2024-03-31,-6,-0.049585405015339035
13531,76504,2023-09-30,204791.86628241473,12.229749455940915,2022-03-31,18,0.04781340364113795
13532,82007,2023-09-30,298301.50354652666,12.605860010874068,2024-04-30,-7,-0.008167230238901979
13533,47130,2023-09-30,237239.5250562681,12.376825563995963,2024-01-31,-4,-0.007285284216234089
13534,30721,2023-09-30,209137.01990287064,12.2507449137581,2024-05-31,-8,-0.05523367876146601
13535,75154,2023-09-30,366627.53262370056,12.812101714196432,2023-03-31,6,0.0058615395555357
13537,87031,2023-09-30,305360.10646648397,12.629247036077958,2024-06-30,-9,-0.03834001006614507
13538,38109,2023-09-30,95197.38689910206,11.463707771863895,2024-03-31,-6,0.037737086822478005
13539,43207,2023-09-30,200865.81807499728,12.21039239234978,2021-09-30,24,0.17953792120070133
13540,84005,2023-09-30,511409.1014634192,13.144925138832633,2023-09-30,0,0.0
13541,30318,2023-09-30,416441.2532595946,12.939500682044335,2023-12-31,-3,-0.007771557947142682
13544,78251,2023-09-30,284192.4243867577,12.557406838367124,2022-01-31,20,0.09128769646119217
13545,43130,2023-09-30,251015.34262425176,12.43326934223884,2021-09-30,24,0.16442126205494922
13546,37066,2023-09-30,441061.5345521911,12.996939678826955,2023-08-31,1,-0.0013067345207424808
13548,83634,2023-09-30,449662.36045421497,13.016252270021255,2022-09-30,12,-0.11371826903908477
13549,76065,2023-09-30,470923.0090455739,13.062449896888813,2023-10-31,-1,0.0013056074715276367
13550,52404,2023-09-30,188030.74875856735,12.144360785664484,2024-04-30,-7,-0.015079051111626995
13551,51503,2023-09-30,279765.1994654772,12.541705957014496,2022-08-31,13,0.05438793934673747
13552,46552,2023-09-30,249464.0743296309,12.427070193143258,2024-01-31,-4,0.002117236644354037
13553,29847,2023-09-30,218946.25366469668,12.296581561622764,2024-04-30,-7,0.009530580980802839
13554,68142,2023-09-30,373323.1937063834,12.830199794519292,2021-10-31,23,0.13462061132260672
13555,08361,2023-09-30,313546.2092332521,12.655702026066326,2024-04-30,-7,-0.0330959068966159
13556,76207,2023-09-30,382071.3330494124,12.853362605887211,2024-10-31,-13,0.011122151250853918
13557,74361,2023-09-30,201491.08454373293,12.213500413949484,2024-06-30,-9,-0.023843418325729004
13558,20166,2023-09-30,593055.3761996826,13.293043056755987,2024-09-30,-12,-0.05028462938944145
13559,74401,2023-09-30,117386.38481279324,11.673226207016999,2024-10-31,-13,-0.1111655847763604
13560,44481,2023-09-30,197939.5141501988,12.195716778916998,2025-09-30,-24,-0.13434319007235018
13561,36105,2023-09-30,48767.926946094296,10.794828141056644,2025-02-28,-17,0.017696051453333084
13562,23150,2023-09-30,304401.47404546384,12.626102747420045,2022-03-31,18,0.15391694225730745
13563,23836,2023-09-30,409902.26289507264,12.923674027079954,2023-08-31,1,0.007629833474073422
13565,71269,2023-09-30,178635.37030571478,12.093101969842081,2024-11-30,-14,-0.031665452746420186
13566,14012,2023-10-31,218232.82325975777,12.29331776847298,2024-09-30,-11,-0.051185625825310055
13567,58436,2023-10-31,135456.26945562716,11.816404132567042,2023-09-30,1,-0.02532973418627016
13569,52228,2023-10-31,316868.71076451085,12.666242805444655,2024-12-31,-14,-0.0212214224907612
13570,28905,2023-10-31,226729.3277851725,12.33151219639105,2024-05-31,-7,-0.0207182577576166
13571,68059,2023-10-31,425568.8894705691,12.961182116289304,2024-07-31,-9,-0.028393550638933007
13572,79019,2023-10-31,216190.44207064493,12.283914974471088,2025-04-30,-18,-0.03721063148277892
13573,84013,2023-10-31,535753.5686688079,13.191429574384674,2023-09-30,1,0.004909137445261891
13574,53403,2023-10-31,187042.955115227,12.139093575956766,2023-06-30,4,0.04334660058626838
13575,79601,2023-10-31,191987.5520942156,12.165185816065552,2024-04-30,-6,-0.023901613303713987
13576,43054,2023-10-31,536082.9920933963,13.192044264062226,2022-03-31,19,0.11323065788217335
13577,39157,2023-10-31,270991.4041213994,12.509842380249548,2024-01-31,-3,-0.0032257385242022707
13578,39046,2023-10-31,215981.9404001887,12.282950073912467,2023-09-30,1,-0.0010978258961724663
13579,55068,2023-10-31,406120.0538886713,12.914404094106649,2024-04-30,-6,-0.003029455469290454
13582,30214,2023-10-31,401779.3794394596,12.903658409586747,2023-03-31,7,0.017040459936582764
13583,97058,2023-10-31,377338.79189822025,12.840898715133882,2023-04-30,6,0.012886972457726742
13585,46806,2023-10-31,103769.317451543,11.549925613065337,2024-03-31,-5,-0.04368689102542511
13586,76504,2023-10-31,204095.47784187165,12.226343191971738,2022-03-31,19,0.04440713967196075
13587,82007,2023-10-31,299966.35145092034,12.611425585517464,2024-04-30,-6,-0.0026016555955052922
13588,47130,2023-10-31,237794.36933381855,12.379161584799608,2024-01-31,-3,-0.004949263412589389
13589,30721,2023-10-31,210850.6800239864,12.258905484324764,2024-05-31,-7,-0.047073108194801705
13590,75154,2023-10-31,366632.14348592656,12.81211429053842,2023-03-31,7,0.005874115897523069
13591,84005,2023-10-31,513875.2069939238,13.149735727009972,2023-09-30,1,0.004810588177338815
13593,87031,2023-10-31,307297.8751137319,12.63557283339806,2024-06-30,-8,-0.032014212746043214
13594,38109,2023-10-31,93294.70806520864,11.443518665668499,2024-03-31,-5,0.017547980627082183
13596,30318,2023-10-31,418190.86868571816,12.943693230936082,2023-12-31,-2,-0.0035790090553948772
13599,78251,2023-10-31,283329.64892658865,12.554366335925328,2022-01-31,21,0.08824719401939696
13602,37066,2023-10-31,440752.4878433531,12.996238744812203,2023-08-31,2,-0.002007668535494389
13603,83634,2023-10-31,451673.0234799131,13.020713797654057,2022-09-30,13,-0.10925674140628239
13604,76065,2023-10-31,470308.5696420696,13.061144289417285,2023-10-31,0,0.0
13605,52404,2023-10-31,188283.37923305255,12.14570344326698,2024-04-30,-6,-0.013736393509130806
13606,51503,2023-10-31,280640.1706726718,12.544828596320958,2022-08-31,14,0.05751057865319886
13607,08361,2023-10-31,314842.696295352,12.659828416237477,2024-04-30,-6,-0.028969516725464217
13608,29847,2023-10-31,217649.61243109324,12.290641766280917,2024-04-30,-6,0.0035907856389556514
13609,46552,2023-10-31,250455.80396510137,12.431037752664187,2024-01-31,-3,0.006084796165282569
13610,68142,2023-10-31,372837.06327607314,12.828896775510861,2021-10-31,24,0.13331759231417628
13611,76207,2023-10-31,381110.7955711502,12.850845413858142,2024-10-31,-12,0.008604959221784725
13612,74361,2023-10-31,201816.1007823702,12.215112169558223,2024-06-30,-8,-0.022231662716990286
13613,20166,2023-10-31,595208.4333933092,13.296666931408216,2024-09-30,-11,-0.04666075473721243
13614,74401,2023-10-31,117464.2915054171,11.6738896642972,2024-10-31,-12,-0.11050212749615973
13615,44481,2023-10-31,199104.72758413857,12.201586234542553,2025-09-30,-23,-0.12847373444679455
13616,36105,2023-10-31,47990.70196969377,10.77876256216131,2025-02-28,-16,0.0016304725579985302
13617,23150,2023-10-31,303164.11108825146,12.622029558621232,2022-03-31,19,0.14984375345849443
13618,23836,2023-10-31,412536.6446440142,12.930080316311873,2023-08-31,2,0.014036122705991971
13620,71269,2023-10-31,180631.0635809973,12.104211907283975,2024-11-30,-13,-0.02055551530452604
13621,14012,2023-11-30,218382.8562321464,12.294005022666271,2024-09-30,-10,-0.050498371632018646
13622,58436,2023-11-30,132055.8864418863,11.790980494103083,2023-09-30,2,-0.05075337265022917
13624,52228,2023-11-30,317093.769624973,12.66695281235162,2024-12-31,-13,-0.020511415583795767
13625,28905,2023-11-30,228494.358537714,12.339266799898766,2024-05-31,-6,-0.012963654249899648
13626,68059,2023-11-30,426465.35287102754,12.963286406672735,2024-07-31,-8,-0.02628926025550271
13627,79019,2023-11-30,215309.20368810417,12.279830430641768,2025-04-30,-17,-0.04129517531209892
13628,84013,2023-11-30,538506.2321441529,13.196554348666956,2023-09-30,2,0.010033911727543199
13629,53403,2023-11-30,188546.51187278956,12.14710000276884,2023-06-30,5,0.05135302739834202
13630,79601,2023-11-30,191567.81426543932,12.162997146407166,2024-04-30,-5,-0.02609028296209992
13631,43054,2023-11-30,538156.0515930856,13.19590385580823,2022-03-31,20,0.11709024962817871
13632,39157,2023-11-30,271493.967388639,12.511695198546246,2024-01-31,-2,-0.0013729202275047925
13633,39046,2023-11-30,215728.4395431541,12.281775671359515,2023-09-30,2,-0.002272228449124114
13634,55068,2023-11-30,405497.8619618321,12.912870879926496,2024-04-30,-5,-0.004562669649443407
13636,30214,2023-11-30,401321.1639594152,12.9025172933628,2023-03-31,8,0.015899343712636238
13638,08361,2023-11-30,315480.7443567551,12.661852926951122,2024-04-30,-5,-0.026945006011819927
13639,76504,2023-11-30,203261.93795706503,12.222250761021318,2022-03-31,20,0.040314708721540526
13640,46806,2023-11-30,104327.84297835291,11.555293556258857,2024-03-31,-4,-0.0383189478319057
13641,97058,2023-11-30,376784.0212455352,12.839427414324271,2023-04-30,7,0.011415671648116188
13642,82007,2023-11-30,300732.14286526205,12.61397525673004,2024-04-30,-5,-5.198438292985941e-05
13644,47130,2023-11-30,238107.11256613536,12.380475904209113,2024-01-31,-2,-0.0036349440030836178
13645,30721,2023-11-30,212316.52448475585,12.2658334802005,2024-05-31,-6,-0.040145112319065035
13647,84005,2023-11-30,516051.21134641423,13.15396128633444,2023-09-30,2,0.009036147501806369
13648,38109,2023-11-30,91630.819294845,11.425522949257767,2024-03-31,-4,-0.00044773578365031597
13649,87031,2023-11-30,309413.0904463113,12.64243252536091,2024-06-30,-7,-0.025154520783193135
13651,75154,2023-11-30,366540.8319477446,12.811865204601775,2023-03-31,8,0.005625029960878436
13652,30318,2023-11-30,419559.270964618,12.946960084455139,2023-12-31,-1,-0.0003121555363385653
13656,78251,2023-11-30,282129.30257416534,12.550120764598729,2022-01-31,22,0.08400162269279754
13658,37066,2023-11-30,440468.9459309508,12.99559522455425,2023-08-31,3,-0.0026511887934468348
13659,83634,2023-11-30,452538.674540719,13.022628507068159,2022-09-30,14,-0.10734203199218051
13660,76065,2023-11-30,469237.3549402135,13.058864006701999,2023-10-31,1,-0.0022802827152865746
13661,52404,2023-11-30,188358.37228995355,12.146101662835514,2024-04-30,-5,-0.01333817394059622
13662,51503,2023-11-30,281349.1712447958,12.547351779219253,2022-08-31,15,0.060033761551494536
13663,29847,2023-11-30,217258.2161276598,12.288841861181963,2024-04-30,-5,0.0017908805400015382
13664,46552,2023-11-30,250524.3223107901,12.431311289846692,2024-01-31,-2,0.006358333347787237
13666,76207,2023-11-30,379849.9246624263,12.847531518596284,2024-10-31,-11,0.005291063959926845
13667,20166,2023-11-30,597022.3923179277,13.29970989974156,2024-09-30,-10,-0.043617786403869374
13668,74361,2023-11-30,202063.88978556055,12.216339212442579,2024-06-30,-7,-0.021004619832634575
13669,74401,2023-11-30,117786.58364449527,11.676629652750018,2024-10-31,-11,-0.10776213904334142
13670,36105,2023-11-30,48042.18018327048,10.77983465783007,2025-02-28,-15,0.0027025682267591833
13671,44481,2023-11-30,199801.52315737167,12.2050797685778,2025-09-30,-22,-0.12498020041154767
13672,23836,2023-11-30,414778.398879345,12.935499677991501,2023-08-31,3,0.01945548438562028
13673,23150,2023-11-30,301497.61186533695,12.616517374273354,2022-03-31,20,0.14433156911061573
13675,71269,2023-11-30,182187.75826880697,12.112793073124884,2024-11-30,-12,-0.011974349463617528
13676,14012,2023-12-31,218246.20238929297,12.293379073272309,2024-09-30,-9,-0.051124321025980635
13678,58436,2023-12-31,129369.4973873889,11.770427909825857,2023-09-30,3,-0.07130595692745523
13679,52228,2023-12-31,316009.1371814853,12.663526407282298,2024-12-31,-12,-0.02393782065311889
13680,68059,2023-12-31,427849.36235069094,12.966526455487935,2024-07-31,-7,-0.02304921144030203
13681,28905,2023-12-31,229319.89849272897,12.342873244377571,2024-05-31,-5,-0.009357209771094332
13682,79019,2023-12-31,214576.0825677528,12.276419651745558,2025-04-30,-16,-0.04470595420830925
13683,84013,2023-12-31,541423.4598144107,13.201956986982706,2023-09-30,3,0.015436550043293806
13684,53403,2023-12-31,189141.29146401092,12.150249588631267,2023-06-30,6,0.05450261326076955
13685,79601,2023-12-31,191256.83882441695,12.161372509608503,2024-04-30,-4,-0.027714919760763124
13686,43054,2023-12-31,540096.2644829834,13.199502670213764,2022-03-31,21,0.12068906403371216
13687,39157,2023-12-31,271814.61976153683,12.512875567926415,2024-01-31,-1,-0.0001925508473359372
13688,39046,2023-12-31,215654.50229549213,12.281432879648415,2023-09-30,3,-0.0026150201602241907
13689,55068,2023-12-31,404995.85263406456,12.911632105626525,2024-04-30,-4,-0.005801443949414065
13691,30214,2023-12-31,400810.91366864025,12.901245058094247,2023-03-31,9,0.014627108444082992
13693,08361,2023-12-31,316167.513290001,12.66402745746095,2024-04-30,-4,-0.02477047550199174
13694,76504,2023-12-31,202535.4807030604,12.218670363529112,2022-03-31,21,0.03673431122933479
13695,46806,2023-12-31,104979.3736254214,11.561519168179817,2024-03-31,-3,-0.03209333591094499
13696,97058,2023-12-31,376582.9556752895,12.838893635751068,2023-04-30,8,0.010881893074913052
13697,82007,2023-12-31,300624.5303337456,12.613617357541552,2024-04-30,-4,-0.0004098835714181348
13698,47130,2023-12-31,238347.1807624995,12.381483632421627,2024-01-31,-1,-0.0026272157905697924
13699,30721,2023-12-31,213715.7298902882,12.272402045946448,2024-05-31,-5,-0.03357654657311748
13700,84005,2023-12-31,517655.0497989743,13.157064372384722,2023-09-30,3,0.012139233552089124
13702,38109,2023-12-31,90737.72937456246,11.415728529481484,2024-03-31,-3,-0.010242155559932797
13704,87031,2023-12-31,310501.82892946573,12.645945070610354,2024-06-30,-6,-0.021641975533748692
13705,75154,2023-12-31,366563.4759948075,12.811926980386817,2023-03-31,9,0.005686805745920509
13706,30318,2023-12-31,419690.2591571529,12.947272239991477,2023-12-31,0,0.0
13710,78251,2023-12-31,280544.66836527793,12.54448823677568,2022-01-31,23,0.07836909486974797
13712,37066,2023-12-31,439734.3939056044,12.993926173409763,2023-08-31,4,-0.004320239937934289
13713,83634,2023-12-31,453103.6675341676,13.023876224937561,2022-09-30,15,-0.10609431412277814
13715,76065,2023-12-31,468256.0513026966,13.056770543453363,2023-10-31,2,-0.004373745963922815
13716,52404,2023-12-31,187975.4969358249,12.144066897869944,2024-04-30,-4,-0.015372938906166311
13717,51503,2023-12-31,281679.5738500689,12.54852544094107,2022-08-31,16,0.06120742327331108
13718,29847,2023-12-31,216546.6201449188,12.285561138785662,2024-04-30,-4,-0.001489841856299634
13720,46552,2023-12-31,249603.3345410434,12.427628274927608,2024-01-31,-1,0.0026753184287038323
13721,76207,2023-12-31,378683.82997881185,12.844456914216218,2024-10-31,-10,0.002216459579861052
13722,74401,2023-12-31,118151.5251012742,11.679723190710112,2024-10-31,-10,-0.10466860108324738
13723,74361,2023-12-31,202178.73118665628,12.216907393026354,2024-06-30,-6,-0.020436439248859628
13724,20166,2023-12-31,598004.8552314261,13.301354152015906,2024-09-30,-9,-0.041973534129523316
13725,36105,2023-12-31,48056.46449174644,10.780131942118096,2025-02-28,-14,0.002999852514784962
13726,44481,2023-12-31,199781.9064884797,12.204981582980238,2025-09-30,-21,-0.12507838600910937
13727,23836,2023-12-31,416670.74240160873,12.940051602326394,2023-08-31,4,0.024007408720512657
13729,23150,2023-12-31,300125.5827283647,12.611956275140544,2022-03-31,21,0.1397704699778064
13730,71269,2023-12-31,182377.15816995784,12.11383211944915,2024-11-30,-11,-0.01093530313935176
13731,14012,2024-01-31,217902.8613141453,12.29180465216428,2024-09-30,-8,-0.052698742134008825
13733,58436,2024-01-31,128070.24260992064,11.760334162772354,2023-09-30,4,-0.0813997039809582
13734,68059,2024-01-31,429415.1325032131,12.97017940484735,2024-07-31,-6,-0.019396262080887183
13735,52228,2024-01-31,314687.64347470837,12.659335817822488,2024-12-31,-11,-0.028128410112929103
13736,28905,2024-01-31,228737.27286882736,12.340329343858029,2024-05-31,-4,-0.011901110290637007
13737,79019,2024-01-31,215043.44557418057,12.278595359133964,2025-04-30,-15,-0.04253024681990247
13738,84013,2024-01-31,543733.6623794019,13.206214814734833,2023-09-30,4,0.019694377795421047
13739,53403,2024-01-31,190085.87208969364,12.155231207407011,2023-06-30,7,0.05948423203651387
13740,43054,2024-01-31,541998.2159953907,13.203017988894947,2022-03-31,22,0.12420438271489509
13741,39157,2024-01-31,271866.96293609,12.51306811877375,2024-01-31,0,0.0
13742,79601,2024-01-31,191558.47740327517,12.162948406018584,2024-04-30,-3,-0.026139023350681967
13743,39046,2024-01-31,215638.4408974736,12.28135839942202,2023-09-30,4,-0.0026895003866194145
13745,55068,2024-01-31,404916.2086345288,12.911435432423097,2024-04-30,-3,-0.005998117152842042
13746,30214,2024-01-31,400574.5766574672,12.900655237038393,2023-03-31,10,0.014037287388228847
13747,08361,2024-01-31,316602.26180602715,12.66540157045289,2024-04-30,-3,-0.02339636251005217
13749,76504,2024-01-31,202381.80975431623,12.217911339601295,2022-03-31,22,0.03597528730151822
13750,46806,2024-01-31,105934.31528880722,11.57057451393448,2024-03-31,-2,-0.023037990156282717
13751,97058,2024-01-31,376737.10186246893,12.839302880633873,2023-04-30,9,0.011291137957718078
13752,82007,2024-01-31,299546.8962749739,12.610026266166367,2024-04-30,-3,-0.004000974946603009
13753,47130,2024-01-31,238974.19352770472,12.384110848212197,2024-01-31,0,0.0
13754,30721,2024-01-31,214482.27784076863,12.275982393147967,2024-05-31,-4,-0.02999619937159892
13755,84005,2024-01-31,517015.11765549704,13.1558273941762,2023-09-30,4,0.01090225534356648
13757,38109,2024-01-31,90460.68268661012,11.412670589837429,2024-03-31,-2,-0.013300095203987894
13759,87031,2024-01-31,311427.2526210113,12.648921050997817,2024-06-30,-5,-0.018665995146285752
13760,75154,2024-01-31,366567.73383857525,12.811938595889501,2023-03-31,10,0.005698421248604646
13761,30318,2024-01-31,420042.2080756664,12.948110480628477,2023-12-31,1,0.0008382406369999984
13765,78251,2024-01-31,279213.3192182886,12.539731353669074,2022-01-31,24,0.07361221176314281
13767,37066,2024-01-31,438997.5603177725,12.992249134679161,2023-08-31,5,-0.005997278668536055
13768,83634,2024-01-31,453288.98924093065,13.02428514640876,2022-09-30,16,-0.10568539265157995
13770,76065,2024-01-31,467981.7523844752,13.056184583508166,2023-10-31,3,-0.004959705909119094
13771,52404,2024-01-31,187673.62738418052,12.142459708622958,2024-04-30,-3,-0.016980128153152307
13772,51503,2024-01-31,282361.97194442106,12.550945115280252,2022-08-31,17,0.06362709761249263
13773,29847,2024-01-31,215212.59527153033,12.279381633770488,2024-04-30,-3,-0.007669346871473692
13775,46552,2024-01-31,248936.45859079377,12.424952956498904,2024-01-31,0,0.0
13776,74401,2024-01-31,118272.07919274758,11.680743005142615,2024-10-31,-9,-0.10364878665074428
13777,76207,2024-01-31,378033.3695851515,12.842737750031132,2024-10-31,-9,0.0004972953947746106
13778,74361,2024-01-31,202060.03091235308,12.21632011496772,2024-06-30,-5,-0.021023717307492973
13779,20166,2024-01-31,599777.7342348068,13.304314422625358,2024-09-30,-8,-0.039013263520070396
13780,36105,2024-01-31,48110.73018240262,10.781260511930281,2025-02-28,-13,0.0041284223269695275
13781,44481,2024-01-31,199445.1907396158,12.203294744431236,2025-09-30,-20,-0.12676522455811146
13783,23836,2024-01-31,417916.80478789815,12.943037660089574,2023-08-31,5,0.026993466483693496
13784,23150,2024-01-31,299405.1559795358,12.609552971859918,2022-03-31,22,0.13736716669717985
13785,71269,2024-01-31,180572.42005187855,12.103887195412183,2024-11-30,-10,-0.020880227176318655
13786,14012,2024-02-29,217971.3539995331,12.29211892946514,2024-09-30,-7,-0.052384464833149735
13788,58436,2024-02-29,127686.30524911356,11.757331794681066,2023-09-30,5,-0.08440207207224582
13789,68059,2024-02-29,431259.40326208295,12.974465051755688,2024-07-31,-5,-0.015110615172549302
13790,52228,2024-02-29,314109.8576883159,12.657498068951229,2024-12-31,-10,-0.02996615898418753
13791,28905,2024-02-29,228008.341051158,12.337137490825127,2024-05-31,-3,-0.015092963323539266
13792,79019,2024-02-29,216902.0308983335,12.287201060064508,2025-04-30,-14,-0.03392454588935934
13793,84013,2024-02-29,545904.8797189519,13.210200026581248,2023-09-30,5,0.023679589641835364
13794,79601,2024-02-29,192735.1940412052,12.169072474162393,2024-04-30,-2,-0.020014955206873353
13795,53403,2024-02-29,191697.6390882012,12.163674613299062,2023-06-30,8,0.06792763792856427
13796,43054,2024-02-29,544684.6654706936,13.207962310727813,2022-03-31,23,0.12914870454776128
13797,39157,2024-02-29,272071.90239609114,12.513821657389064,2024-01-31,1,0.0007535386153136869
13798,39046,2024-02-29,215608.7317246689,12.281220616847488,2023-09-30,5,-0.0028272829611513117
13800,55068,2024-02-29,405340.55310318543,12.91248286461371,2024-04-30,-2,-0.004950684962230056
13801,30214,2024-02-29,401656.9304385775,12.903353596372993,2023-03-31,11,0.01673564672282879
13802,08361,2024-02-29,317833.3975022862,12.669282617249456,2024-04-30,-2,-0.019515315713485748
13804,76504,2024-02-29,203079.48702605764,12.221352743088364,2022-03-31,23,0.03941669078858645
13805,46806,2024-02-29,106930.12063793773,11.5799308219455,2024-03-31,-1,-0.013681682145262997
13806,97058,2024-02-29,377287.4489306985,12.840762639909293,2023-04-30,10,0.012750897233138048
13807,82007,2024-02-29,299267.4977798073,12.609093093823766,2024-04-30,-2,-0.004934147289203494
13808,47130,2024-02-29,239727.56002711895,12.387258390980897,2024-01-31,1,0.0031475427686995516
13809,30721,2024-02-29,215511.2862665247,12.280768559621022,2024-05-31,-3,-0.025210032898543844
13810,84005,2024-02-29,516349.663396076,13.154539457208326,2023-09-30,5,0.009614318375692932
13812,38109,2024-02-29,90711.74576511142,11.415442128987808,2024-03-31,-1,-0.01052855605360925
13814,87031,2024-02-29,312373.18091249885,12.65195384471093,2024-06-30,-4,-0.015633201433173483
13815,75154,2024-02-29,367290.5455306865,12.813908491020944,2023-03-31,11,0.007668316380048168
13816,30318,2024-02-29,420495.1897645632,12.949188319006437,2023-12-31,2,0.001916079014959493
13822,37066,2024-02-29,438783.33794348646,12.99176103479236,2023-08-31,6,-0.006485378555337817
13823,83634,2024-02-29,454855.8357932747,13.027735803316906,2022-09-30,17,-0.10223473574343345
13825,76065,2024-02-29,469022.2667020871,13.058405523278152,2023-10-31,4,-0.002738766139133375
13826,52404,2024-02-29,188028.9958762279,12.144351463303531,2024-04-30,-2,-0.01508837347257952
13827,51503,2024-02-29,283669.9903640657,12.55556683573086,2022-08-31,18,0.06824881806310046
13828,29847,2024-02-29,214532.91943940287,12.27621847615477,2024-04-30,-2,-0.01083250448719042
13830,46552,2024-02-29,249024.71880910255,12.425307442845387,2024-01-31,1,0.0003544863464828296
13831,74401,2024-02-29,118343.04587665726,11.681342854252149,2024-10-31,-8,-0.10304893754121025
13832,76207,2024-02-29,377809.7258610032,12.842145977130057,2024-10-31,-8,-9.447750630009466e-05
13833,74361,2024-02-29,202293.626665426,12.217475518286978,2024-06-30,-4,-0.019868313988235187
13834,20166,2024-02-29,602754.3982714346,13.309265093024566,2024-09-30,-7,-0.03406259312086313
13835,36105,2024-02-29,48004.4400369608,10.779048786382113,2025-02-28,-12,0.0019166967788013523
13836,44481,2024-02-29,199893.14567617976,12.205538231137135,2025-09-30,-19,-0.12452173785221277
13838,23836,2024-02-29,419702.6028425261,12.947301650976328,2023-08-31,6,0.031257457370447383
13839,23150,2024-02-29,299791.2542370938,12.610841692234109,2022-03-31,23,0.138655887071371
13840,71269,2024-02-29,178830.3220348647,12.094192713668162,2024-11-30,-9,-0.030574708920338978
13841,14012,2024-03-31,218927.43560856176,12.296495609638859,2024-09-30,-6,-0.0480077846594309
13843,58436,2024-03-31,128822.84264241156,11.766193426635954,2023-09-30,6,-0.07554044011735783
13844,68059,2024-03-31,433681.243621933,12.980065081532794,2024-07-31,-4,-0.009510585395442916
13845,52228,2024-03-31,315109.2046617837,12.660674539193616,2024-12-31,-9,-0.026789688741800433
13846,28905,2024-03-31,228389.4636445759,12.338807624546572,2024-05-31,-2,-0.013422829602093955
13847,79019,2024-03-31,218991.56607946465,12.296788497004396,2025-04-30,-13,-0.02433710894947083
13848,84013,2024-03-31,547430.7999295,13.212991339861716,2023-09-30,6,0.026470902922303807
13849,79601,2024-03-31,194626.56179343536,12.178837933733186,2024-04-30,-1,-0.010249495636079686
13850,53403,2024-03-31,194266.03430173523,12.176983809491148,2023-06-30,9,0.08123683412065041
13851,43054,2024-03-31,548705.5579131264,13.215317252234197,2022-03-31,24,0.13650364605414467
13852,39157,2024-03-31,272866.8564605761,12.516739249927584,2024-01-31,2,0.003671131153833329
13853,39046,2024-03-31,216718.1568801978,12.286352972109476,2023-09-30,6,0.0023050723008370966
13855,55068,2024-03-31,406251.5369135586,12.914727795790764,2024-04-30,-1,-0.0027057537851753466
13856,30214,2024-03-31,403816.79981462326,12.908716588291188,2023-03-31,12,0.022098638641024237
13857,08361,2024-03-31,320556.42829428444,12.677813603166234,2024-04-30,-1,-0.010984329796707826
13859,76504,2024-03-31,204567.37408686787,12.228652657843238,2022-03-31,24,0.04671660554346069
13860,46806,2024-03-31,108403.15839958524,11.593612504090762,2024-03-31,0,0.0
13861,97058,2024-03-31,378889.95439531567,12.845001084106576,2023-04-30,11,0.016989341430420524
13862,82007,2024-03-31,299897.43773479643,12.61119582096868,2024-04-30,-1,-0.002831420144289609
13863,47130,2024-03-31,241103.33918143567,12.392980913851188,2024-01-31,2,0.008870065638991065
13864,30721,2024-03-31,217189.7264214427,12.288526565837794,2024-05-31,-2,-0.017452026681771926
13865,84005,2024-03-31,516365.67203082587,13.154570460204411,2023-09-30,6,0.009645321371777982
13867,38109,2024-03-31,91671.8548773924,11.425970685041417,2024-03-31,0,0.0
13869,87031,2024-03-31,314324.7773403912,12.658182053087286,2024-06-30,-3,-0.00940499305681719
13870,75154,2024-03-31,368633.4547345051,12.817558081722998,2023-03-31,12,0.011317907082101897
13871,30318,2024-03-31,421823.222939711,12.952341602267316,2023-12-31,3,0.005069362275838429
13877,37066,2024-03-31,439862.9100272144,12.994218389227045,2023-08-31,7,-0.004028024120652063
13878,83634,2024-03-31,457640.7451099775,13.033839755971009,2022-09-30,18,-0.09613078308933076
13880,76065,2024-03-31,470577.8789151619,13.061716748040448,2023-10-31,5,0.000572458623162575
13881,52404,2024-03-31,189290.21434996775,12.15103664198891,2024-04-30,-1,-0.008403194787200974
13882,51503,2024-03-31,286210.703125023,12.564483542767288,2022-08-31,19,0.07716552509952912
13883,29847,2024-03-31,215369.4110027704,12.280110023419327,2024-04-30,-1,-0.00694095722263377
13885,46552,2024-03-31,250527.530700219,12.431324096463051,2024-01-31,2,0.0063711399641466215
13886,74401,2024-03-31,119068.55699447996,11.687454715403783,2024-10-31,-7,-0.09693707638957605
13887,76207,2024-03-31,378278.6792713818,12.843386449718526,2024-10-31,-7,0.001145995082168838
13888,74361,2024-03-31,203098.3868757407,12.22144580502458,2024-06-30,-3,-0.015898027250633717
13889,20166,2024-03-31,607793.3521847132,13.31759022190043,2024-09-30,-6,-0.02573746424499923
13890,36105,2024-03-31,48012.912689730954,10.779225268081545,2025-02-28,-11,0.002093178478233426
13891,44481,2024-03-31,201465.1262922919,12.213371574880728,2025-09-30,-18,-0.11668839410861942
13893,23836,2024-03-31,422221.2170911646,12.953284666784004,2023-08-31,7,0.03724047317812307
13894,23150,2024-03-31,301406.81549919397,12.616216177723093,2022-03-31,24,0.1440303725603549
13895,71269,2024-03-31,179205.6087064134,12.096289077618072,2024-11-30,-8,-0.028478344970428893
13896,14012,2024-04-30,220706.7551965173,12.304590199825878,2024-09-30,-5,-0.03991319447241182
13898,58436,2024-04-30,130654.450124898,11.780311331791552,2023-09-30,7,-0.06142253496176053
13899,68059,2024-04-30,435898.1287604236,12.985163845398787,2024-07-31,-3,-0.004411821529449966
13900,52228,2024-04-30,316451.18382964813,12.66492427116548,2024-12-31,-8,-0.022539956769936254
13901,28905,2024-04-30,229635.04152181375,12.344246551650848,2024-05-31,-1,-0.007983902497818107
13902,79019,2024-04-30,220056.25794095904,12.301638510557696,2025-04-30,-12,-0.019487095396170773
13903,84013,2024-04-30,548126.8588670728,13.214262033422465,2023-09-30,7,0.027741596483052078
13904,79601,2024-04-30,196631.64387607737,12.189087429369266,2024-04-30,0,0.0
13905,53403,2024-04-30,197022.63480551145,12.19107389860982,2023-06-30,10,0.09532692323932324
13907,39157,2024-04-30,273401.1453994065,12.518695392727023,2024-01-31,3,0.005627273953273004
13908,39046,2024-04-30,218455.5211374015,12.294337708207147,2023-09-30,7,0.01028980839850746
13910,55068,2024-04-30,407352.2419942336,12.91743354957594,2024-04-30,0,0.0
13911,30214,2024-04-30,406490.24399957736,12.915315207680958,2023-03-31,13,0.02869725803079426
13912,08361,2024-04-30,324096.9352708635,12.688797932962942,2024-04-30,0,0.0
13915,46806,2024-04-30,110231.14873732928,11.610334792179748,2024-03-31,1,0.016722288088985238
13916,97058,2024-04-30,381716.83102872426,12.852434332675301,2023-04-30,12,0.024422589999145927
13917,82007,2024-04-30,300747.77664648887,12.61402724111297,2024-04-30,0,0.0
13918,47130,2024-04-30,242501.13261420428,12.398761659922807,2024-01-31,3,0.014650811710609446
13919,30721,2024-04-30,219215.26329608433,12.297809463457018,2024-05-31,-1,-0.008169129062547853
13920,84005,2024-04-30,516507.71044734976,13.154845495692456,2023-09-30,7,0.009920356859822732
13922,38109,2024-04-30,93448.63174648494,11.445167171219376,2024-03-31,1,0.019196486177959216
13924,87031,2024-04-30,315965.2967858033,12.663387666240268,2024-06-30,-2,-0.004199379903834455
13925,75154,2024-04-30,369525.1672955972,12.819974128811642,2023-03-31,13,0.013733954170746188
13926,30318,2024-04-30,422587.0772988408,12.954150804659253,2023-12-31,4,0.006878564667776033
13932,37066,2024-04-30,441309.6063560236,12.997501963332573,2023-08-31,8,-0.0007444500151247979
13933,83634,2024-04-30,460576.90755497775,13.040235129538678,2022-09-30,19,-0.08973540952166204
13935,76065,2024-04-30,471538.11056727474,13.063755206139744,2023-10-31,6,0.0026109167224586116
13936,52404,2024-04-30,190887.5588916038,12.15943983677611,2024-04-30,0,0.0
13937,51503,2024-04-30,288773.79767392325,12.57339895360886,2022-08-31,20,0.08608093594110144
13938,29847,2024-04-30,216869.48080939768,12.287050980641961,2024-04-30,0,0.0
13940,46552,2024-04-30,252448.02060894523,12.43896064753121,2024-01-31,3,0.014007691032306369
13941,74401,2024-04-30,120336.89973955604,11.698050585932561,2024-10-31,-6,-0.08634120586079774
13942,76207,2024-04-30,378351.7454551058,12.84357958544652,2024-10-31,-6,0.0013391308101624588
13943,74361,2024-04-30,204355.60536219415,12.227616918820255,2024-06-30,-2,-0.009726913454958463
13944,20166,2024-04-30,613699.6282281795,13.327260882589453,2024-09-30,-5,-0.016066803555975895
13945,36105,2024-04-30,48476.713885609155,10.788838835558233,2025-02-28,-10,0.01170674595492116
13946,44481,2024-04-30,203728.6821838935,12.224544398310975,2025-09-30,-17,-0.10551557067837258
13948,23836,2024-04-30,425530.0954811316,12.961090954179726,2023-08-31,8,0.045046760573844935
13950,71269,2024-04-30,181909.48465584684,12.111264505290052,2024-11-30,-7,-0.013502917298449546
13951,14012,2024-05-31,222716.7409622055,12.313656023128734,2024-09-30,-4,-0.03084737116955516
13953,58436,2024-05-31,132196.02042736264,11.792041103279175,2023-09-30,8,-0.049692763474137536
13954,68059,2024-05-31,437239.5718565204,12.988236543211702,2024-07-31,-2,-0.0013391237165354397
13955,52228,2024-05-31,318037.53850014013,12.669924700393405,2024-12-31,-7,-0.017539527542011157
13956,28905,2024-05-31,231475.76359849356,12.352230454148666,2024-05-31,0,0.0
13957,79019,2024-05-31,219944.7550231523,12.30113168026909,2025-04-30,-11,-0.019993925684776315
13958,84013,2024-05-31,547885.6291084642,13.213821838141572,2023-09-30,8,0.02730140120215907
13959,79601,2024-05-31,197753.2044381802,12.194775089990038,2024-04-30,1,0.005687660620772306
13960,53403,2024-05-31,199310.60173633945,12.20261969964981,2023-06-30,11,0.10687272427931305
13962,39157,2024-05-31,273731.0348317591,12.519901278559544,2024-01-31,4,0.0068331597857937965
13963,39046,2024-05-31,220318.6154260313,12.302830029565607,2023-09-30,8,0.01878212975696769
13965,55068,2024-05-31,407940.36136321555,12.918876269572593,2024-04-30,1,0.0014427199966533522
13966,30214,2024-05-31,407728.3165156864,12.918356340689563,2023-03-31,14,0.031738391039398905
13967,08361,2024-05-31,327502.7118476322,12.699251614473946,2024-04-30,1,0.01045368151100412
13970,46806,2024-05-31,112409.25202538434,11.629901526447265,2024-03-31,2,0.03628902235650244
13971,97058,2024-05-31,384130.52027625026,12.858737670370852,2023-04-30,13,0.03072592769469651
13972,82007,2024-05-31,301266.82202614006,12.615751602978637,2024-04-30,1,0.0017243618656674897
13973,47130,2024-05-31,243570.1907335942,12.403160437599363,2024-01-31,4,0.01904958938716561
13974,30721,2024-05-31,221013.3956623133,12.305978592519565,2024-05-31,0,0.0
13975,84005,2024-05-31,516071.01433882536,13.153999659681938,2023-09-30,8,0.009074520849305046
13977,38109,2024-05-31,95675.48633022436,11.468717393429396,2024-03-31,2,0.04274670838797867
13979,87031,2024-05-31,317130.0302556649,12.667067158835426,2024-06-30,-1,-0.000519887308676914
13980,75154,2024-05-31,369413.0909989549,12.819670784665515,2023-03-31,14,0.013430610024618872
13981,30318,2024-05-31,422215.9223128332,12.95327212641105,2023-12-31,5,0.005999886419573386
13987,37066,2024-05-31,442210.3419156368,12.999540934548639,2023-08-31,9,0.0012945212009416451
13988,83634,2024-05-31,462516.6942808165,13.044437931025486,2022-09-30,20,-0.0855326080348533
13990,76065,2024-05-31,471254.60230028373,13.063153783851117,2023-10-31,7,0.0020094944338318044
13991,52404,2024-05-31,192268.71824007944,12.166649246685948,2024-04-30,1,0.0072094099098372055
13992,51503,2024-05-31,290990.5593016692,12.581046103365063,2022-08-31,21,0.09372808569730395
13993,29847,2024-05-31,218279.70643218732,12.293532576385333,2024-04-30,1,0.006481595743371926
13995,46552,2024-05-31,254486.1868997131,12.447001838056579,2024-01-31,4,0.022048881557674704
13996,74401,2024-05-31,121748.7595110578,11.709714852072048,2024-10-31,-5,-0.07467693972131073
13997,76207,2024-05-31,377942.8417259238,12.842498250802702,2024-10-31,-5,0.0002577961663448036
13998,74361,2024-05-31,205540.7874593071,12.233399772344768,2024-06-30,-1,-0.003944059930445221
13999,20166,2024-05-31,618285.1795243832,13.334705085543035,2024-09-30,-4,-0.008622600602393504
14000,36105,2024-05-31,49418.7041698684,10.808084258435342,2025-02-28,-9,0.030952168832030225
14001,44481,2024-05-31,205737.11030266905,12.234354469202254,2025-09-30,-16,-0.09570549978709408
14003,23836,2024-05-31,428038.63200612087,12.966968732187135,2023-08-31,9,0.05092453858125445
14005,71269,2024-05-31,185289.13260622392,12.129672762988715,2024-11-30,-6,0.004905340400213731
14006,14012,2024-06-30,225054.08474394292,12.324096028940469,2024-09-30,-3,-0.02040736535782095
14008,58436,2024-06-30,133929.7534181267,11.805070713254457,2023-09-30,9,-0.036663153498855294
14009,68059,2024-06-30,437451.71965332475,12.988721623612122,2024-07-31,-1,-0.0008540433161154937
14010,52228,2024-06-30,318950.3053186464,12.672790586931429,2024-12-31,-6,-0.014673641003987825
14011,28905,2024-06-30,232463.6195209335,12.356489016587249,2024-05-31,1,0.0042585624385829135
14012,79019,2024-06-30,218960.90271170283,12.296648466430318,2025-04-30,-10,-0.02447713952354924
14013,84013,2024-06-30,547374.7822096556,13.212889006222197,2023-09-30,9,0.026368569282784193
14014,79601,2024-06-30,198077.9738124691,12.196416039288676,2024-04-30,2,0.007328609919410312
14015,53403,2024-06-30,201230.38838711183,12.212205741524206,2023-06-30,12,0.11645876615370909
14017,39157,2024-06-30,273710.67387804104,12.519826892726666,2024-01-31,5,0.0067587739529155755
14018,39046,2024-06-30,221166.4015429525,12.30667064533479,2023-09-30,9,0.022622745526151178
14020,55068,2024-06-30,407538.815586264,12.917891460099206,2024-04-30,2,0.0004579105232664915
14021,30214,2024-06-30,408311.6077974974,12.919785906483513,2023-03-31,15,0.033167956833349166
14022,08361,2024-06-30,329714.48794162675,12.705982370895782,2024-04-30,2,0.017184437932840524
14025,46806,2024-06-30,114365.98947837103,11.6471590189575,2024-03-31,3,0.05354651486673845
14026,97058,2024-06-30,385330.8034871244,12.861857474179965,2023-04-30,14,0.03384573150380987
14027,82007,2024-06-30,301626.1467263324,12.616943604747979,2024-04-30,2,0.0029163636350091338
14028,47130,2024-06-30,244116.2633363623,12.405399879873915,2024-01-31,5,0.021289031661718028
14029,30721,2024-06-30,222161.8371869843,12.311161391603422,2024-05-31,1,0.0051827990838564375
14030,84005,2024-06-30,514783.09481576853,13.15150091581171,2023-09-30,9,0.006575776979076409
14032,38109,2024-06-30,97508.28070629388,11.487692583700525,2024-03-31,3,0.061721898659108376
14034,87031,2024-06-30,317294.9449984215,12.667587046144103,2024-06-30,0,0.0
14035,75154,2024-06-30,368389.2928911402,12.816895519127518,2023-03-31,15,0.010655344486622198
14036,30318,2024-06-30,420324.0901677788,12.948781335952575,2023-12-31,6,0.0015090959610972732
14042,37066,2024-06-30,441695.343722633,12.998375655809863,2023-08-31,10,0.0001292424621652799
14043,83634,2024-06-30,463246.151563094,13.046013836640014,2022-09-30,21,-0.08395670242032516
14045,76065,2024-06-30,470032.5236515468,13.060557170550693,2023-10-31,8,-0.000587118866592462
14046,52404,2024-06-30,192972.26587893872,12.170301757452046,2024-04-30,2,0.010861920675935721
14047,51503,2024-06-30,292215.81938850094,12.585247915739853,2022-08-31,22,0.09792989807209374
14048,29847,2024-06-30,219327.3964565536,12.298320853445741,2024-04-30,2,0.01126987280377989
14050,46552,2024-06-30,255900.91364940297,12.45254559247915,2024-01-31,5,0.027592635980246527
14051,74401,2024-06-30,123526.06777446334,11.724207487873825,2024-10-31,-4,-0.06018430391953444
14052,76207,2024-06-30,377132.5750555413,12.840352062585232,2024-10-31,-4,-0.0018883920511250096
14053,74361,2024-06-30,206353.05340303783,12.237343832275213,2024-06-30,0,0.0
14054,20166,2024-06-30,620577.7206716338,13.338406130693023,2024-09-30,-3,-0.004921555452405357
14055,36105,2024-06-30,50642.65314523389,10.832549447729079,2025-02-28,-8,0.055417358125767535
14056,44481,2024-06-30,207378.27591206375,12.242299824412283,2025-09-30,-15,-0.08776014457706438
14058,23836,2024-06-30,429398.9094881117,12.97014162480578,2023-08-31,10,0.054097431199899404
14060,71269,2024-06-30,186771.2701843787,12.137639993078974,2024-11-30,-5,0.012872570490472413
14061,14012,2024-07-31,226834.33450491785,12.33197522608391,2024-09-30,-2,-0.012528168214378965
14063,58436,2024-07-31,134673.9751090315,11.810612137414202,2023-09-30,10,-0.031121729339110615
14064,68059,2024-07-31,437825.4819524965,12.989575666928237,2024-07-31,0,0.0
14065,52228,2024-07-31,319656.7903976598,12.675003169196705,2024-12-31,-5,-0.012461058738711728
14066,28905,2024-07-31,233220.4520858603,12.359739431524808,2024-05-31,2,0.007508977376142312
14067,79019,2024-07-31,217802.56574471676,12.291344269690383,2025-04-30,-9,-0.029781336263484448
14068,84013,2024-07-31,546446.7221831557,13.211192092702998,2023-09-30,10,0.02467165576358532
14069,79601,2024-07-31,197465.1429074233,12.193317356138854,2024-04-30,3,0.004229926769587777
14070,53403,2024-07-31,202416.22233868492,12.218081363078305,2023-06-30,13,0.12233438770780758
14072,39157,2024-07-31,273781.51203621115,12.520085665948962,2024-01-31,6,0.007017547175211192
14073,39046,2024-07-31,221346.20333299387,12.307483285688784,2023-09-30,10,0.02343538588014482
14075,55068,2024-07-31,406909.19153378886,12.916345322905917,2024-04-30,3,-0.0010882266700225074
14076,30214,2024-07-31,408438.2584223025,12.920096039686,2023-03-31,16,0.03347809003583535
14077,08361,2024-07-31,331630.0765845896,12.711775399531207,2024-04-30,3,0.022977466568265825
14080,46806,2024-07-31,115866.95327322948,11.660197857291642,2024-03-31,4,0.06658535320088
14081,97058,2024-07-31,385127.81609410624,12.861330548028304,2023-04-30,15,0.03331880535214893
14082,82007,2024-07-31,301678.4343999853,12.617116942313844,2024-04-30,3,0.003089701200874373
14083,47130,2024-07-31,244411.6626227434,12.406609224546703,2024-01-31,6,0.022498376334505465
14084,30721,2024-07-31,223083.1699826666,12.315299940473652,2024-05-31,2,0.00932134795408679
14085,84005,2024-07-31,512860.13540198194,13.147758446437772,2023-09-30,10,0.0028333076051385575
14087,38109,2024-07-31,98764.67616772409,11.500495291140588,2024-03-31,4,0.07452460609917111
14089,87031,2024-07-31,317281.43979542895,12.667544481676474,2024-06-30,1,-4.2564467628736224e-05
14090,75154,2024-07-31,367504.4205506274,12.814490626271875,2023-03-31,16,0.008250451630978262
14091,30318,2024-07-31,418449.8690705116,12.944312374569375,2023-12-31,7,-0.002959865422102581
14097,37066,2024-07-31,440712.1774534096,12.996147282518685,2023-08-31,11,-0.0020991308290128075
14098,83634,2024-07-31,463786.6738389116,13.047179970831298,2022-09-30,22,-0.08279056822904174
14100,76065,2024-07-31,468585.1204882933,13.057473051432385,2023-10-31,9,-0.0036712379848999888
14101,52404,2024-07-31,192922.20686170217,12.170042313375733,2024-04-30,3,0.010602476599622435
14102,51503,2024-07-31,292989.09664685605,12.587890674497425,2022-08-31,23,0.10057265682966587
14103,29847,2024-07-31,220603.14148918187,12.304120626358264,2024-04-30,3,0.017069645716302873
14105,46552,2024-07-31,256902.28509811472,12.456451077951817,2024-01-31,6,0.03149812145291264
14106,74401,2024-07-31,126062.50654484944,11.744533146614064,2024-10-31,-3,-0.03985864517929549
14107,76207,2024-07-31,376521.9405355828,12.838731599519072,2024-10-31,-3,-0.003508855117285492
14108,74361,2024-07-31,206356.14139253157,12.237358796756416,2024-06-30,1,1.496448120263949e-05
14109,20166,2024-07-31,621176.287430986,13.339370197330709,2024-09-30,-2,-0.003957488814720023
14110,36105,2024-07-31,51358.9508232107,10.846594510258203,2025-02-28,-7,0.06946242065489194
14111,44481,2024-07-31,208572.57774498416,12.248042354350252,2025-09-30,-14,-0.08201761463909563
14113,23836,2024-07-31,429713.94697310985,12.970875026702284,2023-08-31,11,0.05483083309640335
14115,71269,2024-07-31,187391.8195907462,12.140956995703187,2024-11-30,-4,0.016189573114685274
14116,14012,2024-08-31,228513.0291677077,12.339348508118398,2024-09-30,-1,-0.005154886179891349
14118,58436,2024-08-31,135341.01442327225,11.815552905127362,2023-09-30,11,-0.026180961625950516
14119,68059,2024-08-31,438865.86152499495,12.991949090753218,2024-07-31,1,0.002373423824980847
14120,52228,2024-08-31,320476.8055461864,12.677565183133375,2024-12-31,-4,-0.009899044802041956
14121,28905,2024-08-31,233493.23448885643,12.360908381319533,2024-05-31,3,0.008677927170866795
14122,79019,2024-08-31,216570.7890658743,12.285672743262722,2025-04-30,-8,-0.03545286269114456
14123,84013,2024-08-31,546053.685190702,13.210472574418597,2023-09-30,11,0.0239521374791849
14124,79601,2024-08-31,196957.0466381485,12.190740946576717,2024-04-30,4,0.0016535172074512161
14125,53403,2024-08-31,203307.4698820722,12.222474742089837,2023-06-30,14,0.12672776671933939
14127,39157,2024-08-31,274050.09265142976,12.521066188556416,2024-01-31,7,0.007998069782665596
14128,39046,2024-08-31,221475.4750173072,12.30806714006767,2023-09-30,11,0.02401924025903135
14130,55068,2024-08-31,406862.1276997267,12.916229654454591,2024-04-30,4,-0.0012038951213479976
14131,30214,2024-08-31,408981.714334157,12.921425725796052,2023-03-31,17,0.034807776145887814
14132,08361,2024-08-31,333490.132910122,12.71736855742373,2024-04-30,4,0.028570624460789062
14135,46806,2024-08-31,116966.16579735518,11.669639990739755,2024-03-31,5,0.07602748664899295
14136,97058,2024-08-31,384498.28477222146,12.859694606987382,2023-04-30,16,0.03168286431122702
14137,82007,2024-08-31,301826.09994170326,12.617606302496783,2024-04-30,4,0.0035790613838138086
14138,47130,2024-08-31,244662.6755058783,12.407635706149216,2024-01-31,7,0.023524857937019306
14139,30721,2024-08-31,223834.87764642373,12.318663905641861,2024-05-31,3,0.012685313122295483
14140,84005,2024-08-31,511940.0201404081,13.145962748995997,2023-09-30,11,0.001037610163363567
14142,38109,2024-08-31,98862.28055273116,11.501483055103183,2024-03-31,5,0.07551237006176592
14144,87031,2024-08-31,317624.6704098196,12.66862568295115,2024-06-30,2,0.0010386368070474106
14145,75154,2024-08-31,367152.3437320821,12.813532146441247,2023-03-31,17,0.007291971800350794
14146,30318,2024-08-31,417156.7890128005,12.941217422949798,2023-12-31,8,-0.006054817041679428
14152,37066,2024-08-31,440009.3980270417,12.994551364818708,2023-08-31,12,-0.0036950485289892754
14153,83634,2024-08-31,464601.8998689608,13.048936188567426,2022-09-30,23,-0.08103435049291363
14155,76065,2024-08-31,467916.4432789029,13.056045018957276,2023-10-31,10,-0.005099270460009464
14156,52404,2024-08-31,192383.63678220464,12.167246765687425,2024-04-30,4,0.007806928911314515
14157,51503,2024-08-31,293877.90119373944,12.590919657996922,2022-08-31,24,0.1036016403291633
14158,29847,2024-08-31,221863.82290535144,12.309819062305069,2024-04-30,4,0.02276808166310751
14160,46552,2024-08-31,257577.2139605482,12.459074814177855,2024-01-31,7,0.03412185767895082
14161,74401,2024-08-31,129029.93549529785,11.767799714525577,2024-10-31,-2,-0.016592077267782557
14162,76207,2024-08-31,376597.1406470253,12.838931302629964,2024-10-31,-2,-0.0033091520063930346
14163,74361,2024-08-31,205922.5477446837,12.235255395250908,2024-06-30,2,-0.0020884370243052786
14164,20166,2024-08-31,622161.9136651673,13.340955649204982,2024-09-30,-1,-0.0023720369404465202
14165,36105,2024-08-31,51487.54119332432,10.849095138808583,2025-02-28,-6,0.07196304920527119
14166,44481,2024-08-31,209621.22275852156,12.253057479922123,2025-09-30,-13,-0.07700248906722429
14168,23836,2024-08-31,430330.38140267105,12.972308521499663,2023-08-31,12,0.056264327893781996
14170,71269,2024-08-31,186839.33552585775,12.13800435822917,2024-11-30,-3,0.01323693564066808
14171,14012,2024-09-30,229694.02916877103,12.34450339429829,2024-09-30,0,0.0
14173,58436,2024-09-30,135369.2291116926,11.81576135448749,2023-09-30,12,-0.02597251226582209
14174,68059,2024-09-30,440359.8893185617,12.995347601841228,2024-07-31,2,0.005771934912990773
14175,52228,2024-09-30,321443.6648622563,12.68057758137207,2024-12-31,-3,-0.006886646563346588
14176,28905,2024-09-30,234002.38991552117,12.363086607601875,2024-05-31,4,0.010856153453209672
14177,79019,2024-09-30,216057.31044611023,12.283298977612946,2025-04-30,-7,-0.03782662834092143
14178,84013,2024-09-30,546007.96148668,13.210388836098168,2023-09-30,12,0.02386839915875605
14179,79601,2024-09-30,196445.98918265733,12.188142808298966,2024-04-30,5,-0.0009446210702996893
14180,53403,2024-09-30,203729.43165363176,12.224548077068192,2023-06-30,15,0.12880110169769488
14182,39157,2024-09-30,274260.799212716,12.521834754619153,2024-01-31,8,0.008766635845402604
14183,39046,2024-09-30,221510.45097212985,12.308225050072677,2023-09-30,12,0.02417715026403755
14185,55068,2024-09-30,407611.19730568706,12.918069051262718,2024-04-30,5,0.0006355016867782837
14186,30214,2024-09-30,409073.0615974988,12.92164905378437,2023-03-31,18,0.03503110413420529
14187,08361,2024-09-30,335521.6715153617,12.723441827988388,2024-04-30,5,0.034643895025446625
14190,46806,2024-09-30,117230.10136529792,11.671893960735789,2024-03-31,6,0.07828145664502628
14191,97058,2024-09-30,384048.068150993,12.858523001212362,2023-04-30,17,0.030511258536206398
14192,82007,2024-09-30,302266.54127872456,12.619064494121746,2024-04-30,5,0.005037253008776332
14193,47130,2024-09-30,244738.6355898412,12.407946126586802,2024-01-31,8,0.023835278374605195
14194,30721,2024-09-30,224091.85260108075,12.319811303041911,2024-05-31,4,0.013832710522345693
14195,84005,2024-09-30,512346.7408532114,13.146756903035017,2023-09-30,12,0.0018317642023841785
14197,38109,2024-09-30,98936.71688404218,11.502235701332834,2024-03-31,6,0.07626501629141735
14199,87031,2024-09-30,318551.2793640488,12.671538743747679,2024-06-30,3,0.00395169760357561
14200,75154,2024-09-30,367160.014202502,12.813553038015078,2023-03-31,18,0.007312863374181688
14201,30318,2024-09-30,416554.5851812008,12.93977278885946,2023-12-31,9,-0.007499451132018109
14207,37066,2024-09-30,439862.2395911064,12.994216865032566,2023-08-31,13,-0.004029548315131137
14208,83634,2024-09-30,465832.92659542727,13.051582322202494,2022-09-30,24,-0.0783882168578458
14210,76065,2024-09-30,467848.3619790648,13.055899509531027,2023-10-31,11,-0.005244779886258044
14211,52404,2024-09-30,191851.68430443725,12.164477874914315,2024-04-30,5,0.00503803813820447
14213,29847,2024-09-30,222078.3151944056,12.310785369791278,2024-04-30,5,0.02373438914931647
14215,46552,2024-09-30,258382.82355705788,12.462197576378795,2024-01-31,8,0.037244619879890806
14216,74401,2024-09-30,130664.87050502504,11.780391083875,2024-10-31,-1,-0.004000707918359936
14217,76207,2024-09-30,377214.6665126187,12.840569711574659,2024-10-31,-1,-0.0016707430616982322
14218,74361,2024-09-30,204989.54709110793,12.230714267021048,2024-06-30,3,-0.00662956525416547
14219,20166,2024-09-30,623639.4564075122,13.343327686145429,2024-09-30,0,0.0
14220,36105,2024-09-30,50860.251313664594,10.836836980247122,2025-02-28,-5,0.059704890643811126
14221,44481,2024-09-30,210095.81781595695,12.255318980951758,2025-09-30,-12,-0.07474098803758977
14223,23836,2024-09-30,431226.9873165626,12.974389883159661,2023-08-31,13,0.05834568955378039
14225,71269,2024-09-30,185909.3648220808,12.13301454803019,2024-11-30,-2,0.008247125441688041
14226,14012,2024-10-31,230882.52816601895,12.349664324077766,2024-09-30,1,0.005160929779476575
14228,58436,2024-10-31,136235.19296066245,11.822138031101805,2023-09-30,13,-0.019595835651507798
14229,68059,2024-10-31,441911.43754155195,12.998864773430526,2024-07-31,3,0.009289106502288647
14230,52228,2024-10-31,322422.13704495266,12.68361695054819,2024-12-31,-2,-0.0038472773872264554
14231,28905,2024-10-31,234852.3540524067,12.366712315047259,2024-05-31,5,0.014481860898593268
14232,79019,2024-10-31,216007.8223576503,12.28306990062932,2025-04-30,-6,-0.03805570532454716
14233,84013,2024-10-31,546447.6586556666,13.211193806450506,2023-09-30,13,0.024673369511093668
14234,79601,2024-10-31,196231.34135810705,12.1870495552424,2024-04-30,6,-0.0020378741268665124
14235,53403,2024-10-31,204291.73488268125,12.227304324200187,2023-06-30,16,0.1315573488296895
14237,39157,2024-10-31,274515.24890330853,12.522762089949113,2024-01-31,9,0.009693971175362748
14238,39046,2024-10-31,222123.75213348237,12.31098994758403,2023-09-30,13,0.026942047775390776
14240,55068,2024-10-31,408972.9774483484,12.921404363033794,2024-04-30,6,0.0039708134578546606
14241,30214,2024-10-31,409103.3241705411,12.921723029454121,2023-03-31,19,0.03510507980395694
14242,08361,2024-10-31,337341.4919771062,12.728851025571853,2024-04-30,6,0.0400530926089111
14245,46806,2024-10-31,117106.30340649252,11.670837377398318,2024-03-31,7,0.07722487330755534
14246,97058,2024-10-31,383948.96835987904,12.858264927842406,2023-04-30,18,0.030253185166250418
14247,82007,2024-10-31,302901.85061759385,12.621164106661881,2024-04-30,6,0.007136865548911686
14248,47130,2024-10-31,244759.89150422477,12.408032974302252,2024-01-31,9,0.02392212609005462
14249,30721,2024-10-31,224180.38417131177,12.320206293247058,2024-05-31,5,0.01422770072749202
14250,84005,2024-10-31,513451.8026389946,13.148911443456766,2023-09-30,13,0.003986304624133297
14252,38109,2024-10-31,99317.68577515447,11.506078938657469,2024-03-31,7,0.08010825361605178
14254,87031,2024-10-31,319551.9407669728,12.674675108497546,2024-06-30,4,0.007088062353442837
14255,75154,2024-10-31,367011.4836890403,12.813148417252995,2023-03-31,19,0.006908242612098547
14256,30318,2024-10-31,415734.8278314408,12.93780290289905,2023-12-31,10,-0.00946933709242792
14262,37066,2024-10-31,439585.9219208983,12.993588476251071,2023-08-31,14,-0.004657937096625986
14265,76065,2024-10-31,468104.7558149983,13.056447387063507,2023-10-31,12,-0.004696902353778398
14266,52404,2024-10-31,191729.30632135016,12.16383979330845,2024-04-30,6,0.004399956532338933
14268,29847,2024-10-31,221952.1935271273,12.310217293192066,2024-04-30,6,0.023166312550104706
14270,46552,2024-10-31,259761.782960754,12.46752027063042,2024-01-31,9,0.04256731413151549
14271,74401,2024-10-31,131188.66957199766,11.78439179179336,2024-10-31,0,0.0
14272,76207,2024-10-31,377845.42206797615,12.842240454636357,2024-10-31,0,0.0
14273,74361,2024-10-31,204451.9380508626,12.22808820508688,2024-06-30,4,-0.009255627188332838
14274,20166,2024-10-31,625984.4109915054,13.347080747202682,2024-09-30,1,0.0037530610572531486
14275,36105,2024-10-31,50129.67181369287,10.822368363531409,2025-02-28,-4,0.04523627392809715
14276,44481,2024-10-31,210671.8550170069,12.258057012402901,2025-09-30,-11,-0.07200295658644684
14278,23836,2024-10-31,432474.324522824,12.977278238326738,2023-08-31,14,0.06123404472085703
14280,71269,2024-10-31,184707.57658525484,12.12652918638148,2024-11-30,-1,0.0017617637929792096
14281,14012,2024-11-30,230884.9998513409,12.349675029400993,2024-09-30,2,0.005171635102703576
14283,58436,2024-11-30,136634.60040628674,11.825065491308669,2023-09-30,14,-0.016668375444643502
14284,68059,2024-11-30,443367.9927724911,13.002155387660064,2024-07-31,4,0.012579720731826782
14285,52228,2024-11-30,322981.30998602416,12.68534973671026,2024-12-31,-1,-0.002114491225157167
14286,28905,2024-11-30,235005.97310976495,12.367366210291639,2024-05-31,6,0.015135756142973023
14287,79019,2024-11-30,216658.54388692905,12.286077862748316,2025-04-30,-5,-0.03504774320555093
14288,84013,2024-11-30,546433.7716329569,13.211168392856084,2023-09-30,14,0.024647955916671904
14289,79601,2024-11-30,196112.63618983436,12.186444447588466,2024-04-30,7,-0.0026429817808004685
14290,53403,2024-11-30,205317.72499189037,12.232313936308403,2023-06-30,17,0.13656696093790544
14292,39157,2024-11-30,275152.56183269416,12.52508099312126,2024-01-31,10,0.012012874347510305
14293,39046,2024-11-30,223543.457671453,12.317361115617476,2023-09-30,14,0.03331321580883717
14295,55068,2024-11-30,410749.4607460166,12.925738723046594,2024-04-30,7,0.008305173470654736
14296,30214,2024-11-30,409161.87041507807,12.92186612791419,2023-03-31,20,0.03524817826402682
14297,08361,2024-11-30,338633.024812882,12.732672277335855,2024-04-30,7,0.04387434437291304
14300,46806,2024-11-30,116557.65219506469,11.66614129820796,2024-03-31,8,0.07252879411719704
14301,97058,2024-11-30,384050.48087330646,12.858529283537244,2023-04-30,19,0.030517540861088932
14302,82007,2024-11-30,304082.2878870692,12.625053627599142,2024-04-30,7,0.011026386486172157
14303,47130,2024-11-30,245168.0907762975,12.409699339079495,2024-01-31,10,0.025588490867297864
14304,30721,2024-11-30,224087.0306516751,12.319789785074038,2024-05-31,6,0.013811192554472385
14305,84005,2024-11-30,514576.5569728943,13.151099621967937,2023-09-30,14,0.006174483135303888
14307,38109,2024-11-30,100409.61396463572,11.517013238275272,2024-03-31,8,0.09104255323385502
14309,87031,2024-11-30,320438.52182010544,12.677445717349075,2024-06-30,5,0.00985867120497197
14310,75154,2024-11-30,366708.8080399377,12.812323373514438,2023-03-31,20,0.006083198873541917
14311,30318,2024-11-30,414951.8054962216,12.935917661134663,2023-12-31,11,-0.011354578856813902
14317,37066,2024-11-30,439265.747062401,12.992859855292696,2023-08-31,15,-0.0053865580550009895
14320,76065,2024-11-30,468349.35245979513,13.0569697760374,2023-10-31,13,-0.00417451337988517
14321,52404,2024-11-30,192444.0521758805,12.16756075241918,2024-04-30,7,0.008120915643068827
14323,29847,2024-11-30,221720.03104276175,12.309170743542579,2024-04-30,7,0.022119762900617346
14325,46552,2024-11-30,261069.11997993733,12.472540478753555,2024-01-31,10,0.04758752225465024
14326,74401,2024-11-30,130646.11373593556,11.780247524895447,2024-10-31,1,-0.004144266897911919
14327,76207,2024-11-30,378144.40585970384,12.843031427732212,2024-10-31,1,0.0007909730958548522
14328,74361,2024-11-30,203834.065356695,12.225061536718673,2024-06-30,5,-0.012282295556540035
14329,20166,2024-11-30,628811.5489121663,13.351586886519065,2024-09-30,2,0.008259200373636588
14330,36105,2024-11-30,48980.19162188378,10.79917124274603,2025-02-28,-3,0.022039153142719314
14331,44481,2024-11-30,211129.68590916984,12.26022784881546,2025-09-30,-10,-0.06983212017388851
14333,23836,2024-11-30,433143.57874747337,12.978824542661416,2023-08-31,15,0.06278034905553476
14335,71269,2024-11-30,184382.45194504136,12.124767422588501,2024-11-30,0,0.0
14336,14012,2024-12-31,230705.12389637184,12.34889565412921,2024-09-30,3,0.0043922598309205085
14338,58436,2024-12-31,136738.59142311558,11.825826290282036,2023-09-30,15,-0.015907576471276386
14339,68059,2024-12-31,445735.6974941513,13.007481448826203,2024-07-31,5,0.017905781897965767
14340,52228,2024-12-31,323664.9736775921,12.687464227935417,2024-12-31,0,0.0
14341,28905,2024-12-31,236014.47259535737,12.371648406684072,2024-05-31,7,0.019417952535405902
14342,79019,2024-12-31,218284.22086738748,12.293553258053782,2025-04-30,-4,-0.027572347900084893
14343,84013,2024-12-31,546429.3148108908,13.211160236624766,2023-09-30,15,0.024639799685353125
14344,79601,2024-12-31,196213.42764968105,12.18695826235304,2024-04-30,8,-0.002129167016226674
14345,53403,2024-12-31,206841.18767282565,12.239706568481807,2023-06-30,18,0.14395959311131
14347,39157,2024-12-31,276037.26683242695,12.528291160339435,2024-01-31,11,0.01522304156568488
14348,39046,2024-12-31,225402.15735086208,12.325641451752578,2023-09-30,15,0.04159355194393832
14350,55068,2024-12-31,412699.7084837367,12.93047550937681,2024-04-30,8,0.013041959800871084
14351,30214,2024-12-31,408830.04667750327,12.921054814871011,2023-03-31,21,0.034436865220847324
14352,08361,2024-12-31,339729.27221955033,12.735904321232624,2024-04-30,8,0.0471063882696825
14355,46806,2024-12-31,116497.5366760948,11.665625407353142,2024-03-31,9,0.07201290326237952
14356,97058,2024-12-31,385198.4244717765,12.8615138687414,2023-04-30,20,0.03350212606524394
14357,82007,2024-12-31,305696.0190920778,12.630346485524191,2024-04-30,8,0.016319244411221234
14358,47130,2024-12-31,246084.27080749057,12.413429320510852,2024-01-31,11,0.02931847229865525
14359,30721,2024-12-31,225110.60104721793,12.324347120620272,2024-05-31,7,0.018368528100706882
14360,84005,2024-12-31,515618.3905158325,13.153122217595389,2023-09-30,15,0.008197078762755439
14362,38109,2024-12-31,101368.11210785374,11.526513844427285,2024-03-31,9,0.10054315938586811
14364,87031,2024-12-31,321344.7642678936,12.680269857739654,2024-06-30,6,0.012682811595551513
14365,75154,2024-12-31,366608.064603704,12.812048612519224,2023-03-31,21,0.00580843787832741
14366,30318,2024-12-31,414002.6316436677,12.933627609414465,2023-12-31,12,-0.013644630577012151
14372,37066,2024-12-31,439194.99675742286,12.9926987773945,2023-08-31,16,-0.005547635953197627
14375,76065,2024-12-31,468703.4174320943,13.057725475183755,2023-10-31,14,-0.0034188142335302985
14376,52404,2024-12-31,193629.973349578,12.173704262861625,2024-04-30,8,0.014264426085514259
14378,29847,2024-12-31,222971.27619288687,12.314798235836086,2024-04-30,8,0.02774725519412513
14380,46552,2024-12-31,262896.01877253555,12.479513867098309,2024-01-31,11,0.054560910599404266
14381,74401,2024-12-31,130688.1955427699,11.780569578339666,2024-10-31,2,-0.0038222134536933794
14382,76207,2024-12-31,377915.7891352686,12.842426669717133,2024-10-31,2,0.00018621508077565352
14383,74361,2024-12-31,204016.42896929945,12.225955803746885,2024-06-30,6,-0.01138802852832832
14384,20166,2024-12-31,631847.7652377143,13.356403766324854,2024-09-30,3,0.013076080179425631
14385,36105,2024-12-31,48414.87021663253,10.787562281398282,2025-02-28,-2,0.010430191794970511
14386,44481,2024-12-31,212484.16541582777,12.266622748879954,2025-09-30,-9,-0.06343722010939423
14388,23836,2024-12-31,433518.48284899094,12.979689710623683,2023-08-31,16,0.06364551701780208
14390,71269,2024-12-31,185078.45261858765,12.128535082377534,2024-11-30,1,0.0037676597890321517
14391,14012,2025-01-31,230100.5678456712,12.346271743841669,2024-09-30,4,0.001768349543379344
14393,58436,2025-01-31,136750.17708647737,11.825911015248488,2023-09-30,16,-0.015822851504823987
14394,68059,2025-01-31,448235.80436671135,13.013074721956896,2024-07-31,6,0.023499055028658233
14395,52228,2025-01-31,324669.8146848054,12.690563990063987,2024-12-31,1,0.00309976212857066
14396,28905,2025-01-31,236972.89582577485,12.375701049972927,2024-05-31,8,0.023470595824260698
14397,79019,2025-01-31,220697.09735814587,12.304546440178937,2025-04-30,-3,-0.016579165774929905
14398,84013,2025-01-31,547034.5889513524,13.212267313319659,2023-09-30,16,0.02574687638024642
14399,79601,2025-01-31,196697.11679701987,12.189420346399972,2024-04-30,9,0.0003329170307058149
14400,53403,2025-01-31,208821.21128209063,12.249233716431103,2023-06-30,19,0.15348674106060578
14402,39157,2025-01-31,277087.1025434327,12.532087185355838,2024-01-31,12,0.019019066582087518
14403,39046,2025-01-31,226601.0316126931,12.330946180137142,2023-09-30,16,0.046898280328502295
14405,55068,2025-01-31,414177.8231102186,12.934050685009062,2024-04-30,9,0.0166171354331226
14406,30214,2025-01-31,408040.4689990291,12.919121637190534,2023-03-31,22,0.0325036875403697
14407,08361,2025-01-31,340399.1849559816,12.737874281307107,2024-04-30,9,0.04907634834416541
14410,46806,2025-01-31,116775.65768370668,11.668009917413594,2024-03-31,10,0.07439741332283134
14411,97058,2025-01-31,386250.42543569306,12.864241208645119,2023-04-30,21,0.03622946596896348
14412,82007,2025-01-31,307474.7488138429,12.636148245178308,2024-04-30,9,0.022121004065338568
14413,47130,2025-01-31,247448.91402246177,12.418959431695768,2024-01-31,12,0.034848583483571005
14414,30721,2025-01-31,226232.6332647257,12.32931909956511,2024-05-31,8,0.023340507045544356
14415,84005,2025-01-31,516710.03550514457,13.155237136391959,2023-09-30,16,0.010311997559325548
14417,38109,2025-01-31,102243.10216735884,11.53510861116356,2024-03-31,10,0.10913792612214301
14419,87031,2025-01-31,322722.89412836876,12.684549321071627,2024-06-30,7,0.01696227492752378
14420,75154,2025-01-31,366758.3976781158,12.812458593297592,2023-03-31,22,0.00621841865669559
14421,30318,2025-01-31,413138.81636391865,12.931538932572389,2023-12-31,13,-0.015733307419088405
14427,37066,2025-01-31,439768.8054406163,12.994004425620908,2023-08-31,17,-0.004241987726789631
14430,76065,2025-01-31,468998.72439449414,13.058355327583554,2023-10-31,15,-0.0027889618337315625
14431,52404,2025-01-31,194962.12987737873,12.180560612928472,2024-04-30,9,0.021120776152361742
14433,29847,2025-01-31,223953.81302998503,12.319195117746295,2024-04-30,9,0.032144137104333836
14435,46552,2025-01-31,264584.34911601554,12.4859153796922,2024-01-31,12,0.06096242319329548
14436,74401,2025-01-31,130908.81560166512,11.782256295708766,2024-10-31,3,-0.0021354960845929583
14437,76207,2025-01-31,377590.7831378977,12.841566303892806,2024-10-31,3,-0.0006741507435510385
14438,74361,2025-01-31,204324.05232172343,12.227462504280945,2024-06-30,7,-0.009881327994268219
14439,20166,2025-01-31,634421.6859500947,13.360469132120325,2024-09-30,4,0.01714144597489664
14440,36105,2025-01-31,47984.936143663544,10.778642410294639,2025-02-28,-1,0.0015103206913273937
14441,44481,2025-01-31,214242.75898709183,12.274865038862485,2025-09-30,-8,-0.05519493012686283
14443,23836,2025-01-31,433743.1062284575,12.98020771669548,2023-08-31,17,0.06416352308959894
14445,71269,2025-01-31,185596.69345721244,12.131331283751038,2024-11-30,2,0.0065638611625367105
14446,14012,2025-02-28,229968.40649698037,12.345697215413557,2024-09-30,5,0.001193821115267113
14448,58436,2025-02-28,136985.68567804105,11.827631715249527,2023-09-30,17,-0.01410215150378491
14449,68059,2025-02-28,450242.7280086005,13.017542111899669,2024-07-31,7,0.027966444971431415
14450,52228,2025-02-28,325603.54375197104,12.69343579681042,2024-12-31,2,0.005971568875002831
14451,28905,2025-02-28,238692.2172867043,12.382930207215173,2024-05-31,9,0.030699753066507185
14452,79019,2025-02-28,223328.80757155156,12.316400437888717,2025-04-30,-2,-0.004725168065149887
14453,84013,2025-02-28,547258.0693958079,13.212675760631917,2023-09-30,17,0.02615532369250495
14454,79601,2025-02-28,197458.3196381377,12.193282801244383,2024-04-30,10,0.004195371875116649
14455,53403,2025-02-28,210445.87526604495,12.256983774415504,2023-06-30,20,0.16123679904500676
14457,39157,2025-02-28,278099.63707029494,12.535734735188106,2024-01-31,13,0.02266661641435519
14458,39046,2025-02-28,227549.45459184895,12.335122876570233,2023-09-30,17,0.051074976761594115
14460,55068,2025-02-28,414624.1949177301,12.935127834535633,2024-04-30,10,0.017694284959693718
14461,30214,2025-02-28,406922.48096887785,12.916377981834144,2023-03-31,23,0.02976003218397949
14462,08361,2025-02-28,341343.0926062371,12.740643387124583,2024-04-30,10,0.05184545416164177
14465,46806,2025-02-28,117139.45210903756,11.671120402400785,2024-03-31,11,0.07750789831002258
14466,97058,2025-02-28,387403.1793130553,12.867221236718093,2023-04-30,22,0.03920949404193763
14467,82007,2025-02-28,308657.5570143147,12.639987711612104,2024-04-30,10,0.025960470499134303
14468,47130,2025-02-28,248596.62148291687,12.423586867793098,2024-01-31,13,0.03947601958090097
14469,30721,2025-02-28,227279.76251935793,12.333936971646136,2024-05-31,9,0.027958379126570065
14470,84005,2025-02-28,516961.9027043067,13.155724461615439,2023-09-30,17,0.010799322782805376
14472,38109,2025-02-28,102775.684597095,11.540304072868633,2024-03-31,11,0.11433338782721592
14474,87031,2025-02-28,324235.4260821268,12.689225154621537,2024-06-30,8,0.021638108477434415
14475,75154,2025-02-28,366788.9079825962,12.812541778947004,2023-03-31,23,0.006301604306107933
14476,30318,2025-02-28,412233.26816955506,12.92934465298704,2023-12-31,14,-0.01792758700443642
14482,37066,2025-02-28,440616.1354134632,12.995929334135717,2023-08-31,18,-0.002317079211980655
14485,76065,2025-02-28,468955.9170396698,13.058264049491921,2023-10-31,16,-0.0028802399253642363
14486,52404,2025-02-28,195907.98344193012,12.185400355741011,2024-04-30,10,0.025960518964900814
14488,29847,2025-02-28,224656.9249754894,12.322329739643012,2024-04-30,10,0.035278759001050375
14490,46552,2025-02-28,266346.63894089527,12.492553893308871,2024-01-31,13,0.06760093680996704
14491,74401,2025-02-28,131096.95013830625,11.783692405852708,2024-10-31,4,-0.0006993859406509984
14492,76207,2025-02-28,376951.3265512941,12.839871350804087,2024-10-31,4,-0.002369103832270625
14493,74361,2025-02-28,204851.46210661737,12.230040420399472,2024-06-30,8,-0.007303411875740906
14494,20166,2025-02-28,636115.9024410626,13.363136062261749,2024-09-30,5,0.019808376116319693
14495,36105,2025-02-28,47912.51820265696,10.777132089603311,2025-02-28,0,0.0
14496,44481,2025-02-28,216070.9410217449,12.283362063400986,2025-09-30,-7,-0.04669790558836162
14498,23836,2025-02-28,434154.2518450648,12.981155168934016,2023-08-31,18,0.06511097532813537
14500,71269,2025-02-28,186270.57910334552,12.134955621968077,2024-11-30,3,0.01018819937957538
14501,14012,2025-03-31,229341.18558430893,12.342966067127676,2024-09-30,6,-0.0015373271706131675
14503,58436,2025-03-31,136830.26742476193,11.826496512802713,2023-09-30,18,-0.015237353950599442
14504,68059,2025-03-31,450473.6190805688,13.018054795116248,2024-07-31,8,0.02847912818801035
14505,52228,2025-03-31,326027.4673200951,12.694736912382655,2024-12-31,3,0.007272684447238831
14506,28905,2025-03-31,239292.24569611996,12.385440869259948,2024-05-31,10,0.03321041511128264
14507,79019,2025-03-31,224520.768998412,12.321723494127822,2025-04-30,-1,0.0005978881739547859
14508,84013,2025-03-31,546299.9108794882,13.21092339124905,2023-09-30,18,0.024402954309637792
14509,79601,2025-03-31,197982.5056354835,12.19593395039676,2024-04-30,11,0.00684652102749439
14510,53403,2025-03-31,211624.00600033885,12.262566422438411,2023-06-30,21,0.16681944706791363
14512,39157,2025-03-31,279056.9766589065,12.5391712573694,2024-01-31,14,0.02610313859564961
14513,39046,2025-03-31,228113.94771309456,12.337600553764277,2023-09-30,18,0.05355265395563791
14515,55068,2025-03-31,413863.07637717406,12.933290464714634,2024-04-30,11,0.015856915138694916
14516,30214,2025-03-31,405010.0200695338,12.911667086695054,2023-03-31,24,0.025049137044890202
14517,08361,2025-03-31,342107.73138548475,12.742880970492507,2024-04-30,11,0.05408303752956556
14520,46806,2025-03-31,117186.64371935006,11.671523188191959,2024-03-31,12,0.07791068410119628
14521,97058,2025-03-31,387317.5328585015,12.867000133929546,2023-04-30,23,0.038988391253390375
14522,82007,2025-03-31,309002.7902371182,12.6411055857327,2024-04-30,11,0.027078344619729577
14523,47130,2025-03-31,249334.01167538148,12.426548688907992,2024-01-31,14,0.04243784069579526
14524,30721,2025-03-31,227665.59874369184,12.335633159143326,2024-05-31,10,0.029654566623760203
14525,84005,2025-03-31,515833.72881191,13.15353976155147,2023-09-30,18,0.008614622718836173
14527,38109,2025-03-31,103126.51479770069,11.5437118124765,2024-03-31,12,0.11774112743508347
14529,87031,2025-03-31,325064.1485880739,12.691777822105948,2024-06-30,9,0.024190775961844935
14530,75154,2025-03-31,366183.06628166785,12.810888668432087,2023-03-31,24,0.004648493791190589
14531,30318,2025-03-31,411121.70094171626,12.926644558993893,2023-12-31,15,-0.02062768099758472
14537,37066,2025-03-31,441276.31980687886,12.997426533738299,2023-08-31,19,-0.000819879609398555
14540,76065,2025-03-31,468299.8369349038,13.056864046965089,2023-10-31,17,-0.004280242452196603
14541,52404,2025-03-31,196499.9637875868,12.188417526004345,2024-04-30,11,0.028977689228234738
14543,29847,2025-03-31,224136.7711109036,12.32001172982234,2024-04-30,11,0.03296074918037917
14545,46552,2025-03-31,267200.944461474,12.495756255299586,2024-01-31,14,0.0708032988006817
14546,74401,2025-03-31,130340.07220169409,11.777902253835075,2024-10-31,5,-0.0064895379582843304
14547,76207,2025-03-31,375842.419974756,12.836925238715018,2024-10-31,5,-0.005315215921338989
14548,74361,2025-03-31,205118.83725225215,12.23134478407636,2024-06-30,9,-0.005999048198853885
14549,20166,2025-03-31,636663.9666163743,13.36399727042902,2024-09-30,6,0.020669584283592002
14550,36105,2025-03-31,47281.57867833731,10.7638760415043,2025-02-28,1,-0.013256048099011153
14551,44481,2025-03-31,217091.12037692047,12.288072453956307,2025-09-30,-6,-0.04198751503304088
14553,23836,2025-03-31,434557.2738582296,12.982083030554715,2023-08-31,19,0.0660388369488345
14555,71269,2025-03-31,185987.9097308131,12.133436949135412,2024-11-30,4,0.008669526546910333
14556,14012,2025-04-30,228259.06679769617,12.338236520768804,2024-09-30,7,-0.006266873529485295
14558,58436,2025-04-30,134571.5931784035,11.80985162769652,2023-09-30,19,-0.03188223905679166
14559,68059,2025-04-30,450030.13177903165,13.017069819013773,2024-07-31,9,0.027494152085536072
14560,52228,2025-04-30,325867.1820135912,12.694245160195711,2024-12-31,4,0.0067809322602947475
14561,28905,2025-04-30,239577.12877356316,12.386630684797293,2024-05-31,11,0.03440023064862707
14562,79019,2025-04-30,224386.5708075737,12.321125605953867,2025-04-30,0,0.0
14563,84013,2025-04-30,544689.0115823742,13.207970289829515,2023-09-30,19,0.02144985289010215
14564,79601,2025-04-30,198171.9458363656,12.196890346138968,2024-04-30,12,0.007802916769701795
14565,53403,2025-04-30,212412.5525728633,12.266285665345952,2023-06-30,22,0.17053868997545507
14567,39157,2025-04-30,280122.2359281915,12.542981343774551,2024-01-31,15,0.029913225000800736
14568,39046,2025-04-30,228398.6416938032,12.33884780969641,2023-09-30,19,0.05479990988777139
14570,55068,2025-04-30,412929.7574296244,12.931032778615226,2024-04-30,12,0.013599229039286342
14572,08361,2025-04-30,343553.0481122336,12.747096812817574,2024-04-30,12,0.058298879854632446
14575,46806,2025-04-30,116807.79825451667,11.668285113025233,2024-03-31,13,0.07467260893447047
14576,97058,2025-04-30,387291.38775637216,12.866932628633794,2023-04-30,24,0.03892088595763887
14577,82007,2025-04-30,309138.7550681015,12.641545500616948,2024-04-30,12,0.027518259503978015
14578,47130,2025-04-30,249770.67686756697,12.428298483344404,2024-01-31,15,0.04418763513220725
14579,30721,2025-04-30,228443.01694291097,12.33904207941069,2024-05-31,11,0.03306348689112504
14580,84005,2025-04-30,514102.3867228181,13.150177720559212,2023-09-30,19,0.005252581726578498
14582,38109,2025-04-30,102759.47036121228,11.540146297076753,2024-03-31,13,0.11417561203533566
14584,87031,2025-04-30,324804.56189647975,12.690978932418808,2024-06-30,10,0.023391886274705342
14586,30318,2025-04-30,409770.6406617685,12.923352869130571,2023-12-31,16,-0.023919370860905786
14592,37066,2025-04-30,441776.0685099735,12.998558400347935,2023-08-31,20,0.00031198700023793435
14595,76065,2025-04-30,467269.607340196,13.054661687712274,2023-10-31,18,-0.006482601705011248
14596,52404,2025-04-30,196875.07803998693,12.19032468495554,2024-04-30,12,0.03088484817942927
14598,29847,2025-04-30,223137.97466929888,12.315545579603778,2024-04-30,12,0.028494598961817275
14600,46552,2025-04-30,267520.28642325406,12.496950679538989,2024-01-31,15,0.07199772304008434
14601,74401,2025-04-30,127976.7601540161,11.759603965120757,2024-10-31,6,-0.024787826672602264
14602,76207,2025-04-30,373880.53588191373,12.831691602594717,2024-10-31,6,-0.0105488520416408
14603,74361,2025-04-30,205954.84204905896,12.235412210386876,2024-06-30,10,-0.001931621888337176
14604,20166,2025-04-30,636846.8574428501,13.364284493473031,2024-09-30,7,0.02095680732760208
14605,36105,2025-04-30,46462.63367411288,10.746403691633661,2025-02-28,2,-0.03072839796964999
14606,44481,2025-04-30,217771.45197448693,12.291201406392679,2025-09-30,-5,-0.03885856259666909
14608,23836,2025-04-30,435079.4677839868,12.983283977946918,2023-08-31,20,0.06723978434103728
14610,71269,2025-04-30,184096.24118607576,12.123213949772516,2024-11-30,5,-0.0015534728159849465
14611,14012,2025-05-31,227859.47762898085,12.336484391740838,2024-09-30,8,-0.008019002557452026
14613,58436,2025-05-31,132639.50830572756,11.795390263378895,2023-09-30,20,-0.04634360337441734
14614,68059,2025-05-31,449258.1030665922,13.015352841359253,2024-07-31,10,0.025777174431015126
14615,52228,2025-05-31,325285.34881493635,12.692458072452187,2024-12-31,5,0.004993844516770096
14616,28905,2025-05-31,240056.7778095272,12.388630748551227,2024-05-31,12,0.03640029440256143
14617,79019,2025-05-31,222894.29792935753,12.314452937751811,2025-04-30,1,-0.006672668202055476
14618,84013,2025-05-31,542826.8005283293,13.204545580315582,2023-09-30,20,0.01802514337616934
14619,53403,2025-05-31,212728.67134984743,12.267772789235405,2023-06-30,23,0.17202581386490756
14621,39157,2025-05-31,281458.1184655591,12.547738935619378,2024-01-31,16,0.03467081684562778
14622,79601,2025-05-31,198134.29654118489,12.1967003451182,2024-04-30,13,0.007612915748934412
14623,39046,2025-05-31,227975.890201124,12.336995157613297,2023-09-30,20,0.052947257804657255
14625,55068,2025-05-31,411988.0388480916,12.928749595988121,2024-04-30,13,0.011316046412181535
14627,08361,2025-05-31,344644.2422438904,12.750267982077892,2024-04-30,13,0.06147004911495024
14630,46806,2025-05-31,116533.71707003034,11.665935927025028,2024-03-31,14,0.07232342293426619
14632,82007,2025-05-31,309451.26776653924,12.64255590399718,2024-04-30,13,0.028528662884211187
14633,47130,2025-05-31,250401.32514793897,12.430820210318434,2024-01-31,16,0.04670936210623644
14634,30721,2025-05-31,229807.71635281088,12.344998222391839,2024-05-31,12,0.03901962987227314
14635,84005,2025-05-31,511859.55659708293,13.14580556287223,2023-09-30,20,0.0008804240395967611
14637,38109,2025-05-31,101708.572495946,11.529866870479816,2024-03-31,14,0.10389618543839951
14639,87031,2025-05-31,323839.563117396,12.688003496570968,2024-06-30,11,0.020416450426864685
14641,30318,2025-05-31,407614.9980969362,12.91807837576988,2023-12-31,17,-0.029193864221596755
14647,37066,2025-05-31,441819.48918095726,12.998656682125477,2023-08-31,21,0.0004102687777791658
14650,76065,2025-05-31,465891.5173769044,13.051708090678213,2023-10-31,19,-0.00943619873907231
14651,52404,2025-05-31,197151.60364833116,12.191728273426031,2024-04-30,13,0.03228843664992098
14653,29847,2025-05-31,222113.2784837804,12.310942794154748,2024-04-30,13,0.023891813512786797
14655,46552,2025-05-31,267647.5335851644,12.497426220704025,2024-01-31,16,0.07247326420512046
14656,74401,2025-05-31,124818.24499694895,11.734613918117988,2024-10-31,7,-0.0497778736753709
14657,76207,2025-05-31,371533.1699392922,12.825393425666373,2024-10-31,7,-0.016847028969984024
14658,74361,2025-05-31,207187.95864761272,12.241381673043671,2024-06-30,11,0.004037840768457812
14659,20166,2025-05-31,635586.6588934781,13.362303723640705,2024-09-30,8,0.018976037495276543
14660,36105,2025-05-31,45900.51337665386,10.734231580662643,2025-02-28,3,-0.04290050894066866
14661,44481,2025-05-31,218460.10156442985,12.2943586753083,2025-09-30,-4,-0.03570129368104702
14663,23836,2025-05-31,435404.50701115496,12.984030779155638,2023-08-31,21,0.06798658554975745
14665,71269,2025-05-31,180659.13942110052,12.104367327164871,2024-11-30,6,-0.020400095423630304
14666,14012,2025-06-30,228192.5878843927,12.337945235095539,2024-09-30,9,-0.006558159202750602
14668,58436,2025-06-30,131184.49549727116,11.78435997394548,2023-09-30,21,-0.057373892807833116
14669,68059,2025-06-30,448801.89424185967,13.014336853863222,2024-07-31,11,0.024761186934984636
14670,52228,2025-06-30,325022.0042967587,12.691648164548447,2024-12-31,6,0.00418393661303007
14671,28905,2025-06-30,240290.69896438217,12.389604715042807,2024-05-31,13,0.03737426089414164
14672,79019,2025-06-30,221565.6831168964,12.30847436228249,2025-04-30,2,-0.012651243671376378
14673,84013,2025-06-30,541345.4191602195,13.201812836821317,2023-09-30,21,0.015292399881904117
14674,53403,2025-06-30,212537.4333162529,12.266873408615192,2023-06-30,24,0.17112643324469445
14676,39157,2025-06-30,282929.02954584215,12.552951366185109,2024-01-31,17,0.039883247411358624
14677,79601,2025-06-30,198340.87532986095,12.197742422009902,2024-04-30,14,0.008654992640636294
14678,39046,2025-06-30,227123.6377190937,12.333249807745839,2023-09-30,21,0.04920190793719925
14680,55068,2025-06-30,411513.00778152794,12.927595909247355,2024-04-30,14,0.010162359671415544
14682,08361,2025-06-30,345818.62055611284,12.753669698543627,2024-04-30,14,0.06487176558068519
14685,46806,2025-06-30,116426.251138353,11.665013314096063,2024-03-31,15,0.07140081000530074
14687,82007,2025-06-30,310313.8392304594,12.64533944896002,2024-04-30,14,0.03131220784704958
14688,47130,2025-06-30,251165.1277567988,12.433865881315219,2024-01-31,17,0.04975503310302187
14689,30721,2025-06-30,231096.5404020373,12.35059082601644,2024-05-31,13,0.044612233496874154
14690,84005,2025-06-30,510202.8610107769,13.14256369230011,2023-09-30,21,-0.002361446532523459
14692,38109,2025-06-30,100468.0454912212,11.517595000611529,2024-03-31,15,0.09162431557011175
14694,87031,2025-06-30,322787.53527408297,12.68474960023982,2024-06-30,12,0.017162554095717653
14696,30318,2025-06-30,405110.110506224,12.911914186929753,2023-12-31,18,-0.03535805306172435
14702,37066,2025-06-30,441471.55345512927,12.997868865365136,2023-08-31,22,-0.0003775479825609551
14705,76065,2025-06-30,464497.8871982147,13.048712288675018,2023-10-31,20,-0.012432000742267135
14706,52404,2025-06-30,197687.2528211289,12.194441529695677,2024-04-30,14,0.03500169291956645
14708,29847,2025-06-30,221118.36772935936,12.306453437702428,2024-04-30,14,0.01940245706046717
14710,46552,2025-06-30,268019.33012240776,12.498814384214361,2024-01-31,17,0.07386142771545678
14711,74401,2025-06-30,121731.0736670769,11.709569576434383,2024-10-31,8,-0.07482221535897615
14712,76207,2025-06-30,369228.0566237362,12.819169771745548,2024-10-31,8,-0.02307068289080938
14713,74361,2025-06-30,208648.19226645445,12.248404822030354,2024-06-30,12,0.011060989755140582
14714,20166,2025-06-30,634185.7002283194,13.360097093100107,2024-09-30,9,0.01676940695467799
14715,36105,2025-06-30,45496.687040333694,10.725394789987739,2025-02-28,4,-0.051737299615572496
14716,44481,2025-06-30,219477.6473171724,12.299005671765961,2025-09-30,-3,-0.031054297223386484
14718,23836,2025-06-30,435538.8116324188,12.984339191010816,2023-08-31,22,0.06829499740493539
14720,71269,2025-06-30,176793.96623224812,12.082740300957663,2024-11-30,7,-0.04202712163083788
14721,14012,2025-07-31,230021.2893508676,12.345927146016775,2024-09-30,10,0.001423751718485633
14723,58436,2025-07-31,130994.54021934024,11.782910923599788,2023-09-30,22,-0.05882294315352432
14724,68059,2025-07-31,448694.2614448331,13.014097002590633,2024-07-31,12,0.02452133566239567
14725,52228,2025-07-31,325771.6761599619,12.693952035090861,2024-12-31,7,0.006487807155444614
14726,28905,2025-07-31,240530.3316119009,12.390601479544028,2024-05-31,14,0.03837102539536197
14727,79019,2025-07-31,219671.33751732425,12.299887787947032,2025-04-30,3,-0.021237818006834885
14728,84013,2025-07-31,540031.2607311066,13.199382307107673,2023-09-30,22,0.012861870168260126
14730,79601,2025-07-31,198801.530917524,12.200062273967333,2024-04-30,15,0.01097484459806708
14732,39157,2025-07-31,283882.4105564558,12.556315384065654,2024-01-31,18,0.04324726529190315
14733,39046,2025-07-31,226449.5484270159,12.330277454842456,2023-09-30,22,0.04622955503381654
14735,55068,2025-07-31,411837.5036320204,12.928384141871966,2024-04-30,15,0.010950592296026684
14737,08361,2025-07-31,346800.56817489193,12.756505162223087,2024-04-30,15,0.0677072292601455
14740,46806,2025-07-31,116624.92107630578,11.66671826141892,2024-03-31,16,0.0731057573281575
14742,82007,2025-07-31,311439.68241302,12.648960962546532,2024-04-30,15,0.034933721433562326
14743,47130,2025-07-31,251960.87719293908,12.437029105206781,2024-01-31,18,0.05291825699458386
14744,30721,2025-07-31,231734.7040652511,12.353348479373944,2024-05-31,14,0.04736988685437815
14745,84005,2025-07-31,509654.2453237701,13.141487824442706,2023-09-30,22,-0.0034373143899273373
14747,38109,2025-07-31,99461.56553370065,11.507526572479666,2024-03-31,16,0.08155588743824893
14749,87031,2025-07-31,322343.7642276461,12.683373845825878,2024-06-30,13,0.01578679968177532
14751,30318,2025-07-31,402242.658960185,12.904810814744494,2023-12-31,19,-0.04246142524698371
14757,37066,2025-07-31,440976.78750885813,12.996747517009323,2023-08-31,23,-0.0014988963383739673
14760,76065,2025-07-31,463415.0541817456,13.046378376818184,2023-10-31,21,-0.014765912599100872
14761,52404,2025-07-31,198709.85341352856,12.19960101670913,2024-04-30,15,0.04016117993301904
14763,29847,2025-07-31,220807.5580121734,12.305046822926837,2024-04-30,15,0.017995842284875607
14765,46552,2025-07-31,269054.8775369778,12.502670643491312,2024-01-31,18,0.07771768699240766
14766,74401,2025-07-31,119862.56637993384,11.694101085262462,2024-10-31,9,-0.09029070653089732
14767,76207,2025-07-31,367224.9637929446,12.813729919603231,2024-10-31,9,-0.02851053503312606
14768,74361,2025-07-31,209699.2201669742,12.253429498079921,2024-06-30,13,0.016085665804707716
14769,20166,2025-07-31,632204.969661835,13.35696893963411,2024-09-30,10,0.013641253488680505
14770,36105,2025-07-31,45271.9502217178,10.720442919283803,2025-02-28,5,-0.056689170319508264
14771,44481,2025-07-31,221509.9876641224,12.30822295848517,2025-09-30,-2,-0.021837010504178522
14773,23836,2025-07-31,435837.902476437,12.985025669891698,2023-08-31,23,0.06898147628581697
14775,71269,2025-07-31,174257.34179212627,12.068288461405912,2024-11-30,8,-0.05647896118258977
14776,14012,2025-08-31,231914.64366211309,12.354124667701514,2024-09-30,11,0.009621273403224606
14778,58436,2025-08-31,131666.44713877616,11.788027087913324,2023-09-30,23,-0.05370677883998809
14779,68059,2025-08-31,448894.6518239708,13.01454351074042,2024-07-31,13,0.024967843812182977
14780,52228,2025-08-31,327256.3825721524,12.698499187240172,2024-12-31,8,0.011034959304755176
14781,28905,2025-08-31,240374.58043185296,12.389953737416247,2024-05-31,15,0.037723283267581564
14782,79019,2025-08-31,219055.3258605543,12.297079606393426,2025-04-30,4,-0.024045999560440734
14783,84013,2025-08-31,540216.8984532052,13.199726001697378,2023-09-30,23,0.01320556475796586
14786,39157,2025-08-31,284535.09410264523,12.5586118785532,2024-01-31,19,0.045543759779450355
14787,79601,2025-08-31,199334.16462356245,12.202737914608283,2024-04-30,16,0.01365048523901713
14788,39046,2025-08-31,226209.23542746392,12.329215670422487,2023-09-30,23,0.04516777061384758
14790,55068,2025-08-31,412706.7078130347,12.930492469093043,2024-04-30,16,0.013058919517103362
14792,08361,2025-08-31,347960.49060661515,12.75984421957167,2024-04-30,16,0.07104628660872869
14795,46806,2025-08-31,116880.75253053464,11.668909484892344,2024-03-31,17,0.07529698080158198
14797,82007,2025-08-31,312632.15220979217,12.652782545838392,2024-04-30,16,0.03875530472542188
14798,47130,2025-08-31,252362.27902242192,12.438620949282539,2024-01-31,19,0.05451010107034193
14799,30721,2025-08-31,231674.27385621655,12.353087672129128,2024-05-31,15,0.04710907960956234
14800,84005,2025-08-31,510554.6762628071,13.143253014206858,2023-09-30,23,-0.001672124625775595
14802,38109,2025-08-31,99106.48086566484,11.503950115411508,2024-03-31,17,0.0779794303700907
14804,87031,2025-08-31,322661.1490562945,12.684357977412253,2024-06-30,14,0.01677093126814988
14806,30318,2025-08-31,399741.2016533122,12.898572620831251,2023-12-31,20,-0.04869961916022625
14812,37066,2025-08-31,440750.8642428189,12.996235061104068,2023-08-31,24,-0.0020113522436293607
14815,76065,2025-08-31,463176.1548601595,13.045862724771093,2023-10-31,22,-0.015281564646192791
14816,52404,2025-08-31,200126.95701883943,12.206707229233535,2024-04-30,16,0.047267392457424506
14818,29847,2025-08-31,220274.0450197266,12.302627709325359,2024-04-30,16,0.015576728683397434
14820,46552,2025-08-31,270412.6842520627,12.50770453126695,2024-01-31,19,0.08275157476804651
14821,74401,2025-08-31,118859.93177659195,11.685701034939266,2024-10-31,10,-0.09869075685409356
14822,76207,2025-08-31,365774.2075593732,12.809771502773845,2024-10-31,10,-0.032468951862512085
14823,74361,2025-08-31,210502.64506899856,12.257253497674075,2024-06-30,14,0.01990966539886152
14824,20166,2025-08-31,631001.1501606669,13.355062964280274,2024-09-30,11,0.011735278134844762
14825,36105,2025-08-31,45088.67019757474,10.716386278799582,2025-02-28,6,-0.06074581080372887
14826,44481,2025-08-31,223953.52960622005,12.319193852199884,2025-09-30,-1,-0.010866116789463476
14828,23836,2025-08-31,436726.3269877111,12.987062023866063,2023-08-31,24,0.07101783026018182
14830,71269,2025-08-31,173003.54348101898,12.061067355819395,2024-11-30,9,-0.06370006676910656
14831,14012,2025-09-30,233793.186111489,12.362192183504257,2024-09-30,12,0.017688789205967836
14833,58436,2025-09-30,132595.83220228605,11.795060924884615,2023-09-30,24,-0.04667294186869775
14834,68059,2025-09-30,450501.4051902836,13.018116475204986,2024-07-31,14,0.02854080827674821
14835,52228,2025-09-30,328766.7869675567,12.703103924189623,2024-12-31,9,0.01563969625420647
14836,28905,2025-09-30,240413.53100504665,12.390115765437956,2024-05-31,16,0.03788531128929051
14837,79019,2025-09-30,219781.2793347398,12.300388145962861,2025-04-30,5,-0.020737459991005736
14838,84013,2025-09-30,542634.2581505951,13.204190814240441,2023-09-30,24,0.017670377301028495
14841,39157,2025-09-30,284834.05968514545,12.559662042960554,2024-01-31,20,0.04659392418680319
14842,79601,2025-09-30,199876.63689513423,12.205455639696888,2024-04-30,17,0.016368210327621924
14843,39046,2025-09-30,226316.1674993988,12.329688271842135,2023-09-30,24,0.045640372033496135
14845,55068,2025-09-30,413787.1350265533,12.93310695397595,2024-04-30,17,0.01567340440000997
14847,08361,2025-09-30,349144.4061410039,12.763240886782539,2024-04-30,17,0.07444295381959698
14850,46806,2025-09-30,117296.71823994012,11.672462056756073,2024-03-31,18,0.0788495526653108
14852,82007,2025-09-30,313983.91369322874,12.657097033301733,2024-04-30,17,0.0430697921887635
14853,47130,2025-09-30,252557.16943452664,12.439392915671945,2024-01-31,20,0.05528206745974806
14854,30721,2025-09-30,231509.16732317535,12.352374751392524,2024-05-31,16,0.04639615887295889
14855,84005,2025-09-30,512621.6174123828,13.147293264111035,2023-09-30,24,0.0023681252784015783
14857,38109,2025-09-30,98792.67553147336,11.500778746691047,2024-03-31,18,0.07480806164963028
14859,87031,2025-09-30,323718.4992308261,12.687629587588841,2024-06-30,15,0.02004254144473805
14861,30318,2025-09-30,397888.4939358935,12.893927079022534,2023-12-31,21,-0.05334516096894326
14870,76065,2025-09-30,463518.4412849604,13.046601450219132,2023-10-31,23,-0.014542839198153246
14871,52404,2025-09-30,201370.75477821476,12.212903039081223,2024-04-30,17,0.053463202305112034
14873,29847,2025-09-30,219694.7864757228,12.299994527894153,2024-04-30,17,0.012943547252191934
14875,46552,2025-09-30,272036.22923802835,12.513690532136417,2024-01-31,20,0.08873757563751283
14876,74401,2025-09-30,118099.85729933898,11.679285793881075,2024-10-31,11,-0.10510599791228437
14877,76207,2025-09-30,364844.9440056077,12.807227731363357,2024-10-31,11,-0.035012723273000645
14878,74361,2025-09-30,211213.81619754885,12.260626246276637,2024-06-30,15,0.02328241400142339
14879,20166,2025-09-30,630185.0481349461,13.353768782436655,2024-09-30,12,0.010441096291225804
14880,36105,2025-09-30,45383.72104927254,10.722908752532211,2025-02-28,7,-0.054223337071100275
14881,44481,2025-09-30,226400.30420894513,12.330059968989348,2025-09-30,0,0.0
14885,71269,2025-09-30,172761.60816071832,12.059667935671728,2024-11-30,10,-0.06509948691677359
14886,14012,2025-10-31,235221.0723320536,12.3682810842419,2024-09-30,13,0.023777689943610625
14889,68059,2025-10-31,453017.58714200254,13.02368622742458,2024-07-31,15,0.03411056049634276
14890,52228,2025-10-31,329738.2530012797,12.70605444599135,2024-12-31,10,0.01859021805593386
14891,28905,2025-10-31,239991.74636650577,12.388359811593215,2024-05-31,17,0.03612935744454937
14892,79019,2025-10-31,222845.4649061359,12.314233827735212,2025-04-30,6,-0.006891778218655276
14896,39157,2025-10-31,285218.01801813376,12.561009142308384,2024-01-31,21,0.04794102353463359
14897,79601,2025-10-31,200574.6273265578,12.208941662594743,2024-04-30,18,0.019854233225476747
14900,55068,2025-10-31,414559.0473738103,12.934970697872153,2024-04-30,18,0.017537148296213445
14902,08361,2025-10-31,350532.155311139,12.76720772250741,2024-04-30,18,0.07840978954446776
14905,46806,2025-10-31,117510.28079850748,11.674281104896295,2024-03-31,19,0.08066860080553262
14907,82007,2025-10-31,315772.0109181938,12.662775747737802,2024-04-30,18,0.048748506624832544
14908,47130,2025-10-31,252669.94747749504,12.439839360611524,2024-01-31,21,0.055728512399326746
14909,30721,2025-10-31,231448.0477033253,12.352110711355037,2024-05-31,17,0.0461321188354713
14912,38109,2025-10-31,98375.90037830212,11.496551138189151,2024-03-31,19,0.07058045314773409
14914,87031,2025-10-31,324773.5079255519,12.690883319674493,2024-06-30,16,0.023296273530389655
14916,30318,2025-10-31,396138.525453325,12.889519240817572,2023-12-31,22,-0.057752999173905195
14925,76065,2025-10-31,464149.47950329393,13.047961933429828,2023-10-31,24,-0.013182355987456873
14926,52404,2025-10-31,202000.25462607335,12.216024236907662,2024-04-30,18,0.05658440013155186
14928,29847,2025-10-31,218940.25266031615,12.296554152674124,2024-04-30,18,0.00950317203216322
14930,46552,2025-10-31,273468.2970786383,12.518940978508029,2024-01-31,21,0.0939880220091247
14931,74401,2025-10-31,117436.30743888726,11.673651401246461,2024-10-31,12,-0.11074039054689777
14932,76207,2025-10-31,364262.941350911,12.805631252186542,2024-10-31,12,-0.03660920244981547
14933,74361,2025-10-31,212201.7668601436,12.26529283151823,2024-06-30,16,0.027948999243017525
14934,20166,2025-10-31,630291.3179509244,13.353937400935326,2024-09-30,13,0.01060971478989714
14935,36105,2025-10-31,45625.06156768093,10.728212440312506,2025-02-28,8,-0.04891964929080572
14936,44481,2025-10-31,227777.30478075868,12.336123697203936,2025-09-30,1,0.0060637282145883376
14940,71269,2025-10-31,172931.39699405528,12.060650245666192,2024-11-30,11,-0.06411717692230923
14941,14012,2025-11-30,236599.58515799872,12.374124477177459,2024-09-30,14,0.02962108287916898
14944,68059,2025-11-30,456501.843964481,13.031348018361644,2024-07-31,16,0.04177235143340674
14945,52228,2025-11-30,330836.13971499493,12.709378485605122,2024-12-31,11,0.021914257669704895
14946,28905,2025-11-30,239123.37832686433,12.384734925023224,2024-05-31,18,0.03250447087455832
14947,79019,2025-11-30,226824.0684500036,12.331929967118798,2025-04-30,7,0.010804361164931109
14950,79601,2025-11-30,201694.1106975861,12.214507525189727,2024-04-30,19,0.02542009582046134
14952,39157,2025-11-30,285208.62362176523,12.56097620416811,2024-01-31,22,0.047908085394359645
14955,55068,2025-11-30,415025.6753128893,12.936095665522906,2024-04-30,19,0.01866211594696665
14957,08361,2025-11-30,352291.3274166528,12.772213746985884,2024-04-30,19,0.08341581402294196
14960,46806,2025-11-30,117749.83105756658,11.676317577122362,2024-03-31,20,0.08270507303159924
14962,82007,2025-11-30,317791.7994452123,12.669151728614665,2024-04-30,19,0.055124487501695185
14963,47130,2025-11-30,252791.43341878735,12.440320053887897,2024-01-31,22,0.056209205675699536
14964,30721,2025-11-30,231896.52824750915,12.35404655222819,2024-05-31,18,0.048067959708625096
14967,38109,2025-11-30,97506.67088686668,11.48767607399792,2024-03-31,20,0.06170538895650246
14969,87031,2025-11-30,325612.9940658027,12.693464820378722,2024-06-30,17,0.02587777423461901
14971,30318,2025-11-30,394505.8814722616,12.885389327831867,2023-12-31,23,-0.061882912159610726
14981,52404,2025-11-30,202264.94394721184,12.217333720681658,2024-04-30,19,0.05789388390554784
14983,29847,2025-11-30,218068.43623220103,12.292564220176892,2024-04-30,19,0.0055132395349311025
14985,46552,2025-11-30,274878.3714866866,12.524083993308668,2024-01-31,22,0.09913103680976398
14986,74401,2025-11-30,117410.8364622222,11.673434485883202,2024-10-31,13,-0.11095730591015673
14987,76207,2025-11-30,363358.5071660117,12.803145248915081,2024-10-31,13,-0.039095205721276116
14988,74361,2025-11-30,213707.37037654596,12.272362930073964,2024-06-30,17,0.035019097798750565
14989,20166,2025-11-30,630134.1662422401,13.353688037983735,2024-09-30,14,0.010360351838306414
14990,36105,2025-11-30,45639.40204011545,10.728526702227509,2025-02-28,9,-0.04860538737580278
14991,44481,2025-11-30,228688.8871217766,12.340117787320764,2025-09-30,2,0.010057818331416613
14995,71269,2025-11-30,172940.6733606503,12.06070388611532,2024-11-30,12,-0.06406353647318141
14996,14012,2025-12-31,237615.8313815647,12.378410494644712,2024-09-30,15,0.03390710034642197
14999,68059,2025-12-31,459979.00723481574,13.03893613097785,2024-07-31,17,0.04936046404961303
15000,52228,2025-12-31,332081.10644879454,12.7131345145956,2024-12-31,12,0.02567028666018345
15001,28905,2025-12-31,237986.28991308017,12.37996834558713,2024-05-31,19,0.0277378914384645
15002,79019,2025-12-31,230704.40201369624,12.348892525096822,2025-04-30,8,0.02776691914295526
15004,79601,2025-12-31,203364.59075540584,12.222755660693489,2024-04-30,20,0.033668231324222475
15007,39157,2025-12-31,285458.9788410067,12.56185361593714,2024-01-31,23,0.04878549716339009
15010,55068,2025-12-31,415868.0519299081,12.93812330606948,2024-04-30,20,0.020689756493540656
15012,08361,2025-12-31,354253.29638373904,12.777767462756604,2024-04-30,20,0.0889695297936619
15015,46806,2025-12-31,118036.7858667939,11.678751599499387,2024-03-31,21,0.08513909540862485
15017,82007,2025-12-31,319702.3988943138,12.675145838599118,2024-04-30,20,0.06111859748614812
15018,47130,2025-12-31,253481.1038045959,12.44304455803029,2024-01-31,23,0.05893370981809376
15019,30721,2025-12-31,232576.28426784792,12.356973554572917,2024-05-31,19,0.050994962053351856
15022,38109,2025-12-31,96746.7086142538,11.479851590822436,2024-03-31,21,0.05388090578101945
15024,87031,2025-12-31,326345.8573934794,12.695713010229095,2024-06-30,18,0.02812596408499246
15026,30318,2025-12-31,392732.9136728235,12.880885050837533,2023-12-31,24,-0.0663871891539447
15036,52404,2025-12-31,202658.54794644823,12.21927781200303,2024-04-30,20,0.05983797522691958
15038,29847,2025-12-31,217594.93452688315,12.290390514864306,2024-04-30,20,0.0033395342223450086
15040,46552,2025-12-31,276053.7047579212,12.528350708226812,2024-01-31,23,0.10339775172790766
15041,74401,2025-12-31,118055.55907415034,11.678910632249057,2024-10-31,14,-0.10548115954430237
15042,76207,2025-12-31,362040.82547525177,12.799512262004942,2024-10-31,14,-0.04272819263141514
15043,74361,2025-12-31,215647.1529305083,12.281398799718994,2024-06-30,18,0.04405496744378112
15044,20166,2025-12-31,629558.0828967266,13.352773396513061,2024-09-30,15,0.009445710367632643
15045,36105,2025-12-31,45805.26809175041,10.732154387324886,2025-02-28,10,-0.044977702278425014
15046,44481,2025-12-31,229579.43710517345,12.344004379770388,2025-09-30,3,0.013944410781039807
15050,71269,2025-12-31,172653.15985422235,12.059040004731296,2024-11-30,13,-0.0657274178572056
15051,14012,2026-01-31,238475.2456767539,12.382020792212076,2024-09-30,16,0.03751739791378661
15054,68059,2026-01-31,463194.35481825937,13.04590201781402,2024-07-31,18,0.05632635088578297
15055,52228,2026-01-31,333163.13508081186,12.716387544140709,2024-12-31,13,0.028923316205291982
15056,28905,2026-01-31,237703.57269201137,12.378779683492006,2024-05-31,20,0.02654922934334003
15057,79019,2026-01-31,233198.88227404677,12.35964694045405,2025-04-30,9,0.03852133450018336
15060,79601,2026-01-31,205785.2018109017,12.234588194115998,2024-04-30,21,0.04550076474673226
15062,39157,2026-01-31,286059.2429302321,12.563954211463518,2024-01-31,24,0.05088609268976718
15065,55068,2026-01-31,416441.17411072226,12.939500491984202,2024-04-30,21,0.022066942408262236
15067,08361,2026-01-31,355593.5343194999,12.781543600002983,2024-04-30,21,0.09274566704004172
15070,46806,2026-01-31,118650.15806857082,11.683934594088651,2024-03-31,22,0.09032208999788871
15072,82007,2026-01-31,321431.3555112236,12.680539286678252,2024-04-30,21,0.06651204556528256
15073,47130,2026-01-31,254532.87219804284,12.447185270474781,2024-01-31,24,0.0630744222625843
15074,30721,2026-01-31,233523.38821884748,12.36103751475319,2024-05-31,20,0.055058922233625296
15077,38109,2026-01-31,96395.47915972344,11.476214582815587,2024-03-31,22,0.05024389777416971
15079,87031,2026-01-31,327164.68079577805,12.698218934106196,2024-06-30,19,0.03063188796209282
15091,52404,2026-01-31,203218.8798876143,12.222038903203082,2024-04-30,21,0.0625990664269711
15093,29847,2026-01-31,217375.57058140868,12.289381876524484,2024-04-30,21,0.0023308958825225545
15095,46552,2026-01-31,276999.51382615557,12.531771030027702,2024-01-31,24,0.1068180735287978
15096,74401,2026-01-31,119492.26944092248,11.691006957390217,2024-10-31,15,-0.09338483440314249
15097,76207,2026-01-31,360498.160172262,12.795242132149768,2024-10-31,15,-0.04699832248658886
15098,74361,2026-01-31,217506.47584572772,12.289983903070985,2024-06-30,19,0.052640070795771265
15099,20166,2026-01-31,628331.0288654276,13.350822422601235,2024-09-30,16,0.007494736455806006
15100,36105,2026-01-31,46311.3606924655,10.743142581303253,2025-02-28,11,-0.03398950830005809
15101,44481,2026-01-31,230424.67628003808,12.34767930397876,2025-09-30,4,0.01761933498941204
15105,71269,2026-01-31,172927.91351074117,12.060630101733626,2024-11-30,14,-0.06413732085487567
15106,14012,2026-02-28,239013.28800089052,12.384274427698204,2024-09-30,17,0.039771033399913946
15109,68059,2026-02-28,465146.14422037377,13.050106923837127,2024-07-31,19,0.06053125690888983
15110,52228,2026-02-28,333955.7170207577,12.718763679398647,2024-12-31,14,0.0312994514632301
15111,28905,2026-02-28,238453.07563922217,12.381927822109205,2024-05-31,21,0.02969736796053901
15112,79019,2026-02-28,234790.3202055622,12.366448140385945,2025-04-30,10,0.04532253443207779
15115,79601,2026-02-28,208864.16378163136,12.249439385589069,2024-04-30,22,0.060351956219802716
15120,55068,2026-02-28,416923.5856131194,12.940658236058816,2024-04-30,22,0.023224686482876677
15122,08361,2026-02-28,356854.94282394863,12.78508465556838,2024-04-30,22,0.0962867226054378
15125,46806,2026-02-28,119486.70430071616,11.690960383081856,2024-03-31,23,0.0973478789910942
15127,82007,2026-02-28,323320.2517008002,12.686398602335663,2024-04-30,22,0.07237136122269305
15129,30721,2026-02-28,234491.10664542337,12.365172941396317,2024-05-31,21,0.059194348876751235
15132,38109,2026-02-28,96135.28568580422,11.473511704316842,2024-03-31,23,0.047541019275424645
15134,87031,2026-02-28,328126.5577068888,12.701154659613941,2024-06-30,20,0.033567613469838165
15146,52404,2026-02-28,203747.24903760687,12.224635529356044,2024-04-30,22,0.06519569257993396
15148,29847,2026-02-28,218222.78406330824,12.293271765185208,2024-04-30,22,0.006220784543247149
15151,74401,2026-02-28,121424.2351520175,11.707045768260754,2024-10-31,16,-0.07734602353260556
15152,76207,2026-02-28,358983.14414619585,12.791030714129116,2024-10-31,16,-0.051209740507241364
15153,74361,2026-02-28,218867.2273482719,12.296220557127882,2024-06-30,20,0.05887672485266826
15154,20166,2026-02-28,627458.4990295657,13.349432810796252,2024-09-30,17,0.006105124650822802
15155,36105,2026-02-28,47014.092215477336,10.758202670122712,2025-02-28,12,-0.018929419480599563
15156,44481,2026-02-28,231640.959044458,12.35294386156798,2025-09-30,5,0.02288389257863166
15160,71269,2026-02-28,173571.04133899914,12.064342254730255,2024-11-30,15,-0.06042516785824681
15161,14012,2026-03-31,240410.81804703316,12.390104480826357,2024-09-30,18,0.045601086528067825
15164,68059,2026-03-31,465549.8547605899,13.050974469342812,2024-07-31,20,0.061398802414574405
15165,52228,2026-03-31,334919.49479915295,12.72164546789478,2024-12-31,15,0.03418123995936284
15166,28905,2026-03-31,240211.10199701492,12.38927340736431,2024-05-31,22,0.03704295321564466
15167,79019,2026-03-31,235033.48539432877,12.36748327401511,2025-04-30,11,0.04635766806124231
15169,79601,2026-03-31,211494.77096761743,12.261955553605473,2024-04-30,23,0.07286812423620681
15175,55068,2026-03-31,416553.24800613633,12.939769578770655,2024-04-30,23,0.022336029194715223
15177,08361,2026-03-31,357974.49360316945,12.788217015926135,2024-04-30,23,0.0994190829631929
15180,46806,2026-03-31,119550.75453029426,11.691496284286831,2024-03-31,24,0.09788378019606903
15182,82007,2026-03-31,325103.1756666925,12.691897874520794,2024-04-30,23,0.07787063340782474
15184,30721,2026-03-31,235544.39084396264,12.36965467082815,2024-05-31,22,0.06367607830858368
15187,38109,2026-03-31,95509.02265327754,11.466976000050844,2024-03-31,24,0.041005315009426724
15189,87031,2026-03-31,329124.7685372222,12.704192193531282,2024-06-30,21,0.03660514738717957
15201,52404,2026-03-31,203629.9217111112,12.224059516078107,2024-04-30,23,0.06461967930199641
15203,29847,2026-03-31,219268.09220153463,12.298050425423046,2024-04-30,23,0.010999444781084833
15206,74401,2026-03-31,123099.4940009165,11.720748201692256,2024-10-31,17,-0.06364359010110299
15207,76207,2026-03-31,357387.24886546936,12.786575203582114,2024-10-31,17,-0.05566525105424347
15208,74361,2026-03-31,219697.10194562373,12.300005067323587,2024-06-30,21,0.06266123504837395
15209,20166,2026-03-31,626810.6110656993,13.348399718270453,2024-09-30,18,0.005072032125024606
15210,36105,2026-03-31,47538.70424919709,10.769299484530892,2025-02-28,13,-0.00783260507241934
15211,44481,2026-03-31,233072.2945020376,12.359103961254716,2025-09-30,6,0.029043992265368246
15215,71269,2026-03-31,175648.16792695888,12.076238227391691,2024-11-30,16,-0.04852919519681009
15216,14012,2026-04-30,241700.88199187024,12.395456215803122,2024-09-30,19,0.05095282150483271
15219,68059,2026-04-30,465310.941294916,13.050461152052122,2024-07-31,21,0.06088548512388492
15220,52228,2026-04-30,336278.4906918125,12.725694936990715,2024-12-31,16,0.03823070905529846
15221,28905,2026-04-30,241679.74299054293,12.395368752631251,2024-05-31,23,0.04313829848258521
15222,79019,2026-04-30,234633.63367245128,12.365780570963313,2025-04-30,12,0.0446549650094461
15224,79601,2026-04-30,213584.75109857784,12.271788993531858,2024-04-30,24,0.08270156416259233
15230,55068,2026-04-30,415562.7902376145,12.937389001565657,2024-04-30,24,0.019955451989718043
15232,08361,2026-04-30,359340.4999562388,12.792025685803676,2024-04-30,24,0.10322775284073415
15237,82007,2026-04-30,326184.6700440305,12.69521897249155,2024-04-30,24,0.08119173137857949
15239,30721,2026-04-30,236016.46590297352,12.371656852349192,2024-05-31,23,0.06567825982962638
15244,87031,2026-04-30,330246.86015049805,12.70759571484656,2024-06-30,22,0.04000866870245723
15256,52404,2026-04-30,203326.7613152468,12.222569625558611,2024-04-30,24,0.06312978878250064
15258,29847,2026-04-30,219597.08655752204,12.299549721487255,2024-04-30,24,0.012498740845293455
15261,74401,2026-04-30,123977.17615039476,11.727852764342177,2024-10-31,18,-0.05653902745118167
15262,76207,2026-04-30,355311.03981654247,12.780748853343294,2024-10-31,18,-0.061491601293063525
15263,74361,2026-04-30,220138.9957635853,12.302014424758971,2024-06-30,22,0.06467059248375762
15264,20166,2026-04-30,625302.6698672482,13.345991083284396,2024-09-30,19,0.0026633971389671274
15265,36105,2026-04-30,47859.10390614581,10.776016638055696,2025-02-28,14,-0.00111545154761572
15266,44481,2026-04-30,234609.3612664818,12.365677117502088,2025-09-30,7,0.035617148512740116
15270,71269,2026-04-30,176882.000997129,12.083238128205517,2024-11-30,17,-0.04152929438298436
15271,14012,2026-05-31,242842.63478477483,12.400168919065162,2024-09-30,20,0.05566552476687292
15274,68059,2026-05-31,465142.41293410334,13.050098902054549,2024-07-31,22,0.06052323512631119
15275,52228,2026-05-31,337836.2918120675,12.730316713381553,2024-12-31,17,0.04285248544613651
15276,28905,2026-05-31,241914.82439562236,12.396340977877152,2024-05-31,24,0.04411052372848623
15277,79019,2026-05-31,234351.52936627375,12.364577529321766,2025-04-30,13,0.043451923367898715
15294,30721,2026-05-31,235634.0606740896,12.370035290234323,2024-05-31,24,0.06405669771475786
15299,87031,2026-05-31,331231.3188913494,12.710572258892567,2024-06-30,23,0.04298521274846401
15316,74401,2026-05-31,123768.71090096205,11.726169868201183,2024-10-31,19,-0.058221923592176594
15317,76207,2026-05-31,352998.15492693684,12.7742181090659,2024-10-31,19,-0.06802234557045672
15318,74361,2026-05-31,220349.50259533597,12.302970212928516,2024-06-30,23,0.06562638065330262
15319,20166,2026-05-31,623510.9518309301,13.343121609033657,2024-09-30,20,-0.00020607711177156318
15320,36105,2026-05-31,47808.946440409694,10.774968064991853,2025-02-28,15,-0.0021640246114582595
15321,44481,2026-05-31,235772.1922468019,12.370621330728312,2025-09-30,8,0.04056136173896441
15325,71269,2026-05-31,178420.85152401208,12.091900373038003,2024-11-30,18,-0.03286704955049835
15326,14012,2026-06-30,243201.7253909168,12.401646523584002,2024-09-30,21,0.057143129285712746
15329,68059,2026-06-30,465992.5930704787,13.051925018282917,2024-07-31,23,0.06234935135467978
15330,52228,2026-06-30,339457.63977366214,12.735104445806364,2024-12-31,18,0.04764021787094741
15332,79019,2026-06-30,235157.51909416015,12.3680108625973,2025-04-30,14,0.04688525664343324
15354,87031,2026-06-30,331889.81630909996,12.71255831422769,2024-06-30,24,0.044971268083587645
15371,74401,2026-06-30,123805.35784741328,11.726465916546667,2024-10-31,20,-0.057925875246692016
15372,76207,2026-06-30,351052.04986961046,12.768689781680905,2024-10-31,20,-0.07355067295545226
15373,74361,2026-06-30,220571.0250305509,12.303975030985168,2024-06-30,24,0.06663119870995438
15374,20166,2026-06-30,622434.4210849577,13.34139355411686,2024-09-30,21,-0.001934132028569735
15375,36105,2026-06-30,47664.41523572147,10.771940386641399,2025-02-28,16,-0.005191702961912625
15376,44481,2026-06-30,236998.9987922371,12.375811195603017,2025-09-30,9,0.04575122661366926
15380,71269,2026-06-30,179161.91235379103,12.096045214263997,2024-11-30,19,-0.02872220832450445
15381,14012,2026-07-31,243693.3838829756,12.403666090631619,2024-09-30,22,0.05916269633332938
15384,68059,2026-07-31,467974.31197599886,13.056168684453157,2024-07-31,24,0.06659301752491942
15385,52228,2026-07-31,340978.7989491258,12.739575581163104,2024-12-31,19,0.05211135322768712
15387,79019,2026-07-31,237243.38873077757,12.37684184982796,2025-04-30,15,0.0557162438740928
15426,74401,2026-07-31,124511.28172337014,11.732151607033463,2024-10-31,21,-0.05224018475989567
15427,76207,2026-07-31,349943.0031975375,12.765525572197385,2024-10-31,21,-0.07671488243897251
15429,20166,2026-07-31,622252.7535508685,13.341101645372106,2024-09-30,22,-0.0022260407733227794
15430,36105,2026-07-31,47489.22567523472,10.7682581364036,2025-02-28,17,-0.008873953199710627
15431,44481,2026-07-31,238145.83791765757,12.380638529350096,2025-09-30,10,0.050578560360747815
15435,71269,2026-07-31,179937.35153145134,12.100364022242424,2024-11-30,20,-0.024403400346077575
