ZipCode,Date,Zestimate,LogValue,AnchorDate,EventTime,RelLogValue
50061,2018-12-31,398723.580841953,12.896023675944425,2020-12-31,-24,-0.12275051106041346
50061,2019-01-31,399619.307502636,12.898267641662967,2020-12-31,-23,-0.12050654534187188
50061,2019-02-28,401267.0951003199,12.9023825571302,2020-12-31,-22,-0.11639162987463791
50061,2019-03-31,404270.0412742796,12.909838352646549,2020-12-31,-21,-0.1089358343582898
50061,2019-04-30,406436.3733108388,12.915182672498396,2020-12-31,-20,-0.10359151450644255
50061,2019-05-31,408665.5536015099,12.92065238315601,2020-12-31,-19,-0.09812180384882829
50061,2019-06-30,410496.0670524431,12.925121626957695,2020-12-31,-18,-0.0936525600471434
50061,2019-07-31,412933.4325851467,12.931041678771006,2020-12-31,-17,-0.08773250823383272
50061,2019-08-31,414285.2697089696,12.934310072784532,2020-12-31,-16,-0.08446411422030664
50061,2019-09-30,415542.317390275,12.937339734999599,2020-12-31,-15,-0.08143445200524013
50061,2019-10-31,417037.4810163386,12.940931379274932,2020-12-31,-14,-0.07784280772990648
50061,2019-11-30,418690.5608672034,12.94488740784866,2020-12-31,-13,-0.07388677915617947
50061,2019-12-31,419481.6204177066,12.94677499086094,2020-12-31,-12,-0.07199919614389927
50061,2020-01-31,418704.1441361934,12.9449198495847,2020-12-31,-11,-0.0738543374201388
50061,2020-02-29,418125.5219529364,12.943536958181786,2020-12-31,-10,-0.0752372288230525
50061,2020-03-31,418719.6391276962,12.944956855917251,2020-12-31,-9,-0.07381733108758759
50061,2020-04-30,420088.7195801958,12.948221205047842,2020-12-31,-8,-0.07055298195699677
50061,2020-05-31,421916.926381987,12.95256371672456,2020-12-31,-7,-0.0662104702802786
50061,2020-06-30,423807.2133019457,12.95703394520463,2020-12-31,-6,-0.06174024180020865
50061,2020-07-31,426874.5044593813,12.964245348450017,2020-12-31,-5,-0.05452883855482149
50061,2020-08-31,430310.9112891254,12.972263275904977,2020-12-31,-4,-0.04651091109986183
50061,2020-09-30,435535.66300098185,12.984331961706024,2020-12-31,-3,-0.03444222529881458
50061,2020-10-31,440857.51560623554,12.996477008359504,2020-12-31,-2,-0.02229717864533498
50061,2020-11-30,446500.9889357195,13.009196894157872,2020-12-31,-1,-0.009577292846966401
50061,2020-12-31,450797.80274172686,13.018774187004839,2020-12-31,0,0.0
68138,2020-12-31,211364.50075943788,12.261339413811406,2022-12-31,-24,-0.21215261301789923
50061,2021-01-31,454977.72186276416,13.028003733795384,2020-12-31,1,0.009229546790544774
68138,2021-01-31,213998.31179453843,12.273723405162304,2022-12-31,-23,-0.19976862166700116
50061,2021-02-28,459877.9067755629,13.038716313182018,2020-12-31,2,0.019942126177179276
68138,2021-02-28,216786.9210506,12.286670219470485,2022-12-31,-22,-0.18682180735881992
50061,2021-03-31,465237.1731097712,13.050302604236792,2020-12-31,3,0.031528417231953654
85338,2021-03-31,350678.2705120665,12.76762447387807,2023-03-31,-24,-0.24352421695330406
68138,2021-03-31,220148.44898367728,12.302057365888482,2022-12-31,-21,-0.1714346609408235
50061,2021-04-30,472119.9041006572,13.064988266418053,2020-12-31,4,0.04621407941321465
85338,2021-04-30,359669.89236043696,12.792941924096644,2023-03-31,-23,-0.21820676673473116
68138,2021-04-30,223848.399204698,12.318724312447197,2022-12-31,-20,-0.15476771438210868
50061,2021-05-31,479657.5003422669,13.080827587238954,2020-12-31,5,0.062053400234114875
85338,2021-05-31,370904.8588808062,12.8237008636367,2023-03-31,-22,-0.18744782719467423
68138,2021-05-31,227537.521297674,12.33507043255487,2022-12-31,-19,-0.13842159427443512
50061,2021-06-30,486885.5631408188,13.09578439116809,2020-12-31,6,0.07701020416325122
85338,2021-06-30,383563.8013500141,12.857261251923518,2023-03-31,-21,-0.15388743890785683
68138,2021-06-30,230598.9176519745,12.348435193189317,2022-12-31,-18,-0.12505683363998799
50061,2021-07-31,493122.5127974744,13.10851292681285,2020-12-31,7,0.08973873980801095
97124,2021-07-31,497156.0062255195,13.116659151649772,2023-07-31,-24,-0.10355734492324942
85338,2021-07-31,396455.7837277841,12.890319797389145,2023-03-31,-20,-0.12082889344222991
68138,2021-07-31,232595.7446895347,12.357057224357371,2022-12-31,-17,-0.11643480247193416
50061,2021-08-31,497176.7669318854,13.116700909714938,2020-12-31,8,0.09792672271009906
97124,2021-08-31,502380.7849430971,13.12711364687425,2023-07-31,-23,-0.0931028496987718
85338,2021-08-31,408124.36637436086,12.919327226483261,2023-03-31,-19,-0.09182146434811322
68138,2021-08-31,233488.74230760068,12.360889142113399,2022-12-31,-16,-0.11260288471590663
50061,2021-09-30,500392.1825414465,13.12314743503369,2020-12-31,9,0.1043732480288515
97124,2021-09-30,506738.07264168747,13.135749527069684,2023-07-31,-22,-0.0844669695033371
85338,2021-09-30,418183.290219676,12.943675108745287,2023-03-31,-18,-0.06747358208608745
68138,2021-09-30,233386.60064375875,12.360451587776835,2022-12-31,-15,-0.11304043905247063
50061,2021-10-31,503515.6713534477,13.12937011548945,2020-12-31,10,0.11059592848461186
97124,2021-10-31,510626.0465794883,13.143392794199176,2023-07-31,-21,-0.07682370237384539
85338,2021-10-31,427138.3921543846,12.964863343106652,2023-03-31,-17,-0.046285347724722925
68138,2021-10-31,233197.52049216747,12.359641100864073,2022-12-31,-14,-0.11385092596523272
50061,2021-11-30,507782.4183430996,13.137808324461313,2020-12-31,11,0.11903413745647384
97124,2021-11-30,514756.8919010912,13.151450013632054,2023-07-31,-20,-0.06876648294096732
85338,2021-11-30,435108.2411627189,12.98335010937683,2023-03-31,-16,-0.027798581454543836
68138,2021-11-30,233791.55714747883,12.362185215937272,2022-12-31,-13,-0.11130681089203343
50061,2021-12-31,513041.8529085666,13.148112705442152,2020-12-31,12,0.12933851843731325
97124,2021-12-31,519820.5864923592,13.161239005046221,2023-07-31,-19,-0.05897749152680021
43130,2021-12-31,211968.36070090384,12.26419230053959,2023-12-31,-24,-0.17261642045206393
85338,2021-12-31,442258.8089571903,12.999650530324939,2023-03-31,-15,-0.01149816050643615
68138,2021-12-31,235307.54264460265,12.368648629639864,2022-12-31,-12,-0.10484339718944113
23836,2021-12-31,368384.2768163019,12.816881902800754,2023-12-31,-24,-0.12316969952563994
23150,2021-12-31,248001.53191467273,12.421190202203334,2023-12-31,-24,-0.19076607293721004
50061,2022-01-31,519217.2248321868,13.160077619538562,2020-12-31,13,0.14130343253372324
97124,2022-01-31,526903.0088014778,13.174771766565355,2023-07-31,-18,-0.04544473000766658
43130,2022-01-31,214404.72169239583,12.275620730755296,2023-12-31,-23,-0.16118799023635688
85338,2022-01-31,449665.18102287984,13.01625854263837,2023-03-31,-14,0.005109851806995636
68138,2022-01-31,238386.763176697,12.38164968904416,2022-12-31,-11,-0.09184233778514539
23836,2022-01-31,372404.3196976165,12.827735423935433,2023-12-31,-23,-0.11231617839096053
23150,2022-01-31,251330.7396102186,12.434525038415492,2023-12-31,-23,-0.17743123672505234
50061,2022-02-28,525748.765362273,13.172578745226046,2020-12-31,14,0.1538045582212071
97124,2022-02-28,536193.5074020141,13.192250396172854,2023-07-31,-17,-0.02796610040016745
43130,2022-02-28,218384.12392719105,12.294010827569583,2023-12-31,-22,-0.1427978934220704
85338,2022-02-28,458549.2350944702,13.03582294788946,2023-03-31,-13,0.024674257058086013
23150,2022-02-28,255659.23564771237,12.451600725995696,2023-12-31,-22,-0.16035554914484784
23836,2022-02-28,376633.2155206804,12.839027089724542,2023-12-31,-22,-0.10102451260185141
68138,2022-02-28,242453.04517083333,12.39856334244981,2022-12-31,-10,-0.07492868437949518
50061,2022-03-31,533126.5718859839,13.186514145661688,2020-12-31,15,0.1677399586568491
43054,2022-03-31,478692.4513432155,13.078813606180052,2024-03-31,-24,-0.13650364605414467
20136,2022-03-31,639704.7525990823,13.368762024829238,2024-03-31,-24,-0.07525923170313398
43207,2022-03-31,179566.22073816977,12.098299336638437,2024-03-31,-24,-0.14388488222375528
97124,2022-03-31,547487.4997623354,13.213094908927832,2023-07-31,-16,-0.007121587645189109
43130,2022-03-31,223783.66344604603,12.318435075975975,2023-12-31,-21,-0.11837364501567826
85338,2022-03-31,469109.2098119501,13.058590877063391,2023-03-31,-12,0.04744218623201668
68142,2022-03-31,345065.30937064526,12.751488980621644,2024-03-31,-24,-0.07610045845556179
23150,2022-03-31,260976.542076142,12.472185805162738,2023-12-31,-21,-0.1397704699778064
23836,2022-03-31,381131.9955324633,12.850901039077733,2023-12-31,-21,-0.08915056324866022
68138,2022-03-31,247450.24283174108,12.418964801716148,2022-12-31,-9,-0.054527225113156774
50061,2022-04-30,541697.3848187242,13.202462793904457,2020-12-31,16,0.18368860689961863
43054,2022-04-30,489239.20950054354,13.100606829829704,2024-03-31,-23,-0.11471042240449236
20136,2022-04-30,652956.0536826112,13.38926510688609,2024-03-31,-23,-0.05475614964628228
43207,2022-04-30,184576.28475402467,12.125818124510074,2024-03-31,-23,-0.11636609435211831
78245,2022-04-30,279794.2286736329,12.54180971438761,2024-04-30,-24,0.010726233801529261
97124,2022-04-30,558596.1701239283,13.233182076264784,2023-07-31,-15,0.012965579691762485
43130,2022-04-30,228855.20398583543,12.340844785547237,2023-12-31,-20,-0.09596393544441639
85338,2022-04-30,480332.6579835182,13.08223418031017,2023-03-31,-11,0.07108548947879534
68142,2022-04-30,352141.56810216117,12.7717885558351,2024-03-31,-23,-0.055800883242106636
23150,2022-04-30,266325.2127134739,12.49247344517794,2023-12-31,-20,-0.11948282996260495
23836,2022-04-30,385117.2735319403,12.861303173463225,2023-12-31,-20,-0.07874842886316813
68138,2022-04-30,252312.0617943048,12.438421940836017,2022-12-31,-8,-0.0350700859932882
50061,2022-05-31,551161.6490708456,13.21978341910359,2020-12-31,17,0.20100923209875177
43054,2022-05-31,499187.24538994295,13.12073654561067,2024-03-31,-22,-0.09458070662352647
20136,2022-05-31,663834.6165361131,13.40578832595336,2024-03-31,-22,-0.03823293057901189
43207,2022-05-31,187700.93703986777,12.142605214783066,2024-03-31,-22,-0.09957900407912668
78245,2022-05-31,284959.1948986469,12.560101273205934,2024-04-30,-23,0.02901779261985382
97124,2022-05-31,567750.1449358929,13.249436715248958,2023-07-31,-14,0.029220218675936493
43130,2022-05-31,232880.29382537975,12.358279840121645,2023-12-31,-19,-0.07852888087000842
85338,2022-05-31,490700.25260355225,13.103588736859914,2023-03-31,-10,0.09244004602853906
68142,2022-05-31,358617.52784935076,12.790011717512336,2024-03-31,-22,-0.037577721564870714
23150,2022-05-31,271602.0722297054,12.5120933043493,2023-12-31,-19,-0.09986297079124462
23836,2022-05-31,388914.90616196726,12.871115848444958,2023-12-31,-19,-0.06893575388143525
68138,2022-05-31,256504.4681061987,12.454901362958587,2022-12-31,-7,-0.01859066387071806
50061,2022-06-30,560236.9749802268,13.236115142807872,2020-12-31,18,0.21734095580303325
43054,2022-06-30,507080.60836215504,13.136425260787991,2024-03-31,-21,-0.07889199144620562
20136,2022-06-30,669178.2709544798,13.413805777386049,2024-03-31,-21,-0.03021547914632272
43207,2022-06-30,190229.52589168615,12.15598665306915,2024-03-31,-21,-0.08619756579304294
78245,2022-06-30,289292.4667669121,12.575193451105358,2024-04-30,-22,0.04410997051927801
97124,2022-06-30,574048.2583209021,13.2604687454975,2023-07-31,-13,0.040252248924478096
78251,2022-06-30,286034.3467842875,12.56386717624268,2024-06-30,-24,0.029726603527278073
43130,2022-06-30,235785.46610316067,12.370677628642799,2023-12-31,-18,-0.06613109234885428
85338,2022-06-30,498902.5956088022,13.120166156499058,2023-03-31,-9,0.10901746566768367
68142,2022-06-30,363307.6698109499,12.803005329494706,2024-03-31,-21,-0.024584109582500346
74361,2022-06-30,193184.6349870731,12.171401668545535,2024-06-30,-24,-0.06594216372967843
23150,2022-06-30,277044.5165781873,12.531933481925606,2023-12-31,-18,-0.08002279321493866
23836,2022-06-30,392223.67138290993,12.879587546310397,2023-12-31,-18,-0.0604640560159968
68138,2022-06-30,259370.55076678251,12.466013016149738,2022-12-31,-6,-0.007479010679567466
50061,2022-07-31,566417.8967855098,13.247087418294504,2020-12-31,19,0.22831323128966474
43054,2022-07-31,511343.5427532813,13.14479693831299,2024-03-31,-20,-0.07052031392120739
20136,2022-07-31,669584.2779993498,13.414412318191413,2024-03-31,-20,-0.029608938340958346
38109,2022-07-31,102880.91870961004,11.541327469346136,2024-07-31,-24,0.040832178205548075
43207,2022-07-31,191958.12192422376,12.165032512241385,2024-03-31,-20,-0.07715170662080695
78245,2022-07-31,292001.50395272806,12.584514231760195,2024-04-30,-21,0.05343075117411544
97124,2022-07-31,575116.3752295104,13.262327691004547,2023-07-31,-12,0.042111194431525334
78251,2022-07-31,288773.0107067919,12.573396228402453,2024-06-30,-23,0.03925565568705203
43130,2022-07-31,237228.88039424876,12.376780694150474,2023-12-31,-17,-0.06002802684117903
85338,2022-07-31,502652.8585307167,13.127655068738148,2023-03-31,-8,0.11650637790677365
68142,2022-07-31,365139.41867468256,12.808034528604786,2024-03-31,-20,-0.019554910472420417
74361,2022-07-31,195560.6822022257,12.183626005141322,2024-06-30,-23,-0.05371782713389095
23150,2022-07-31,281658.85123724164,12.548451870199528,2023-12-31,-17,-0.06350440494101584
23836,2022-07-31,394073.6472531608,12.884293092774675,2023-12-31,-17,-0.055758509551719015
68138,2022-07-31,260633.64813019717,12.470871053258822,2022-12-31,-5,-0.002620973570483187
50061,2022-08-31,569171.9346025799,13.251937837240439,2020-12-31,20,0.23316365023559982
43054,2022-08-31,512091.77380016376,13.146259133662499,2024-03-31,-19,-0.0690581185716983
20136,2022-08-31,665870.0435012905,13.408849800604273,2024-03-31,-19,-0.035171455928098894
38109,2022-08-31,104295.6678152988,11.55498510431893,2024-07-31,-23,0.05448981317834267
43207,2022-08-31,192801.8649923963,12.169418334308874,2024-03-31,-19,-0.07276588455331812
78245,2022-08-31,292748.75930695684,12.587070043387643,2024-04-30,-20,0.055986562801562556
97124,2022-08-31,571488.5447410949,13.255999717818556,2023-07-31,-11,0.035783221245534236
78251,2022-08-31,289633.1697821012,12.576370469475295,2024-06-30,-22,0.04222989675989375
43130,2022-08-31,237655.22875041925,12.378576283695422,2023-12-31,-16,-0.05823243729623151
85338,2022-08-31,500892.3257997302,13.124146438405285,2023-03-31,-7,0.11299774757391035
68142,2022-08-31,364541.29629553395,12.80639511974872,2024-03-31,-19,-0.0211943193284867
74361,2022-08-31,197377.65785580236,12.192874217487809,2024-06-30,-22,-0.04446961478740441
23150,2022-08-31,284713.04136282153,12.559237079603099,2023-12-31,-16,-0.05271919553744553
23836,2022-08-31,393887.70501184487,12.883821134995951,2023-12-31,-16,-0.056230467330442124
68138,2022-08-31,260350.9351355005,12.469785750424428,2022-12-31,-4,-0.0037062764048769736
50061,2022-09-30,569264.9540261122,13.252101253279868,2020-12-31,21,0.23332706627502908
43054,2022-09-30,510541.6723976104,13.14322754380886,2024-03-31,-18,-0.07208970842533624
20136,2022-09-30,661225.5904593797,13.401850347234175,2024-03-31,-18,-0.042170909298196335
38109,2022-09-30,104716.52718123262,11.559012237135033,2024-07-31,-22,0.05851694599444457
43207,2022-09-30,192564.89291727735,12.168188481966272,2024-03-31,-18,-0.07399573689592032
78245,2022-09-30,291954.85793961195,12.58435447320199,2024-04-30,-19,0.05327099261591073
97124,2022-09-30,564906.3210343356,13.24441519290261,2023-07-31,-10,0.024198696329587932
78251,2022-09-30,289166.24481025664,12.574757043264547,2024-06-30,-21,0.0406164705491463
43130,2022-09-30,237561.00352355937,12.37817972641604,2023-12-31,-15,-0.05862899457561355
85338,2022-09-30,494617.3799245869,13.11153977280628,2023-03-31,-6,0.1003910819749052
20109,2022-09-30,402313.7732125955,12.904987593525327,2024-09-30,-24,-0.10139466425829902
68142,2022-09-30,362468.2958879341,12.80069228983256,2024-03-31,-18,-0.026897149244646812
74361,2022-09-30,198014.6746054721,12.196096421099403,2024-06-30,-21,-0.0412474111758101
23150,2022-09-30,286409.1044768947,12.56517650293799,2023-12-31,-15,-0.04677977220255514
23836,2022-09-30,391650.960391134,12.878126314959195,2023-12-31,-15,-0.06192528736719893
68138,2022-09-30,259457.46253015767,12.466348047265871,2022-12-31,-3,-0.007143979563434044
50061,2022-10-31,569782.5487392672,13.253010073583717,2020-12-31,22,0.23423588657887784
43054,2022-10-31,508842.47650785075,13.139893771226015,2024-03-31,-17,-0.07542348100818153
20136,2022-10-31,657672.3660206978,13.396462162321441,2024-03-31,-17,-0.0475590942109303
38109,2022-10-31,104808.61888252255,11.559891288732898,2024-07-31,-21,0.05939599759230951
43207,2022-10-31,192115.36142785355,12.165851311347444,2024-03-31,-17,-0.07633290751474853
20109,2022-10-31,401152.1109145731,12.902095963325687,2024-09-30,-23,-0.10428629445793902
78245,2022-10-31,290825.32699396537,12.580478115051104,2024-04-30,-18,0.04939463446502401
97124,2022-10-31,559672.077504336,13.235106315309698,2023-07-31,-9,0.01488981873667683
78251,2022-10-31,288332.00298361504,12.571867883305604,2024-06-30,-20,0.037727310590202734
43130,2022-10-31,237573.9270074411,12.378234125632154,2023-12-31,-14,-0.058574595359498716
85338,2022-10-31,486763.0473221925,13.095532727851454,2023-03-31,-5,0.08438403702007946
51503,2022-10-31,264156.99398927606,12.484298879581623,2024-10-31,-24,-0.11334117373104924
68142,2022-10-31,361307.03855703626,12.797483398144525,2024-03-31,-17,-0.03010604093268121
74361,2022-10-31,198164.23927118708,12.196851457107538,2024-06-30,-20,-0.04049237516767512
23150,2022-10-31,287603.2414196793,12.569337175348545,2023-12-31,-14,-0.04261909979199885
23836,2022-10-31,389581.8579651865,12.872829283868521,2023-12-31,-14,-0.06722231845787263
68138,2022-10-31,259263.7836086536,12.46560129192494,2022-12-31,-2,-0.007890734904364649
50061,2022-11-30,570310.116486207,13.253935555872458,2020-12-31,23,0.23516136886761885
43054,2022-11-30,508101.9892983546,13.1384374727451,2024-03-31,-16,-0.07687977948909719
20136,2022-11-30,655561.236962917,13.393246998055776,2024-03-31,-16,-0.050774258476595335
38109,2022-11-30,104524.01528809567,11.55717213535375,2024-07-31,-20,0.05667684421316288
43207,2022-11-30,191565.74691395683,12.162986354601426,2024-03-31,-16,-0.07919786426076669
78245,2022-11-30,289762.3722986291,12.576816460199371,2024-04-30,-17,0.045732979613291036
97124,2022-11-30,555678.4972789212,13.227945163682064,2023-07-31,-8,0.0077286671090419645
78251,2022-11-30,287722.20643602527,12.56975073264376,2024-06-30,-19,0.0356101599283587
43130,2022-11-30,237868.90243255568,12.379474970775659,2023-12-31,-13,-0.05733375021599407
85338,2022-11-30,477918.8655182533,13.077196259657057,2023-03-31,-4,0.06604756882568275
20109,2022-11-30,400390.7245467392,12.900196160687194,2024-09-30,-22,-0.10618609709643145
51503,2022-11-30,264289.9086045837,12.484801918268984,2024-10-31,-23,-0.11283813504368823
68142,2022-11-30,361044.6319769616,12.796756863958143,2024-03-31,-16,-0.030832575119063677
74361,2022-11-30,198083.0455738036,12.196441643833731,2024-06-30,-19,-0.04090218844148197
23150,2022-11-30,289622.88745114236,12.576334967624838,2023-12-31,-13,-0.035621307515706135
23836,2022-11-30,388458.7046604855,12.869942148829994,2023-12-31,-13,-0.07010945349639996
68138,2022-11-30,259917.4117854942,12.468119212558308,2022-12-31,-1,-0.005372814270996784
50061,2022-12-31,570273.8351568651,13.25387193700547,2020-12-31,24,0.23509775000063193
43054,2022-12-31,507672.3481601305,13.137591534532246,2024-03-31,-15,-0.07772571770195036
20136,2022-12-31,654305.5972539334,13.39132979538938,2024-03-31,-15,-0.052691461142991614
38109,2022-12-31,103422.48889726556,11.546577711578884,2024-07-31,-19,0.04608242043829591
43207,2022-12-31,191001.42637161,12.16003617491507,2024-03-31,-15,-0.08214804394712161
78245,2022-12-31,288969.8172326746,12.574077522999211,2024-04-30,-16,0.042994042413130984
97124,2022-12-31,552331.6684986796,13.2219039935514,2023-07-31,-7,0.0016874969783788885
78251,2022-12-31,287386.912798807,12.568584715051644,2024-06-30,-18,0.03444414233624293
43130,2022-12-31,238102.08950768816,12.380454808193223,2023-12-31,-12,-0.05635391279843027
85338,2022-12-31,468551.0250897208,13.057400286341105,2023-03-31,-3,0.04625159550973024
20109,2022-12-31,399964.83293524734,12.899131904563253,2024-09-30,-21,-0.10725035322037257
51503,2022-12-31,264788.7502670965,12.486687618256937,2024-10-31,-22,-0.11095243505573471
68142,2022-12-31,361709.1539106485,12.798595725639434,2024-03-31,-15,-0.028993713437772684
74361,2022-12-31,197749.8310748144,12.194758031393452,2024-06-30,-18,-0.04258580088176167
23150,2022-12-31,291743.1664302115,12.583629127184553,2023-12-31,-12,-0.02832714795599145
23836,2022-12-31,388436.1770024854,12.869884154734427,2023-12-31,-12,-0.07016744759196669
68138,2022-12-31,261317.65802788967,12.473492026829305,2022-12-31,0,0.0
43054,2023-01-31,506519.9421104337,13.135318974275732,2024-03-31,-14,-0.07999827795846493
20136,2023-01-31,653222.037614253,13.38967237743685,2024-03-31,-14,-0.054348879095520886
38109,2023-01-31,101384.20841707457,11.526672622479374,2024-07-31,-18,0.026177331338786303
43207,2023-01-31,190269.8406728093,12.156198557659888,2024-03-31,-14,-0.08598566120230444
30318,2023-01-31,410826.8960226441,12.925927227197715,2025-01-31,-24,-0.0056117053746742585
78245,2023-01-31,288324.9481033242,12.57184341510045,2024-04-30,-15,0.040759934514369434
97124,2023-01-31,548621.7525527911,13.215164507725426,2023-07-31,-6,-0.005051988847595723
78251,2023-01-31,287076.9850085359,12.567505699219582,2024-06-30,-17,0.03336512650418122
43130,2023-01-31,237662.940317726,12.37860873171786,2023-12-31,-11,-0.05819998927379366
85338,2023-01-31,459127.53060400736,13.037083294904235,2023-03-31,-2,0.025934604072860523
20109,2023-01-31,400027.0465595238,12.899287440203043,2024-09-30,-20,-0.10709481758058281
51503,2023-01-31,265249.109626734,12.488424699738207,2024-10-31,-21,-0.10921535357446466
68142,2023-01-31,362086.4210893654,12.799638194606954,2024-03-31,-14,-0.02795124447025188
74361,2023-01-31,196815.95909107212,12.190024353254875,2024-06-30,-17,-0.04731947902033795
23150,2023-01-31,293527.1030922739,12.589725258423853,2023-12-31,-11,-0.0222310167166917
23836,2023-01-31,389115.5340087454,12.87163158109722,2023-12-31,-11,-0.06842002122917279
68138,2023-01-31,262418.4322355694,12.477695578385209,2022-12-31,1,0.004203551555903573
43054,2023-02-28,506852.4184965687,13.135975152421079,2024-03-31,-13,-0.07934209981311824
20136,2023-02-28,653285.6723632786,13.389769789413206,2024-03-31,-13,-0.0542514671191654
97058,2023-02-28,371539.1961497283,12.825409645379853,2025-02-28,-24,-0.04181159133823975
20109,2023-02-28,400891.6586834842,12.901446491937424,2024-09-30,-19,-0.10493576584620179
38109,2023-02-28,99327.7361938818,11.506180128190419,2024-07-31,-17,0.005684837049830804
43207,2023-02-28,190531.6743582222,12.157573729324602,2024-03-31,-13,-0.08461048953759054
30318,2023-02-28,409964.5549279579,12.923825983548129,2025-01-31,-23,-0.007712949024259785
78245,2023-02-28,287276.99612188054,12.568202172572255,2024-04-30,-14,0.03711869198617457
97124,2023-02-28,546145.9129509799,13.210641458861797,2023-07-31,-5,-0.009575037711224255
78251,2023-02-28,286197.4158815803,12.564437116998667,2024-06-30,-16,0.030296544283265447
43130,2023-02-28,237489.52669996265,12.377878803379062,2023-12-31,-10,-0.058929917612591254
85338,2023-02-28,451696.5762626149,13.020765941942981,2023-03-31,-1,0.009617251111606606
51503,2023-02-28,266148.3609260688,12.491809180122683,2024-10-31,-20,-0.10583087318998885
68142,2023-02-28,362604.12540653656,12.801066954531429,2024-03-31,-13,-0.026522484545777658
74361,2023-02-28,195928.01616990985,12.185502606315318,2024-06-30,-16,-0.05184122595989571
23150,2023-02-28,294227.51152714674,12.592108595786062,2023-12-31,-10,-0.019847679354482395
23836,2023-02-28,389722.0129793088,12.873188976719689,2023-12-31,-10,-0.06686262560670464
68138,2023-02-28,263885.3160222906,12.483269878739051,2022-12-31,2,0.009777851909746005
43054,2023-03-31,508342.7998833764,13.138911301903535,2024-03-31,-12,-0.07640595033066155
20136,2023-03-31,653532.0315372375,13.3901468262044,2024-03-31,-12,-0.05387443032797101
97058,2023-03-31,371174.96882390307,12.824428844495205,2025-02-28,-23,-0.04279239222288744
20109,2023-03-31,402329.94882907905,12.905027799186646,2024-09-30,-18,-0.10135445859697967
38109,2023-03-31,98147.072172168,11.494222369123847,2024-07-31,-16,-0.006272922016741234
43207,2023-03-31,191131.8335056655,12.160718696709482,2024-03-31,-12,-0.08146552215271008
30318,2023-03-31,409736.52281002625,12.923269604814449,2025-01-31,-22,-0.008269327757940204
78245,2023-03-31,286135.47111101163,12.564220652866627,2024-04-30,-13,0.033137172280547134
97124,2023-03-31,544621.905542302,13.207847081590064,2023-07-31,-4,-0.01236941498295785
78251,2023-03-31,285206.54376765335,12.56096891174592,2024-06-30,-15,0.026828339030519288
43130,2023-03-31,237874.56293367085,12.379498767218605,2023-12-31,-9,-0.05730995377304815
85338,2023-03-31,447373.3191092761,13.011148690831375,2023-03-31,0,0.0
51503,2023-03-31,267812.73224596155,12.498043254969982,2024-10-31,-19,-0.09959679834268975
68142,2023-03-31,363407.6313881096,12.803280434690992,2024-03-31,-12,-0.02430900438621464
74361,2023-03-31,195457.62025777265,12.18309885873313,2024-06-30,-15,-0.05424497354208313
23150,2023-03-31,295164.1679853852,12.595286982177715,2023-12-31,-9,-0.016669292962829374
23836,2023-03-31,390811.4370381239,12.875980464429093,2023-12-31,-9,-0.0640711378973009
68138,2023-03-31,265524.2048167464,12.489461282426745,2022-12-31,3,0.015969255597440224
43054,2023-04-30,511993.10238586896,13.146066432028299,2024-03-31,-11,-0.06925082020589812
20136,2023-04-30,655178.108127146,13.39266239845843,2024-03-31,-11,-0.05135885807394125
97058,2023-04-30,372507.23620850017,12.828011742676155,2025-02-28,-22,-0.03920949404193763
20109,2023-04-30,404126.7006069836,12.90948372314009,2024-09-30,-17,-0.09689853464353604
38109,2023-04-30,97929.00525899768,11.491998058989378,2024-07-31,-15,-0.008497232151210454
43207,2023-04-30,192496.31908152773,12.167832310872754,2024-03-31,-11,-0.07435190798943836
30318,2023-04-30,410087.3312021179,12.924125418930581,2025-01-31,-21,-0.007413513641807867
78245,2023-04-30,285003.4981834335,12.560256733503296,2024-04-30,-12,0.029173252917216175
97124,2023-04-30,544487.4697502836,13.20760020869419,2023-07-31,-3,-0.0126162878788314
78251,2023-04-30,284223.5602709213,12.557516391529015,2024-06-30,-14,0.023375818813613947
43130,2023-04-30,239482.70647331592,12.38623648643407,2023-12-31,-8,-0.050572234557582973
85338,2023-04-30,445585.3112266789,13.0071440030184,2023-03-31,1,-0.004004687812974694
51503,2023-04-30,270065.967548625,12.506421532392368,2024-10-31,-18,-0.0912185209203038
68142,2023-04-30,364902.6795951775,12.807385965766109,2024-03-31,-11,-0.020203473311097397
76207,2023-04-30,381832.60631848016,12.8527375881948,2025-04-30,-24,0.021045985600084194
74361,2023-04-30,196159.70866895592,12.186684446558386,2024-06-30,-14,-0.05065938571682693
23150,2023-04-30,296815.7317380558,12.600866793378948,2023-12-31,-8,-0.011089481761596076
23836,2023-04-30,392183.8684481657,12.879486060965709,2023-12-31,-8,-0.060565541360684705
68138,2023-04-30,267894.9377100889,12.498350159161888,2022-12-31,4,0.024858132332582272
43054,2023-05-31,516104.8602924366,13.154065241438797,2024-03-31,-10,-0.06125201079539977
39046,2023-05-31,214907.04314849537,12.27796085616751,2025-05-31,-24,-0.05903430144578614
20136,2023-05-31,657580.2073201844,13.39632202391376,2024-03-31,-10,-0.047699232618612086
97058,2023-05-31,374684.6932908224,12.833840133375773,2025-02-28,-21,-0.03338110334231992
20109,2023-05-31,406326.15428709384,12.914911451764963,2024-09-30,-16,-0.09147080601866264
38109,2023-05-31,98061.22037852196,11.493347260350319,2024-07-31,-14,-0.007148030790268933
43207,2023-05-31,193764.28900380345,12.174397694193269,2024-03-31,-10,-0.06778652466892332
30318,2023-05-31,410975.7506186893,12.926289490809985,2025-01-31,-20,-0.005249441762403606
78245,2023-05-31,284456.9568722391,12.558337227156004,2024-04-30,-11,0.027253746569924076
97124,2023-05-31,545910.8289666552,13.210210924478496,2023-07-31,-2,-0.010005572094526016
78251,2023-05-31,284064.1299368294,12.556955301288907,2024-06-30,-13,0.02281472857350586
43130,2023-05-31,241865.35059813783,12.396136447802483,2023-12-31,-7,-0.04067227318916977
85338,2023-05-31,445659.6549575373,13.007310834212632,2023-03-31,2,-0.0038378566187429186
51503,2023-05-31,272532.41404771834,12.515512836645199,2024-10-31,-17,-0.08212721666747314
46552,2023-05-31,240243.0874726413,12.389406554192352,2025-05-31,-24,-0.10801966651167305
68142,2023-05-31,367249.0497904995,12.813795506668582,2024-03-31,-10,-0.013793932408624698
76207,2023-05-31,381965.764620706,12.853086262160708,2025-04-30,-23,0.021394659565991958
74361,2023-05-31,197337.91673704013,12.19267285163627,2024-06-30,-13,-0.04467098063894248
23150,2023-05-31,299869.3345238971,12.611102107171185,2023-12-31,-7,-0.0008541679693596649
23836,2023-05-31,395025.9779339692,12.88670680864215,2023-12-31,-7,-0.05334479368424283
68138,2023-05-31,270577.602052306,12.508314219867753,2022-12-31,5,0.03482219303844758
43054,2023-06-30,520848.432726924,13.163214362340051,2024-03-31,-9,-0.052102889894145576
39046,2023-06-30,216110.0282205161,12.2835429468811,2025-05-31,-23,-0.05345221073219619
20136,2023-06-30,661819.7740477794,13.402748553213028,2024-03-31,-9,-0.04127270331934341
97058,2023-06-30,376867.13244419725,12.839647970475728,2025-02-28,-20,-0.027573266242365335
20109,2023-06-30,409556.1980443457,12.922829408620823,2024-09-30,-15,-0.08355284916280326
38109,2023-06-30,97685.51983509668,11.489508616556304,2024-07-31,-13,-0.010986674584284373
43207,2023-06-30,195286.83297471303,12.182224695107658,2024-03-31,-9,-0.05995952375453406
30318,2023-06-30,412170.18586155114,12.929191615520207,2025-01-31,-19,-0.002347317052182163
78245,2023-06-30,284464.3322091054,12.558363154598018,2024-04-30,-10,0.02727967401193787
97124,2023-06-30,548540.7897229778,13.215016921881324,2023-07-31,-1,-0.005199574691697961
78251,2023-06-30,284242.2806404896,12.557582254306434,2024-06-30,-12,0.023441681591032548
43130,2023-06-30,244580.57534765397,12.407300085131034,2023-12-31,-6,-0.029508635860619137
85338,2023-06-30,446947.6090756602,13.010196661079295,2023-03-31,3,-0.0009520297520797527
51503,2023-06-30,275083.9773630752,12.524831702261464,2024-10-31,-16,-0.07280835105120786
46552,2023-06-30,243568.81029669693,12.403154770071637,2025-05-31,-23,-0.0942714506323874
68142,2023-06-30,369930.7217641494,12.821071028613824,2024-03-31,-9,-0.006518410463382196
76207,2023-06-30,382387.4306726773,12.854189590039349,2025-04-30,-22,0.022497987444632273
74361,2023-06-30,198807.8845385585,12.20009423307488,2024-06-30,-12,-0.037249599200332995
23150,2023-06-30,302734.21079164627,12.620610507426594,2023-12-31,-6,0.00865423228604989
23836,2023-06-30,398755.6716463275,12.896104156544496,2023-12-31,-6,-0.0439474457818978
68138,2023-06-30,273554.6942016352,12.519256859650476,2022-12-31,6,0.04576483282117039
43054,2023-07-31,525594.62080396,13.172285511708917,2024-03-31,-8,-0.04303174052527936
39046,2023-07-31,216807.9935101508,12.286767418302205,2025-05-31,-22,-0.05022773931109192
20136,2023-07-31,666635.0129182697,13.409997968106273,2024-03-31,-8,-0.034023288426098475
97058,2023-07-31,377863.8229483592,12.8422891529433,2025-02-28,-19,-0.024932083774793057
75154,2023-07-31,366083.77154862205,12.810617470206182,2025-07-31,-24,0.015897377025066106
20109,2023-07-31,413137.2668564184,12.931535181991848,2024-09-30,-14,-0.0748470757917783
38109,2023-07-31,97205.79083775,11.484585565193981,2024-07-31,-12,-0.015909725946606557
43207,2023-07-31,197059.9167750158,12.191263107543158,2024-03-31,-8,-0.05092111131903465
30318,2023-07-31,413130.80060313694,12.931519530283797,2025-01-31,-18,-1.9402288591763295e-05
78245,2023-07-31,284275.597367448,12.557699459862445,2024-04-30,-9,0.0266159792763645
97124,2023-07-31,551400.3964573978,13.220216496573022,2023-07-31,0,0.0
78251,2023-07-31,284487.89001241326,12.558445965781106,2024-06-30,-11,0.02430539306570445
43130,2023-07-31,247193.87650786157,12.41792823285053,2023-12-31,-5,-0.01888048814112331
85338,2023-07-31,448853.3539087281,13.014451507383114,2023-03-31,4,0.0033028165517396957
51503,2023-07-31,277121.6023634638,12.532211686540212,2024-10-31,-15,-0.06542836677246022
46552,2023-07-31,245953.73013066268,12.41289870832382,2025-05-31,-22,-0.0845275123802054
68142,2023-07-31,372082.857776127,12.826871844410643,2024-03-31,-8,-0.0007175946665629596
76207,2023-07-31,382656.2761619839,12.85489241393809,2025-04-30,-21,0.023200811343373928
74361,2023-07-31,200097.8396785964,12.206561724304631,2024-06-30,-11,-0.030782107970582118
23150,2023-07-31,304495.5651109071,12.626411801529825,2023-12-31,-5,0.014455526389280493
23836,2023-07-31,403146.67605155817,12.907055735136993,2023-12-31,-5,-0.03299586718940084
68138,2023-07-31,276119.0015221298,12.52858721670965,2022-12-31,7,0.05509518988034401
79601,2023-08-31,192339.9147806563,12.167019475200222,2025-08-31,-24,-0.03571843940806119
43054,2023-08-31,529610.4078031423,13.179896935608099,2024-03-31,-7,-0.035420316626098014
39046,2023-08-31,216622.14441943588,12.285909844793393,2025-05-31,-21,-0.051085312819903805
20136,2023-08-31,671131.8853489438,13.41672094708583,2024-03-31,-7,-0.027300309446541604
97058,2023-08-31,378356.3688153962,12.84359180511274,2025-02-28,-18,-0.0236294316053538
18603,2023-08-31,207599.83920972096,12.243367655753921,2025-08-31,-24,-0.02312269123589239
75154,2023-08-31,366755.2254278613,12.812449943832457,2025-07-31,-23,0.017729850651340584
20109,2023-08-31,416538.098091502,12.939733208414134,2024-09-30,-13,-0.06664904936949156
38109,2023-08-31,96402.25648581,11.476284887853835,2024-07-31,-11,-0.02421040328675339
43207,2023-08-31,199072.5715590937,12.201424718428077,2024-03-31,-7,-0.040759500434115026
30318,2023-08-31,414566.6093436003,12.934988938701462,2025-01-31,-17,0.003450006129073202
78245,2023-08-31,284054.2374817009,12.55692047595779,2024-04-30,-8,0.02583699537171036
97124,2023-08-31,553550.189613624,13.22410770382865,2023-07-31,1,0.00389120725562897
78251,2023-08-31,284585.565019731,12.558789243111697,2024-06-30,-10,0.024648670396295813
43130,2023-08-31,249417.26996267855,12.42688255587189,2023-12-31,-4,-0.009926165119763297
85338,2023-08-31,450916.7217630188,13.019037949024302,2023-03-31,5,0.007889258192927073
51503,2023-08-31,278743.05818506377,12.538045698074402,2024-10-31,-14,-0.059594355238269614
46552,2023-08-31,247980.3324614152,12.421104717411277,2025-05-31,-21,-0.076321503292748
68142,2023-08-31,373177.9694734478,12.829810714791273,2024-03-31,-7,0.0022212757140671613
76207,2023-08-31,382770.9599901539,12.855192073588576,2025-04-30,-20,0.023500470993859324
74361,2023-08-31,200979.26411583435,12.210957018116668,2024-06-30,-10,-0.02638681415854549
23150,2023-08-31,304923.94191972184,12.627817653736482,2023-12-31,-4,0.015861378595937836
23836,2023-08-31,406786.6777009416,12.916044193605881,2023-12-31,-4,-0.024007408720512657
68138,2023-08-31,278161.7562647227,12.535958080526934,2022-12-31,8,0.062466053697628254
14012,2023-09-30,218173.46488313552,12.293045735834582,2025-09-30,-24,-0.06914644766967548
58436,2023-09-30,138931.1640452201,11.841733866753312,2025-09-30,-24,0.04667294186869775
79601,2023-09-30,192268.50445044585,12.166648134753887,2025-08-31,-23,-0.03608977985439665
43054,2023-09-30,533138.824057538,13.18653712712878,2024-03-31,-6,-0.028780125105416943
39046,2023-09-30,216219.1811681674,12.28404789980864,2025-05-31,-20,-0.052947257804657255
20136,2023-09-30,674482.4909950438,13.421700995797904,2024-03-31,-6,-0.022320260734467468
30214,2023-09-30,401828.7117083708,12.903781186521217,2025-09-30,-24,0.002961535365917811
97058,2023-09-30,377880.0959505119,12.84233221780098,2025-02-28,-17,-0.024889018917113148
18603,2023-09-30,206579.9698534871,12.238442879629194,2025-08-31,-23,-0.02804746736062036
75154,2023-09-30,366627.53262370056,12.812101714196432,2025-07-31,-22,0.01738162101531593
20109,2023-09-30,418802.2287452261,12.945154079705587,2024-09-30,-12,-0.061228178078039264
38109,2023-09-30,95197.38689910206,11.463707771863895,2024-07-31,-10,-0.036787519276693104
43207,2023-09-30,200865.81807499728,12.21039239234978,2024-03-31,-6,-0.03179182651241241
30318,2023-09-30,416441.2532595946,12.939500682044335,2025-01-31,-16,0.007961749471945723
78245,2023-09-30,283056.3456026337,12.553401257876764,2024-04-30,-7,0.022317777290684404
97124,2023-09-30,554954.8175052089,13.226641979514081,2023-07-31,2,0.0064254829410597125
78251,2023-09-30,284192.4243867577,12.557406838367124,2024-06-30,-9,0.023266265651722406
43130,2023-09-30,251015.34262425176,12.43326934223884,2023-12-31,-3,-0.0035393787528139597
85338,2023-09-30,452388.3955343673,13.022296371998488,2023-03-31,6,0.011147681167113177
51503,2023-09-30,279765.1994654772,12.541705957014496,2024-10-31,-13,-0.05593409629817536
46552,2023-09-30,249464.0743296309,12.427070193143258,2025-05-31,-20,-0.07035602756076642
68142,2023-09-30,373323.1937063834,12.830199794519292,2024-03-31,-6,0.0026103554420853214
76207,2023-09-30,382071.3330494124,12.853362605887211,2025-04-30,-19,0.021671003292494717
74361,2023-09-30,201491.08454373293,12.213500413949484,2024-06-30,-9,-0.023843418325729004
23150,2023-09-30,304401.47404546384,12.626102747420045,2023-12-31,-3,0.014146472279501054
23836,2023-09-30,409902.26289507264,12.923674027079954,2023-12-31,-3,-0.016377575246439235
68138,2023-09-30,279182.1673218266,12.53961977720671,2022-12-31,9,0.06612775037740448
14012,2023-10-31,218232.82325975777,12.29331776847298,2025-09-30,-23,-0.06887441503127789
58436,2023-10-31,135456.26945562716,11.816404132567042,2025-09-30,-23,0.02134320768242759
79601,2023-10-31,191987.5520942156,12.165185816065552,2025-08-31,-22,-0.037552098542731116
43054,2023-10-31,536082.9920933963,13.192044264062226,2024-03-31,-5,-0.02327298817197132
39046,2023-10-31,215981.9404001887,12.282950073912467,2025-05-31,-19,-0.05404508370082972
20136,2023-10-31,677013.6493496766,13.42544671321211,2024-03-31,-5,-0.018574543320260872
30214,2023-10-31,401779.3794394596,12.903658409586747,2025-09-30,-23,0.0028387584314479852
97058,2023-10-31,377338.79189822025,12.840898715133882,2025-02-28,-16,-0.02632252158421089
18603,2023-10-31,205787.75547433333,12.234600603402793,2025-08-31,-22,-0.0318897435870209
75154,2023-10-31,366632.14348592656,12.81211429053842,2025-07-31,-21,0.017394197357303298
20109,2023-10-31,420519.5875964288,12.949246338990221,2024-09-30,-11,-0.05713591879340463
38109,2023-10-31,93294.70806520864,11.443518665668499,2024-07-31,-9,-0.056976625472088926
43207,2023-10-31,201944.27425798596,12.21574706831424,2024-03-31,-5,-0.02643715054795237
30318,2023-10-31,418190.86868571816,12.943693230936082,2025-01-31,-15,0.012154298363693528
78245,2023-10-31,281757.68258823134,12.548802698924174,2024-04-30,-6,0.017719218338093867
97124,2023-10-31,555713.1682011692,13.22800755558824,2023-07-31,3,0.007791059015218593
78251,2023-10-31,283329.64892658865,12.554366335925328,2024-06-30,-8,0.020225763209927194
43130,2023-10-31,251809.3604618928,12.43642757409482,2023-12-31,-2,-0.0003811468968333287
85338,2023-10-31,453712.72996409814,13.025219523367532,2023-03-31,7,0.014070832536157596
51503,2023-10-31,280640.1706726718,12.544828596320958,2024-10-31,-12,-0.05281145699171397
46552,2023-10-31,250455.80396510137,12.431037752664187,2025-05-31,-19,-0.06638846803983789
68142,2023-10-31,372837.06327607314,12.828896775510861,2024-03-31,-5,0.001307336433654882
76207,2023-10-31,381110.7955711502,12.850845413858142,2025-04-30,-18,0.019153811263425524
74361,2023-10-31,201816.1007823702,12.215112169558223,2024-06-30,-8,-0.022231662716990286
23150,2023-10-31,303164.11108825146,12.622029558621232,2023-12-31,-2,0.010073283480688033
23836,2023-10-31,412536.6446440142,12.930080316311873,2023-12-31,-2,-0.009971286014520686
68138,2023-10-31,279533.768667458,12.540878382409808,2022-12-31,10,0.06738635558050277
14012,2023-11-30,218382.8562321464,12.294005022666271,2025-09-30,-22,-0.06818716083798648
58436,2023-11-30,132055.8864418863,11.790980494103083,2025-09-30,-22,-0.004080430781531419
79601,2023-11-30,191567.81426543932,12.162997146407166,2025-08-31,-21,-0.03974076820111705
43054,2023-11-30,538156.0515930856,13.19590385580823,2024-03-31,-4,-0.019413396425965956
39046,2023-11-30,215728.4395431541,12.281775671359515,2025-05-31,-18,-0.05521948625378137
30214,2023-11-30,401321.1639594152,12.9025172933628,2025-09-30,-22,0.0016976422075014597
18603,2023-11-30,206045.78119228387,12.23585366187783,2025-08-31,-21,-0.030636685111984363
76504,2023-11-30,203261.93795706503,12.222250761021318,2025-11-30,-24,0.0451786723301133
97058,2023-11-30,376784.0212455352,12.839427414324271,2025-02-28,-15,-0.027793822393821443
20136,2023-11-30,679128.7911892622,13.428566066299883,2024-03-31,-4,-0.015455190232488647
20109,2023-11-30,422081.54762108874,12.952953815157816,2024-09-30,-10,-0.053428442625810035
84005,2023-11-30,516051.21134641423,13.15396128633444,2025-11-30,-24,-6.785773793183125e-05
38109,2023-11-30,91630.819294845,11.425522949257767,2024-07-31,-8,-0.07497234188282142
43207,2023-11-30,202434.28102562265,12.218170574709758,2024-03-31,-4,-0.024013644152434566
75154,2023-11-30,366540.8319477446,12.811865204601775,2025-07-31,-20,0.017145111420658665
30318,2023-11-30,419559.270964618,12.946960084455139,2025-01-31,-14,0.01542115188274984
78245,2023-11-30,280132.93963375624,12.543019553883205,2024-04-30,-5,0.011936073297125205
43130,2023-11-30,251905.2595862818,12.436808341782438,2023-12-31,-1,-3.792092151400084e-07
97124,2023-11-30,555589.7919670284,13.227785516704031,2023-07-31,4,0.007569020131009907
78251,2023-11-30,282129.30257416534,12.550120764598729,2024-06-30,-7,0.015980191883327777
85338,2023-11-30,454768.61581307766,13.027544031909905,2023-03-31,8,0.016395341078530024
51503,2023-11-30,281349.1712447958,12.547351779219253,2024-10-31,-11,-0.050288274093418295
46552,2023-11-30,250524.3223107901,12.431311289846692,2025-05-31,-18,-0.06611493085733322
68142,2023-11-30,371969.72073796095,12.826567734076765,2024-03-31,-4,-0.0010217050004417416
76207,2023-11-30,379849.9246624263,12.847531518596284,2025-04-30,-17,0.015839916001567644
74361,2023-11-30,202063.88978556055,12.216339212442579,2024-06-30,-7,-0.021004619832634575
23836,2023-11-30,414778.398879345,12.935499677991501,2023-12-31,-1,-0.004551924334892377
23150,2023-11-30,301497.61186533695,12.616517374273354,2023-12-31,-1,0.004561099132809332
68138,2023-11-30,279670.8937192713,12.541368811277037,2022-12-31,11,0.06787678444773171
14012,2023-12-31,218246.20238929297,12.293379073272309,2025-09-30,-21,-0.06881311023194847
58436,2023-12-31,129369.4973873889,11.770427909825857,2025-09-30,-21,-0.02463301505875748
79601,2023-12-31,191256.83882441695,12.161372509608503,2025-08-31,-20,-0.04136540499978025
43054,2023-12-31,540096.2644829834,13.199502670213764,2024-03-31,-3,-0.01581458202043251
39046,2023-12-31,215654.50229549213,12.281432879648415,2025-05-31,-17,-0.055562277964881446
30214,2023-12-31,400810.91366864025,12.901245058094247,2025-09-30,-21,0.000425406938948214
18603,2023-12-31,207120.2452441304,12.241054798492556,2025-08-31,-20,-0.025435548497258154
76504,2023-12-31,202535.4807030604,12.218670363529112,2025-11-30,-23,0.04159827483790757
97058,2023-12-31,376582.9556752895,12.838893635751068,2025-02-28,-14,-0.02832760096702458
84005,2023-12-31,517655.0497989743,13.157064372384722,2025-11-30,-23,0.003035228312350924
20109,2023-12-31,423730.31249083177,12.956852476398861,2024-09-30,-9,-0.049529781384764604
38109,2023-12-31,90737.72937456246,11.415728529481484,2024-07-31,-7,-0.0847667616591039
43207,2023-12-31,203010.73282242203,12.221014127672714,2024-03-31,-3,-0.021170091189478768
75154,2023-12-31,366563.4759948075,12.811926980386817,2025-07-31,-19,0.017206887205700738
30318,2023-12-31,419690.2591571529,12.947272239991477,2025-01-31,-13,0.015733307419088405
78245,2023-12-31,278429.3458696788,12.536919610901913,2024-04-30,-4,0.005836130315833188
43130,2023-12-31,251905.3551110956,12.436808720991653,2023-12-31,0,0.0
97124,2023-12-31,555207.7027897701,13.227097561979372,2023-07-31,5,0.006881065406350473
78251,2023-12-31,280544.66836527793,12.54448823677568,2024-06-30,-6,0.010347664060278206
85338,2023-12-31,455339.4395953315,13.028798440886318,2023-03-31,9,0.01764975005494307
20136,2023-12-31,681512.0806742266,13.43206925655622,2024-03-31,-3,-0.011951999976151484
51503,2023-12-31,281679.5738500689,12.54852544094107,2024-10-31,-10,-0.04911461237160175
68142,2023-12-31,371318.0915435683,12.824814363846368,2024-03-31,-3,-0.0027750752308381976
46552,2023-12-31,249603.3345410434,12.427628274927608,2025-05-31,-17,-0.06979794577641663
76207,2023-12-31,378683.82997881185,12.844456914216218,2025-04-30,-16,0.012765311621501851
74361,2023-12-31,202178.73118665628,12.216907393026354,2024-06-30,-6,-0.020436439248859628
23836,2023-12-31,416670.74240160873,12.940051602326394,2023-12-31,0,0.0
68138,2023-12-31,280050.09002980427,12.542723759115535,2022-12-31,12,0.06923173228623014
23150,2023-12-31,300125.5827283647,12.611956275140544,2023-12-31,0,0.0
14012,2024-01-31,217902.8613141453,12.29180465216428,2025-09-30,-20,-0.07038753133997666
58436,2024-01-31,128070.24260992064,11.760334162772354,2025-09-30,-20,-0.034726762112260445
43054,2024-01-31,541998.2159953907,13.203017988894947,2024-03-31,-2,-0.012299263339249578
79601,2024-01-31,191558.47740327517,12.162948406018584,2025-08-31,-19,-0.039789508589699096
39046,2024-01-31,215638.4408974736,12.28135839942202,2025-05-31,-16,-0.05563675819127667
30214,2024-01-31,400574.5766574672,12.900655237038393,2025-09-30,-20,-0.000164414116905931
18603,2024-01-31,208368.8039411871,12.247064884475723,2025-08-31,-19,-0.019425462514091052
76504,2024-01-31,202381.80975431623,12.217911339601295,2025-11-30,-22,0.040839250910090996
97058,2024-01-31,376737.10186246893,12.839302880633873,2025-02-28,-13,-0.027918356084219553
30721,2024-01-31,214482.27784076863,12.275982393147967,2026-01-31,-24,-0.08505512160522422
84005,2024-01-31,517015.11765549704,13.1558273941762,2025-11-30,-22,0.0017982501038282805
20109,2024-01-31,425118.11770105927,12.960122333295326,2024-09-30,-8,-0.046259924488300186
38109,2024-01-31,90460.68268661012,11.412670589837429,2024-07-31,-6,-0.087824701303159
43207,2024-01-31,204028.78364629115,12.226016359178555,2024-03-31,-2,-0.01616785968363743
75154,2024-01-31,366567.73383857525,12.811938595889501,2025-07-31,-18,0.017218502708384875
30318,2024-01-31,420042.2080756664,12.948110480628477,2025-01-31,-12,0.016571548056088403
43130,2024-01-31,252442.8977536338,12.438940354611987,2023-12-31,1,0.0021316336203334174
78245,2024-01-31,277321.2768008528,12.532931957116407,2024-04-30,-3,0.0018484765303270478
97124,2024-01-31,555318.9024310476,13.227297826684651,2023-07-31,6,0.007081330111629924
78251,2024-01-31,279213.3192182886,12.539731353669074,2024-06-30,-5,0.005590780953673047
85338,2024-01-31,455292.6610953352,13.028695702359965,2023-03-31,10,0.017547011528590062
20136,2024-01-31,683040.1721831384,13.434308954075293,2024-03-31,-2,-0.009712302457078437
51503,2024-01-31,282361.97194442106,12.550945115280252,2024-10-31,-9,-0.0466949380324202
68142,2024-01-31,371313.0642562056,12.824800824723148,2024-03-31,-2,-0.0027886143540580832
46552,2024-01-31,248936.45859079377,12.424952956498904,2025-05-31,-16,-0.07247326420512046
76207,2024-01-31,378033.3695851515,12.842737750031132,2025-04-30,-15,0.01104614743641541
74361,2024-01-31,202060.03091235308,12.21632011496772,2024-06-30,-5,-0.021023717307492973
68138,2024-01-31,280744.73062125855,12.545201103488695,2022-12-31,13,0.07170907665939019
23836,2024-01-31,417916.80478789815,12.943037660089574,2023-12-31,1,0.0029860577631808383
23150,2024-01-31,299405.1559795358,12.609552971859918,2023-12-31,1,-0.0024033032806265453
14012,2024-02-29,217971.3539995331,12.29211892946514,2025-09-30,-19,-0.07007325403911757
58436,2024-02-29,127686.30524911356,11.757331794681066,2025-09-30,-19,-0.03772913020354807
28905,2024-02-29,228008.341051158,12.337137490825127,2026-02-28,-24,-0.04479033128407828
79601,2024-02-29,192735.1940412052,12.169072474162393,2025-08-31,-18,-0.03366544044589048
43054,2024-02-29,544684.6654706936,13.207962310727813,2024-03-31,-1,-0.007354941506383383
39046,2024-02-29,215608.7317246689,12.281220616847488,2025-05-31,-15,-0.05577454076580857
35810,2024-02-29,181565.2351225922,12.109370290273413,2026-02-28,-24,0.057520983321380115
30214,2024-02-29,401656.9304385775,12.903353596372993,2025-09-30,-19,0.0025339452176940114
18603,2024-02-29,208663.85406991653,12.248479882425121,2025-08-31,-18,-0.018010464564692796
76504,2024-02-29,203079.48702605764,12.221352743088364,2025-11-30,-21,0.044280654397159225
97058,2024-02-29,377287.4489306985,12.840762639909293,2025-02-28,-12,-0.026458596808799584
30721,2024-02-29,215511.2862665247,12.280768559621022,2026-01-31,-23,-0.08026895513216914
84005,2024-02-29,516349.663396076,13.154539457208326,2025-11-30,-21,0.0005103131359547319
20109,2024-02-29,426911.75709781446,12.964332613003535,2024-09-30,-7,-0.0420496447800911
38109,2024-02-29,90711.74576511142,11.415442128987808,2024-07-31,-5,-0.08505316215278036
43207,2024-02-29,205498.41567800895,12.233193603292644,2024-03-31,-1,-0.008990615569548055
87031,2024-02-29,312373.18091249885,12.65195384471093,2026-02-28,-24,-0.04920081490301165
75154,2024-02-29,367290.5455306865,12.813908491020944,2025-07-31,-17,0.019188397839828397
30318,2024-02-29,420495.1897645632,12.949188319006437,2025-01-31,-11,0.017649386434047898
43130,2024-02-29,253793.29863609615,12.444275429800733,2023-12-31,2,0.007466708809079847
78245,2024-02-29,276815.0356638052,12.531104820845067,2024-04-30,-2,2.1340258987478933e-05
97124,2024-02-29,556085.4564113343,13.22867726000384,2023-07-31,7,0.008460763430818474
78251,2024-02-29,278185.0593846995,12.536041852445223,2024-06-30,-4,0.001901279729821681
85338,2024-02-29,455198.5085858655,13.0284888853958,2023-03-31,11,0.017340194564425815
20136,2024-02-29,685464.4634868723,13.437851936359019,2024-03-31,-1,-0.006169320173352588
51503,2024-02-29,283669.9903640657,12.55556683573086,2024-10-31,-8,-0.04207321758181237
68142,2024-02-29,371719.6221050047,12.825895145058805,2024-03-31,-1,-0.0016942940184012656
46552,2024-02-29,249024.71880910255,12.425307442845387,2025-05-31,-15,-0.07211877785863763
76207,2024-02-29,377809.7258610032,12.842145977130057,2025-04-30,-14,0.010454374535340705
74361,2024-02-29,202293.626665426,12.217475518286978,2024-06-30,-4,-0.019868313988235187
68138,2024-02-29,281749.04924259684,12.548772057424623,2022-12-31,14,0.07528003059531763
23836,2024-02-29,419702.6028425261,12.947301650976328,2023-12-31,2,0.007250048649934726
23150,2024-02-29,299791.2542370938,12.610841692234109,2023-12-31,2,-0.0011145829064354018
14012,2024-03-31,218927.43560856176,12.296495609638859,2025-09-30,-18,-0.06569657386539873
58436,2024-03-31,128822.84264241156,11.766193426635954,2025-09-30,-18,-0.028867498248660084
52228,2024-03-31,315109.2046617837,12.660674539193616,2026-03-31,-24,-0.060970928701163274
28905,2024-03-31,228389.4636445759,12.338807624546572,2026-02-28,-23,-0.04312019756263297
79601,2024-03-31,194626.56179343536,12.178837933733186,2025-08-31,-17,-0.023899980875096816
53403,2024-03-31,194266.03430173523,12.176983809491148,2026-03-31,-24,-0.10359119379722692
43054,2024-03-31,548705.5579131264,13.215317252234197,2024-03-31,0,0.0
39046,2024-03-31,216718.1568801978,12.286352972109476,2025-05-31,-14,-0.05064218550382016
35810,2024-03-31,182769.54443254703,12.115981318173006,2026-02-28,-23,0.06413201122097334
30214,2024-03-31,403816.79981462326,12.908716588291188,2025-09-30,-18,0.007896937135889459
08361,2024-03-31,320556.42829428444,12.677813603166234,2026-03-31,-24,-0.11040341275990073
18603,2024-03-31,208965.35787226097,12.249923765401235,2025-08-31,-17,-0.016566581588579155
76504,2024-03-31,204567.37408686787,12.228652657843238,2025-11-30,-20,0.05158056915203346
97058,2024-03-31,378889.95439531567,12.845001084106576,2025-02-28,-11,-0.022220152611517108
30721,2024-03-31,217189.7264214427,12.288526565837794,2026-01-31,-22,-0.07251094891539722
84005,2024-03-31,516365.67203082587,13.154570460204411,2025-11-30,-20,0.0005413161320397819
20109,2024-03-31,429757.9483889115,12.970977418452561,2024-09-30,-6,-0.035404839331064863
38109,2024-03-31,91671.8548773924,11.425970685041417,2024-07-31,-4,-0.07452460609917111
43207,2024-03-31,207354.30321811477,12.242184218862192,2024-03-31,0,0.0
87031,2024-03-31,314324.7773403912,12.658182053087286,2026-02-28,-23,-0.042972606526655355
75154,2024-03-31,368633.4547345051,12.817558081722998,2025-07-31,-16,0.022837988541882126
30318,2024-03-31,421823.222939711,12.952341602267316,2025-01-31,-10,0.020802669694926834
43130,2024-03-31,256203.26629511671,12.453726417368642,2023-12-31,3,0.016917696376989255
78245,2024-03-31,276831.41376959585,12.531163985338264,2024-04-30,-1,8.050475218368547e-05
97124,2024-03-31,557663.4597967608,13.23151094077044,2023-07-31,8,0.011294444197417874
78251,2024-03-31,277913.4482631933,12.535065007014534,2024-06-30,-3,0.0009244342991330257
85338,2024-03-31,455720.7533038427,13.029635517807796,2023-03-31,12,0.0184868269764209
20136,2024-03-31,689706.3846603803,13.444021256532372,2024-03-31,0,0.0
76065,2024-03-31,470577.8789151619,13.061716748040448,2026-03-31,-24,0.015459763166733254
51503,2024-03-31,286210.703125023,12.564483542767288,2024-10-31,-7,-0.03315651054538371
68142,2024-03-31,372349.95827387087,12.827589439077206,2024-03-31,0,0.0
46552,2024-03-31,250527.530700219,12.431324096463051,2025-05-31,-14,-0.06610212424097384
76207,2024-03-31,378278.6792713818,12.843386449718526,2025-04-30,-13,0.011694847123809637
74361,2024-03-31,203098.3868757407,12.22144580502458,2024-06-30,-3,-0.015898027250633717
68138,2024-03-31,283139.1900410769,12.553693893313884,2022-12-31,15,0.08020186648457894
23836,2024-03-31,422221.2170911646,12.953284666784004,2023-12-31,3,0.01323306445761041
23150,2024-03-31,301406.81549919397,12.616216177723093,2023-12-31,3,0.0042599025825484915
14012,2024-04-30,220706.7551965173,12.304590199825878,2025-09-30,-17,-0.057601983678379653
58436,2024-04-30,130654.450124898,11.780311331791552,2025-09-30,-17,-0.014749593093062785
52228,2024-04-30,316451.18382964813,12.66492427116548,2026-03-31,-23,-0.056721196729299095
28905,2024-04-30,229635.04152181375,12.344246551650848,2026-02-28,-22,-0.03768127045835712
79601,2024-04-30,196631.64387607737,12.189087429369266,2025-08-31,-16,-0.01365048523901713
53403,2024-04-30,197022.63480551145,12.19107389860982,2026-03-31,-23,-0.0895011046785541
43054,2024-04-30,552775.1559362499,13.222706608197463,2024-03-31,1,0.007389355963265842
39157,2024-04-30,273401.1453994065,12.518695392727023,2026-04-30,-24,-0.05156159912197644
39046,2024-04-30,218455.5211374015,12.294337708207147,2025-05-31,-13,-0.042657449406149794
35810,2024-04-30,184781.00512806443,12.12692664680332,2026-02-28,-22,0.07507733985128695
30214,2024-04-30,406490.24399957736,12.915315207680958,2025-09-30,-17,0.014495556525659481
08361,2024-04-30,324096.9352708635,12.688797932962942,2026-03-31,-23,-0.0994190829631929
18603,2024-04-30,209954.13362623172,12.254644374540725,2025-08-31,-16,-0.01184597244908936
76504,2024-04-30,206124.11846060853,12.23623378313042,2025-11-30,-19,0.05916169443921504
97058,2024-04-30,381716.83102872426,12.852434332675301,2025-02-28,-10,-0.014786904042791704
30721,2024-04-30,219215.26329608433,12.297809463457018,2026-01-31,-21,-0.06322805129617315
84005,2024-04-30,516507.71044734976,13.154845495692456,2025-11-30,-19,0.0008163516200845322
20109,2024-04-30,433495.9679684808,12.979637774048706,2024-09-30,-5,-0.026744483734919555
38109,2024-04-30,93448.63174648494,11.445167171219376,2024-07-31,-3,-0.055328119921211893
43207,2024-04-30,209174.7347068563,12.25092523287977,2024-03-31,1,0.008741014017576987
87031,2024-04-30,315965.2967858033,12.663387666240268,2026-02-28,-22,-0.03776699337367262
75154,2024-04-30,369525.1672955972,12.819974128811642,2025-07-31,-15,0.025254035630526417
30318,2024-04-30,422587.0772988408,12.954150804659253,2025-01-31,-9,0.022611872086864437
43130,2024-04-30,258900.43551651432,12.464198847918649,2023-12-31,4,0.027390126926995606
78245,2024-04-30,276809.1284222836,12.53108348058608,2024-04-30,0,0.0
97124,2024-04-30,558936.6429878758,13.233791405799428,2023-07-31,9,0.013574909226406362
78251,2024-04-30,277970.9974596004,12.53527206154558,2024-06-30,-2,0.001131488830178995
85338,2024-04-30,456693.376362101,13.031767495809982,2023-03-31,13,0.02061880497860713
20136,2024-04-30,696505.2002239417,13.453830538396582,2024-03-31,1,0.009809281864210817
76065,2024-04-30,471538.11056727474,13.063755206139744,2026-03-31,-23,0.01749822126602929
51503,2024-04-30,288773.79767392325,12.57339895360886,2024-10-31,-6,-0.024241099703811386
68142,2024-04-30,372871.8658510347,12.828990116420771,2024-03-31,1,0.001400677343564638
46552,2024-04-30,252448.02060894523,12.43896064753121,2025-05-31,-13,-0.05846557317281409
76207,2024-04-30,378351.7454551058,12.84357958544652,2025-04-30,-12,0.011887982851803258
74361,2024-04-30,204355.60536219415,12.227616918820255,2024-06-30,-2,-0.009726913454958463
68138,2024-04-30,284472.8951933849,12.558393256281887,2022-12-31,16,0.08490122945258172
23836,2024-04-30,425530.0954811316,12.961090954179726,2023-12-31,4,0.021039351853332278
23150,2024-04-30,303854.32477387384,12.624303670715044,2023-12-31,4,0.012347395574499487
14012,2024-05-31,222716.7409622055,12.313656023128734,2025-09-30,-16,-0.048536160375522996
58436,2024-05-31,132196.02042736264,11.792041103279175,2025-09-30,-16,-0.0030198216054397875
52228,2024-05-31,318037.53850014013,12.669924700393405,2026-03-31,-22,-0.051720767501374
28905,2024-05-31,231475.76359849356,12.352230454148666,2026-02-28,-21,-0.02969736796053901
79601,2024-05-31,197753.2044381802,12.194775089990038,2025-08-31,-15,-0.007962824618244824
53403,2024-05-31,199310.60173633945,12.20261969964981,2026-03-31,-22,-0.07795530363856429
43054,2024-05-31,556581.6717410791,13.229569198572143,2024-03-31,2,0.014251946337946464
39157,2024-05-31,273731.0348317591,12.519901278559544,2026-04-30,-23,-0.05035571328945565
39046,2024-05-31,220318.6154260313,12.302830029565607,2025-05-31,-12,-0.034165128047689564
35810,2024-05-31,186341.19922875287,12.135334676685932,2026-02-28,-21,0.08348536973389997
55068,2024-05-31,407940.36136321555,12.918876269572593,2026-05-31,-24,-0.015764781229021807
30214,2024-05-31,407728.3165156864,12.918356340689563,2025-09-30,-16,0.017536689534264127
08361,2024-05-31,327502.7118476322,12.699251614473946,2026-03-31,-22,-0.08896540145218879
18603,2024-05-31,210808.7861463444,12.258706774791879,2025-08-31,-15,-0.007783572197935129
76504,2024-05-31,207124.9399097437,12.24107746461292,2025-11-30,-18,0.06400537592171496
97058,2024-05-31,384130.52027625026,12.858737670370852,2025-02-28,-9,-0.008483566347241123
47130,2024-05-31,243570.1907335942,12.403160437599363,2026-05-31,-24,-0.04959330859980682
30721,2024-05-31,221013.3956623133,12.305978592519565,2026-01-31,-20,-0.055058922233625296
84005,2024-05-31,516071.01433882536,13.153999659681938,2025-11-30,-18,-2.9484390433154317e-05
20109,2024-05-31,436984.8809838163,12.987653876188189,2024-09-30,-4,-0.018728381595437327
38109,2024-05-31,95675.48633022436,11.468717393429396,2024-07-31,-2,-0.03177789771119244
43207,2024-05-31,210397.02473193573,12.256751618737797,2024-03-31,2,0.014567399875604181
87031,2024-05-31,317130.0302556649,12.667067158835426,2026-02-28,-21,-0.03408750077851508
75154,2024-05-31,369413.0909989549,12.819670784665515,2025-07-31,-14,0.0249506914843991
30318,2024-05-31,422215.9223128332,12.95327212641105,2025-01-31,-8,0.02173319383866179
43130,2024-05-31,261184.4942395355,12.472982311067716,2023-12-31,5,0.03617359007606247
78245,2024-05-31,276455.6830286225,12.529805808721079,2024-04-30,1,-0.00127767186500094
97124,2024-05-31,559572.0505333723,13.234927575089001,2023-07-31,10,0.014711078515979636
78251,2024-05-31,277861.04491612763,12.534876429280708,2024-06-30,-1,0.000735856565306392
85338,2024-05-31,457710.3092836328,13.033991750494762,2023-03-31,14,0.022843059663387066
37066,2024-05-31,442210.3419156368,12.999540934548639,2026-05-31,-24,-0.00467592100901193
83634,2024-05-31,462516.6942808165,13.044437931025486,2026-05-31,-24,-0.009260758412830583
20136,2024-05-31,703486.6511678029,13.463804180470703,2024-03-31,2,0.019782923938331365
76065,2024-05-31,471254.60230028373,13.063153783851117,2026-03-31,-22,0.016896798977402483
51503,2024-05-31,290990.5593016692,12.581046103365063,2024-10-31,-5,-0.016593949947608877
68142,2024-05-31,373333.28274906706,12.830226819109589,2024-03-31,2,0.0026373800323824526
46552,2024-05-31,254486.1868997131,12.447001838056579,2025-05-31,-12,-0.050424382647445753
76207,2024-05-31,377942.8417259238,12.842498250802702,2025-04-30,-11,0.010806648207985603
74361,2024-05-31,205540.7874593071,12.233399772344768,2024-06-30,-1,-0.003944059930445221
20166,2024-05-31,618285.1795243832,13.334705085543035,2026-05-31,-24,-0.008416523490621941
36105,2024-05-31,49418.7041698684,10.808084258435342,2026-05-31,-24,0.033116193443488484
68138,2024-05-31,285382.1525679715,12.56158444726911,2022-12-31,17,0.08809242043980525
23836,2024-05-31,428038.63200612087,12.966968732187135,2023-12-31,5,0.026917129860741795
23150,2024-05-31,306089.0857395337,12.631631468432198,2023-12-31,5,0.019675193291654125
14012,2024-06-30,225054.08474394292,12.324096028940469,2025-09-30,-15,-0.03809615456378879
58436,2024-06-30,133929.7534181267,11.805070713254457,2025-09-30,-15,0.010009788369842454
52228,2024-06-30,318950.3053186464,12.672790586931429,2026-03-31,-21,-0.048854880963350666
28905,2024-06-30,232463.6195209335,12.356489016587249,2026-02-28,-20,-0.025438805521956098
79601,2024-06-30,198077.9738124691,12.196416039288676,2025-08-31,-14,-0.006321875319606818
53403,2024-06-30,201230.38838711183,12.212205741524206,2026-03-31,-21,-0.06836926176416824
43054,2024-06-30,558515.7310919346,13.233038063776787,2024-03-31,3,0.017720811542590198
39157,2024-06-30,273710.67387804104,12.519826892726666,2026-04-30,-22,-0.05043009912233387
39046,2024-06-30,221166.4015429525,12.30667064533479,2025-05-31,-11,-0.030324512278506077
35810,2024-06-30,186302.26721410104,12.135125726210214,2026-02-28,-20,0.08327641925818163
55068,2024-06-30,407538.815586264,12.917891460099206,2026-05-31,-23,-0.016749590702408668
30214,2024-06-30,408311.6077974974,12.919785906483513,2025-09-30,-15,0.018966255328214388
08361,2024-06-30,329714.48794162675,12.705982370895782,2026-03-31,-21,-0.08223464503035238
18603,2024-06-30,211507.24985839133,12.262014555171248,2025-08-31,-14,-0.004475791818565611
76504,2024-06-30,207323.21746933367,12.242034291522085,2025-11-30,-17,0.0649622028308805
97058,2024-06-30,385330.8034871244,12.861857474179965,2025-02-28,-8,-0.005363762538127759
82007,2024-06-30,301626.1467263324,12.616943604747979,2026-06-30,-24,-0.07863298725868262
47130,2024-06-30,244116.2633363623,12.405399879873915,2026-05-31,-23,-0.0473538663252544
30721,2024-06-30,222161.8371869843,12.311161391603422,2026-01-31,-19,-0.04987612314976886
84005,2024-06-30,514783.09481576853,13.15150091581171,2025-11-30,-17,-0.002528228260661791
20109,2024-06-30,439664.4099112579,12.99376701014006,2024-09-30,-3,-0.012615247643566363
38109,2024-06-30,97508.28070629388,11.487692583700525,2024-07-31,-1,-0.012802707440062733
43207,2024-06-30,210898.49411412084,12.259132226157451,2024-03-31,3,0.016948007295258805
87031,2024-06-30,317294.9449984215,12.667587046144103,2026-02-28,-20,-0.033567613469838165
75154,2024-06-30,368389.2928911402,12.816895519127518,2025-07-31,-13,0.022175425946402427
30318,2024-06-30,420324.0901677788,12.948781335952575,2025-01-31,-7,0.017242403380185678
43130,2024-06-30,262340.93055967015,12.477400198514138,2023-12-31,6,0.04059147752248471
78245,2024-06-30,276076.68194636353,12.528433939249807,2024-04-30,2,-0.0026495413362734865
97124,2024-06-30,559290.037871323,13.234423468870828,2023-07-31,11,0.01420697229780643
78251,2024-06-30,277656.65425231174,12.534140572715401,2024-06-30,0,0.0
85338,2024-06-30,457703.0251036975,13.033975835979074,2023-03-31,15,0.022827145147699568
37066,2024-06-30,441695.343722633,12.998375655809863,2026-05-31,-23,-0.005841199747788295
83634,2024-06-30,463246.151563094,13.046013836640014,2026-05-31,-23,-0.007684852798302444
20136,2024-06-30,709231.8644979716,13.471937782373045,2024-03-31,3,0.0279165258406735
76065,2024-06-30,470032.5236515468,13.060557170550693,2026-03-31,-21,0.014300185676978217
51503,2024-06-30,292215.81938850094,12.585247915739853,2024-10-31,-4,-0.012392137572819095
29847,2024-06-30,219327.3964565536,12.298320853445741,2026-06-30,-24,0.012317822250953014
68142,2024-06-30,373367.407934428,12.830318221691133,2024-03-31,3,0.002728782613926839
46552,2024-06-30,255900.91364940297,12.45254559247915,2025-05-31,-11,-0.04488062822487393
76207,2024-06-30,377132.5750555413,12.840352062585232,2025-04-30,-10,0.00866045999051579
74361,2024-06-30,206353.05340303783,12.237343832275213,2024-06-30,0,0.0
20166,2024-06-30,620577.7206716338,13.338406130693023,2026-05-31,-23,-0.004715478340633794
36105,2024-06-30,50642.65314523389,10.832549447729079,2026-05-31,-23,0.057581382737225795
68138,2024-06-30,285502.4630577963,12.562005935213655,2022-12-31,18,0.0885139083843498
23836,2024-06-30,429398.9094881117,12.97014162480578,2023-12-31,6,0.030090022479386747
23150,2024-06-30,307804.7581919755,12.637220958980802,2023-12-31,6,0.025264683840257263
14012,2024-07-31,226834.33450491785,12.33197522608391,2025-09-30,-14,-0.0302169574203468
58436,2024-07-31,134673.9751090315,11.810612137414202,2025-09-30,-14,0.015551212529587133
68059,2024-07-31,437825.4819524965,12.989575666928237,2026-07-31,-24,-0.06659301752491942
52228,2024-07-31,319656.7903976598,12.675003169196705,2026-03-31,-20,-0.04664229869807457
28905,2024-07-31,233220.4520858603,12.359739431524808,2026-02-28,-19,-0.0221883905843967
79019,2024-07-31,217802.56574471676,12.291344269690383,2026-07-31,-24,-0.08549758013757724
84013,2024-07-31,546446.7221831557,13.211192092702998,2026-07-31,-24,0.006996079289514512
79601,2024-07-31,197465.1429074233,12.193317356138854,2025-08-31,-13,-0.009420558469429352
53403,2024-07-31,202416.22233868492,12.218081363078305,2026-03-31,-20,-0.062493640210069756
43054,2024-07-31,559893.8998781485,13.235502580257359,2024-03-31,4,0.020185328023162086
39157,2024-07-31,273781.51203621115,12.520085665948962,2026-04-30,-21,-0.050171325900038255
39046,2024-07-31,221346.20333299387,12.307483285688784,2025-05-31,-10,-0.029511871924512434
35810,2024-07-31,185166.07198589455,12.129008387791226,2026-02-28,-19,0.0771590808391931
55068,2024-07-31,406909.19153378886,12.916345322905917,2026-05-31,-22,-0.018295727895697667
30214,2024-07-31,408438.2584223025,12.920096039686,2025-09-30,-14,0.019276388530700572
08361,2024-07-31,331630.0765845896,12.711775399531207,2026-03-31,-20,-0.07644161639492708
18603,2024-07-31,210809.9277694699,12.258712190220974,2025-08-31,-13,-0.00777815676883975
76504,2024-07-31,206611.53600916543,12.23859567152008,2025-11-30,-16,0.061523582828876044
46806,2024-07-31,115866.95327322948,11.660197857291642,2026-07-31,-24,-0.01091322148191054
97058,2024-07-31,385127.81609410624,12.861330548028304,2025-02-28,-7,-0.005890688689788703
82007,2024-07-31,301678.4343999853,12.617116942313844,2026-06-30,-23,-0.07845964969281738
47130,2024-07-31,244411.6626227434,12.406609224546703,2026-05-31,-22,-0.04614452165246696
30721,2024-07-31,223083.1699826666,12.315299940473652,2026-01-31,-18,-0.045737574279538507
84005,2024-07-31,512860.13540198194,13.147758446437772,2025-11-30,-16,-0.006270697634599642
20109,2024-07-31,441562.8608495841,12.998075669071314,2024-09-30,-2,-0.008306588712311935
38109,2024-07-31,98764.67616772409,11.500495291140588,2024-07-31,0,0.0
43207,2024-07-31,211169.59142179124,12.260416840437669,2024-03-31,4,0.01823262157547667
87031,2024-07-31,317281.43979542895,12.667544481676474,2026-02-28,-19,-0.0336101779374669
75154,2024-07-31,367504.4205506274,12.814490626271875,2025-07-31,-12,0.01977053309075849
30318,2024-07-31,418449.8690705116,12.944312374569375,2025-01-31,-6,0.012773441996985824
43130,2024-07-31,263158.9364592833,12.480513449769376,2023-12-31,7,0.04370472877772258
78245,2024-07-31,275359.96703586285,12.525834491732484,2024-04-30,3,-0.005248988853596259
97124,2024-07-31,559248.3487034658,13.2343489266497,2023-07-31,12,0.014132430076678304
78251,2024-07-31,277018.26867713116,12.531838734897745,2024-06-30,1,-0.0023018378176562493
85338,2024-07-31,456804.6736250284,13.03201116849977,2023-03-31,16,0.020862477668394774
37066,2024-07-31,440712.1774534096,12.996147282518685,2026-05-31,-22,-0.008069573038966382
83634,2024-07-31,463786.6738389116,13.047179970831298,2026-05-31,-22,-0.006518718607019025
20136,2024-07-31,712833.5075985659,13.477003162449373,2024-03-31,4,0.03298190591700134
76065,2024-07-31,468585.1204882933,13.057473051432385,2026-03-31,-20,0.01121606655867069
52404,2024-07-31,192922.20686170217,12.170042313375733,2026-07-31,-24,-0.05723898423647533
51503,2024-07-31,292989.09664685605,12.587890674497425,2024-10-31,-3,-0.009749378815246956
29847,2024-07-31,220603.14148918187,12.304120626358264,2026-06-30,-23,0.018117595163475997
68142,2024-07-31,373624.1258388858,12.83100555990839,2024-03-31,4,0.0034161208311829228
46552,2024-07-31,256902.28509811472,12.456451077951817,2025-05-31,-10,-0.040975142752207816
74401,2024-07-31,126062.50654484944,11.744533146614064,2026-07-31,-24,0.012381539580600176
76207,2024-07-31,376521.9405355828,12.838731599519072,2025-04-30,-9,0.007039996924355307
74361,2024-07-31,206356.14139253157,12.237358796756416,2024-06-30,1,1.496448120263949e-05
20166,2024-07-31,621176.287430986,13.339370197330709,2026-05-31,-22,-0.0037514117029484595
36105,2024-07-31,51358.9508232107,10.846594510258203,2026-05-31,-22,0.0716264452663502
44481,2024-07-31,208572.57774498416,12.248042354350252,2026-07-31,-24,-0.13259617499984344
68138,2024-07-31,285709.2290391919,12.56272989094946,2022-12-31,19,0.08923786412015389
23836,2024-07-31,429713.94697310985,12.970875026702284,2023-12-31,7,0.030823424375890696
23150,2024-07-31,309322.49358288734,12.642139680189532,2023-12-31,7,0.03018340504898731
71269,2024-07-31,187391.8195907462,12.140956995703187,2026-07-31,-24,0.04059297346076285
14012,2024-08-31,228513.0291677077,12.339348508118398,2025-09-30,-13,-0.022843675385859186
58436,2024-08-31,135341.01442327225,11.815552905127362,2025-09-30,-13,0.020491980242747232
68059,2024-08-31,438865.86152499495,12.991949090753218,2026-07-31,-23,-0.06421959369993857
52228,2024-08-31,320476.8055461864,12.677565183133375,2026-03-31,-19,-0.0440802847614048
28905,2024-08-31,233493.23448885643,12.360908381319533,2026-02-28,-18,-0.021019440789672217
79019,2024-08-31,216570.7890658743,12.285672743262722,2026-07-31,-23,-0.09116910656523736
84013,2024-08-31,546053.685190702,13.210472574418597,2026-07-31,-23,0.00627656100511409
79601,2024-08-31,196957.0466381485,12.190740946576717,2025-08-31,-12,-0.011996968031565913
53403,2024-08-31,203307.4698820722,12.222474742089837,2026-03-31,-19,-0.05810026119853795
43054,2024-08-31,561308.6534948045,13.23802621769156,2024-03-31,5,0.02270896545736356
39157,2024-08-31,274050.09265142976,12.521066188556416,2026-04-30,-20,-0.04919080329258385
39046,2024-08-31,221475.4750173072,12.30806714006767,2025-05-31,-9,-0.028928017545625906
35810,2024-08-31,183863.42783764633,12.121948520981832,2026-02-28,-18,0.07009921402979913
55068,2024-08-31,406862.1276997267,12.916229654454591,2026-05-31,-21,-0.018411396347023157
30214,2024-08-31,408981.714334157,12.921425725796052,2025-09-30,-13,0.020606074640753036
08361,2024-08-31,333490.132910122,12.71736855742373,2026-03-31,-19,-0.07084845850240384
18603,2024-08-31,209718.6325418979,12.253522066266097,2025-08-31,-12,-0.01296828072371703
76504,2024-08-31,205791.42542266057,12.23461843690117,2025-11-30,-15,0.05754634820996607
46806,2024-08-31,116966.16579735518,11.669639990739755,2026-07-31,-23,-0.0014710880337975851
97058,2024-08-31,384498.28477222146,12.859694606987382,2025-02-28,-6,-0.00752662973071061
82007,2024-08-31,301826.09994170326,12.617606302496783,2026-06-30,-22,-0.07797028950987794
47130,2024-08-31,244662.6755058783,12.407635706149216,2026-05-31,-21,-0.04511804004995312
30721,2024-08-31,223834.87764642373,12.318663905641861,2026-01-31,-17,-0.04237360911132981
84005,2024-08-31,511940.0201404081,13.145962748995997,2025-11-30,-15,-0.008066395076374633
20109,2024-08-31,443352.2270138856,13.002119827946288,2024-09-30,-1,-0.004262429837337933
38109,2024-08-31,98862.28055273116,11.501483055103183,2024-07-31,1,0.000987763962594812
43207,2024-08-31,211266.2982781556,12.260874693855959,2024-03-31,5,0.018690474993766415
87031,2024-08-31,317624.6704098196,12.66862568295115,2026-02-28,-18,-0.032528976662790754
75154,2024-08-31,367152.3437320821,12.813532146441247,2025-07-31,-11,0.018812053260131023
30318,2024-08-31,417156.7890128005,12.941217422949798,2025-01-31,-5,0.009678490377408977
43130,2024-08-31,263947.0572683438,12.483503821367275,2023-12-31,8,0.04669510037562219
78245,2024-08-31,274829.4115235494,12.523905862437031,2024-04-30,4,-0.0071776181490488256
97124,2024-08-31,559850.0687307132,13.235424292454637,2023-07-31,13,0.015207795881615027
78251,2024-08-31,276515.21724875417,12.530021133687843,2024-06-30,2,-0.0041194390275585135
85338,2024-08-31,455474.9669308758,13.029096036830284,2023-03-31,17,0.017947345998909014
37066,2024-08-31,440009.3980270417,12.994551364818708,2026-05-31,-21,-0.00966549073894285
83634,2024-08-31,464601.8998689608,13.048936188567426,2026-05-31,-21,-0.004762500870890918
20136,2024-08-31,716010.3680130234,13.481449926303059,2024-03-31,5,0.03742866977068715
76065,2024-08-31,467916.4432789029,13.056045018957276,2026-03-31,-19,0.009788034083561215
52404,2024-08-31,192383.63678220464,12.167246765687425,2026-07-31,-23,-0.06003453192478325
51503,2024-08-31,293877.90119373944,12.590919657996922,2024-10-31,-2,-0.006720395315749528
29847,2024-08-31,221863.82290535144,12.309819062305069,2026-06-30,-22,0.023816031110280633
68142,2024-08-31,374186.52962823305,12.832509694387534,2024-03-31,5,0.0049202553103278035
46552,2024-08-31,257577.2139605482,12.459074814177855,2025-05-31,-9,-0.03835140652616964
74401,2024-08-31,129029.93549529785,11.767799714525577,2026-07-31,-23,0.03564810749211311
76207,2024-08-31,376597.1406470253,12.838931302629964,2025-04-30,-8,0.007239700035247765
74361,2024-08-31,205922.5477446837,12.235255395250908,2024-06-30,2,-0.0020884370243052786
20166,2024-08-31,622161.9136651673,13.340955649204982,2026-05-31,-21,-0.002165959828674957
36105,2024-08-31,51487.54119332432,10.849095138808583,2026-05-31,-21,0.07412707381672945
44481,2024-08-31,209621.22275852156,12.253057479922123,2026-07-31,-23,-0.1275810494279721
68138,2024-08-31,286054.8218435124,12.563938756200338,2022-12-31,20,0.09044672937103293
23836,2024-08-31,430330.38140267105,12.972308521499663,2023-12-31,8,0.03225691917326934
23150,2024-08-31,310891.83275125414,12.647200326004956,2023-12-31,8,0.03524405086441185
71269,2024-08-31,186839.33552585775,12.13800435822917,2026-07-31,-23,0.037640335986745654
14012,2024-09-30,229694.02916877103,12.34450339429829,2025-09-30,-12,-0.017688789205967836
58436,2024-09-30,135369.2291116926,11.81576135448749,2025-09-30,-12,0.02070042960287566
68059,2024-09-30,440359.8893185617,12.995347601841228,2026-07-31,-22,-0.060821082611928645
52228,2024-09-30,321443.6648622563,12.68057758137207,2026-03-31,-18,-0.04106788652270943
28905,2024-09-30,234002.38991552117,12.363086607601875,2026-02-28,-17,-0.01884121450732934
79019,2024-09-30,216057.31044611023,12.283298977612946,2026-07-31,-22,-0.09354287221501423
84013,2024-09-30,546007.96148668,13.210388836098168,2026-07-31,-22,0.00619282268468524
79601,2024-09-30,196445.98918265733,12.188142808298966,2025-08-31,-11,-0.014595106309316819
53403,2024-09-30,203729.43165363176,12.224548077068192,2026-03-31,-18,-0.05602692622018246
43054,2024-09-30,562881.9747996343,13.240825248909973,2024-03-31,6,0.025507996675775857
39157,2024-09-30,274260.799212716,12.521834754619153,2026-04-30,-19,-0.04842223722984684
39046,2024-09-30,221510.45097212985,12.308225050072677,2025-05-31,-8,-0.028770107540619705
35810,2024-09-30,182694.06233527968,12.115568242304752,2026-02-28,-17,0.06371893535271944
55068,2024-09-30,407611.19730568706,12.918069051262718,2026-05-31,-20,-0.016571999538896875
30214,2024-09-30,409073.0615974988,12.92164905378437,2025-09-30,-12,0.020829402629070515
08361,2024-09-30,335521.6715153617,12.723441827988388,2026-03-31,-18,-0.06477518793774628
18603,2024-09-30,208358.94743706656,12.2470175801909,2025-08-31,-11,-0.01947276679891452
76504,2024-09-30,204804.67784144907,12.229812012909338,2025-11-30,-14,0.05273992421813389
46806,2024-09-30,117230.10136529792,11.671893960735789,2026-07-31,-22,0.0007828819622357486
97058,2024-09-30,384048.068150993,12.858523001212362,2025-02-28,-5,-0.008698235505731233
82007,2024-09-30,302266.54127872456,12.619064494121746,2026-06-30,-21,-0.07651209788491542
47130,2024-09-30,244738.6355898412,12.407946126586802,2026-05-31,-20,-0.04480761961236723
30721,2024-09-30,224091.85260108075,12.319811303041911,2026-01-31,-16,-0.0412262117112796
84005,2024-09-30,512346.7408532114,13.146756903035017,2025-11-30,-14,-0.007272241037354021
20109,2024-09-30,445246.0179830785,13.006382257783626,2024-09-30,0,0.0
38109,2024-09-30,98936.71688404218,11.502235701332834,2024-07-31,2,0.0017404101922462445
43207,2024-09-30,211305.2891010167,12.261059234530894,2024-03-31,6,0.018875015668701423
87031,2024-09-30,318551.2793640488,12.671538743747679,2026-02-28,-17,-0.029615915866262554
75154,2024-09-30,367160.014202502,12.813553038015078,2025-07-31,-10,0.018832944833961918
30318,2024-09-30,416554.5851812008,12.93977278885946,2025-01-31,-4,0.008233856287070296
43130,2024-09-30,264619.0026727508,12.48604634468578,2023-12-31,9,0.04923762369412721
78245,2024-09-30,274126.62115007796,12.521345399610876,2024-04-30,5,-0.0097380809752039
97124,2024-09-30,561192.3116874631,13.237818927343726,2023-07-31,14,0.017602430770704558
78251,2024-09-30,275883.62649805314,12.527734412659834,2024-06-30,3,-0.006406160055567156
85338,2024-09-30,454388.2993219095,13.026707396325836,2023-03-31,18,0.015558705494461478
37066,2024-09-30,439862.2395911064,12.994216865032566,2026-05-31,-20,-0.009999990525084712
83634,2024-09-30,465832.92659542727,13.051582322202494,2026-05-31,-20,-0.002116367235823091
20136,2024-09-30,719130.6445942047,13.485798323387986,2024-03-31,6,0.04177706685561411
76065,2024-09-30,467848.3619790648,13.055899509531027,2026-03-31,-18,0.009642524657312634
52404,2024-09-30,191851.68430443725,12.164477874914315,2026-07-31,-22,-0.0628034226978933
51503,2024-09-30,294764.4650613651,12.59393189289134,2024-10-31,-1,-0.0037081604213309305
29847,2024-09-30,222078.3151944056,12.310785369791278,2026-06-30,-21,0.024782338596489595
68142,2024-09-30,374706.6200896167,12.833898652332183,2024-03-31,6,0.0063092132549762425
46552,2024-09-30,258382.82355705788,12.462197576378795,2025-05-31,-8,-0.03522864432522965
74401,2024-09-30,130664.87050502504,11.780391083875,2026-07-31,-22,0.04823947684153573
76207,2024-09-30,377214.6665126187,12.840569711574659,2025-04-30,-7,0.008878108979942567
74361,2024-09-30,204989.54709110793,12.230714267021048,2024-06-30,3,-0.00662956525416547
20166,2024-09-30,623639.4564075122,13.343327686145429,2026-05-31,-20,0.00020607711177156318
36105,2024-09-30,50860.251313664594,10.836836980247122,2026-05-31,-20,0.061868915255269386
44481,2024-09-30,210095.81781595695,12.255318980951758,2026-07-31,-22,-0.1253195483983376
68138,2024-09-30,286813.6570449369,12.566588005280064,2022-12-31,21,0.09309597845075857
23836,2024-09-30,431226.9873165626,12.974389883159661,2023-12-31,9,0.03433828083326773
23150,2024-09-30,311883.2443414013,12.650384179900536,2023-12-31,9,0.038427904759991804
71269,2024-09-30,185909.3648220808,12.13301454803019,2026-07-31,-22,0.032650525787765616
14012,2024-10-31,230882.52816601895,12.349664324077766,2025-09-30,-11,-0.012527859426491261
58436,2024-10-31,136235.19296066245,11.822138031101805,2025-09-30,-11,0.02707710621718995
68059,2024-10-31,441911.43754155195,12.998864773430526,2026-07-31,-21,-0.05730391102263077
52228,2024-10-31,322422.13704495266,12.68361695054819,2026-03-31,-17,-0.0380285173465893
28905,2024-10-31,234852.3540524067,12.366712315047259,2026-02-28,-16,-0.015215507061945743
79019,2024-10-31,216007.8223576503,12.28306990062932,2026-07-31,-21,-0.09377194919863996
84013,2024-10-31,546447.6586556666,13.211193806450506,2026-07-31,-21,0.006997793037022859
79601,2024-10-31,196231.34135810705,12.1870495552424,2025-08-31,-10,-0.015688359365883642
53403,2024-10-31,204291.73488268125,12.227304324200187,2026-03-31,-17,-0.05327067908818783
43054,2024-10-31,564945.0683737049,13.244483781284671,2024-03-31,7,0.029166529050474566
39157,2024-10-31,274515.24890330853,12.522762089949113,2026-04-30,-18,-0.0474949018998867
39046,2024-10-31,222123.75213348237,12.31098994758403,2025-05-31,-7,-0.02600521002926648
35810,2024-10-31,181705.42947649493,12.110142135481544,2026-02-28,-16,0.05829282852951145
55068,2024-10-31,408972.9774483484,12.921404363033794,2026-05-31,-19,-0.013236687767820499
30214,2024-10-31,409103.3241705411,12.921723029454121,2025-09-30,-11,0.02090337829882216
08361,2024-10-31,337341.4919771062,12.728851025571853,2026-03-31,-17,-0.059365990354281806
18603,2024-10-31,208305.84275033875,12.246762676545254,2025-08-31,-10,-0.01972767044455992
76504,2024-10-31,204003.17390064572,12.225890831041822,2025-11-30,-13,0.04881874235061723
46806,2024-10-31,117106.30340649252,11.670837377398318,2026-07-31,-21,-0.00027370137523519134
97058,2024-10-31,383948.96835987904,12.858264927842406,2025-02-28,-4,-0.008956308875687213
82007,2024-10-31,302901.85061759385,12.621164106661881,2026-06-30,-20,-0.07441248534478007
47130,2024-10-31,244759.89150422477,12.408032974302252,2026-05-31,-19,-0.04472077189691781
30721,2024-10-31,224180.38417131177,12.320206293247058,2026-01-31,-15,-0.040831221506133275
84005,2024-10-31,513451.8026389946,13.148911443456766,2025-11-30,-13,-0.005117700615604903
20109,2024-10-31,447364.28915629536,13.011128506247877,2024-09-30,1,0.0047462484642508684
38109,2024-10-31,99317.68577515447,11.506078938657469,2024-07-31,3,0.005583647516880674
43207,2024-10-31,211117.01868912252,12.26016784967319,2024-03-31,7,0.017983630810997298
87031,2024-10-31,319551.9407669728,12.674675108497546,2026-02-28,-16,-0.026479551116395328
75154,2024-10-31,367011.4836890403,12.813148417252995,2025-07-31,-9,0.018428324071878777
30318,2024-10-31,415734.8278314408,12.93780290289905,2025-01-31,-3,0.006263970326660484
43130,2024-10-31,265126.1201991322,12.487960917031588,2023-12-31,10,0.051152196039934594
78245,2024-10-31,273359.0969229284,12.518541583165515,2024-04-30,6,-0.012541897420565107
97124,2024-10-31,562529.6443051215,13.240199112658948,2023-07-31,15,0.019982616085925997
78251,2024-10-31,275234.0423359039,12.525377077739556,2024-06-30,4,-0.008763494975845276
85338,2024-10-31,453792.0277182842,13.025394283342544,2023-03-31,19,0.014245592511169747
37066,2024-10-31,439585.9219208983,12.993588476251071,2026-05-31,-19,-0.01062837930657956
83634,2024-10-31,466581.9770341373,13.0531890116643,2026-05-31,-19,-0.0005096777740174474
20136,2024-10-31,723565.711293492,13.49194664510839,2024-03-31,7,0.04792538857601869
76065,2024-10-31,468104.7558149983,13.056447387063507,2026-03-31,-17,0.01019040218979228
52404,2024-10-31,191729.30632135016,12.16383979330845,2026-07-31,-21,-0.06344150430375883
51503,2024-10-31,295859.528064163,12.597640053312672,2024-10-31,0,0.0
29847,2024-10-31,221952.1935271273,12.310217293192066,2026-06-30,-20,0.02421426199727783
68142,2024-10-31,375068.9848244549,12.834865247565947,2024-03-31,7,0.007275808488740765
46552,2024-10-31,259761.782960754,12.46752027063042,2025-05-31,-7,-0.02990595007360497
74401,2024-10-31,131188.66957199766,11.78439179179336,2026-07-31,-21,0.05224018475989567
76207,2024-10-31,377845.42206797615,12.842240454636357,2025-04-30,-6,0.0105488520416408
74361,2024-10-31,204451.9380508626,12.22808820508688,2024-06-30,4,-0.009255627188332838
20166,2024-10-31,625984.4109915054,13.347080747202682,2026-05-31,-19,0.003959138169024712
36105,2024-10-31,50129.67181369287,10.822368363531409,2026-05-31,-19,0.04740029853955541
44481,2024-10-31,210671.8550170069,12.258057012402901,2026-07-31,-21,-0.12258151694719466
68138,2024-10-31,287579.929638048,12.569256116712559,2022-12-31,22,0.09576408988325369
23836,2024-10-31,432474.324522824,12.977278238326738,2023-12-31,10,0.03722663600034437
23150,2024-10-31,312570.5213022492,12.65258539086656,2023-12-31,10,0.04062911572601635
71269,2024-10-31,184707.57658525484,12.12652918638148,2026-07-31,-21,0.026165164139056785
14012,2024-11-30,230884.9998513409,12.349675029400993,2025-09-30,-10,-0.01251715410326426
58436,2024-11-30,136634.60040628674,11.825065491308669,2025-09-30,-10,0.030004566424054246
68059,2024-11-30,443367.9927724911,13.002155387660064,2026-07-31,-20,-0.054013296793092636
52228,2024-11-30,322981.30998602416,12.68534973671026,2026-03-31,-16,-0.03629573118452001
28905,2024-11-30,235005.97310976495,12.367366210291639,2026-02-28,-15,-0.01456161181756599
79019,2024-11-30,216658.54388692905,12.286077862748316,2026-07-31,-20,-0.09076398707964373
84013,2024-11-30,546433.7716329569,13.211168392856084,2026-07-31,-20,0.0069723794426010954
79601,2024-11-30,196112.63618983436,12.186444447588466,2025-08-31,-9,-0.016293467019817598
53403,2024-11-30,205317.72499189037,12.232313936308403,2026-03-31,-16,-0.0482610669799719
43054,2024-11-30,566567.0448398868,13.247350701679407,2024-03-31,8,0.03203344944521014
39157,2024-11-30,275152.56183269416,12.52508099312126,2026-04-30,-17,-0.04517599872773914
39046,2024-11-30,223543.457671453,12.317361115617476,2025-05-31,-6,-0.019634041995820084
35810,2024-11-30,180803.47309334847,12.105165936342816,2026-02-28,-15,0.05331662939078363
55068,2024-11-30,410749.4607460166,12.925738723046594,2026-05-31,-18,-0.008902327755020423
30214,2024-11-30,409161.87041507807,12.92186612791419,2025-09-30,-10,0.02104647675889204
08361,2024-11-30,338633.024812882,12.732672277335855,2026-03-31,-16,-0.05554473859027986
18603,2024-11-30,208825.79632889247,12.249255672995945,2025-08-31,-9,-0.01723467399386891
76504,2024-11-30,203226.32663027145,12.22207554648261,2025-11-30,-12,0.04500345779140602
46806,2024-11-30,116557.65219506469,11.66614129820796,2026-07-31,-20,-0.004969780565593496
97058,2024-11-30,384050.48087330646,12.858529283537244,2025-02-28,-3,-0.0086919531808487
82007,2024-11-30,304082.2878870692,12.625053627599142,2026-06-30,-19,-0.0705229644075196
47130,2024-11-30,245168.0907762975,12.409699339079495,2026-05-31,-18,-0.043054407119674565
30721,2024-11-30,224087.0306516751,12.319789785074038,2026-01-31,-14,-0.04124772967915291
84005,2024-11-30,514576.5569728943,13.151099621967937,2025-11-30,-12,-0.0029295221044343123
20109,2024-11-30,449200.6398425629,13.015224926250047,2024-09-30,2,0.008842668466421344
38109,2024-11-30,100409.61396463572,11.517013238275272,2024-07-31,4,0.016517947134683908
43207,2024-11-30,211123.1154837288,12.260196728001484,2024-03-31,8,0.01801250913929131
87031,2024-11-30,320438.52182010544,12.677445717349075,2026-02-28,-15,-0.023708942264866195
75154,2024-11-30,366708.8080399377,12.812323373514438,2025-07-31,-8,0.017603280333322147
30318,2024-11-30,414951.8054962216,12.935917661134663,2025-01-31,-2,0.004378728562274503
43130,2024-11-30,265394.66151632654,12.488973285818581,2023-12-31,11,0.05216456482692777
78245,2024-11-30,272480.8554808293,12.515323635501208,2024-04-30,7,-0.01575984508487238
97124,2024-11-30,564022.161587437,13.24284882330297,2023-07-31,16,0.02263232672994775
78251,2024-11-30,274466.32748990343,12.522583863882382,2024-06-30,5,-0.011556708833019513
85338,2024-11-30,453106.1338714878,13.023881668130333,2023-03-31,20,0.012732977298957948
37066,2024-11-30,439265.747062401,12.992859855292696,2026-05-31,-18,-0.011357000264954564
83634,2024-11-30,466825.47955093347,13.05371076134736,2026-05-31,-18,1.207190904395361e-05
20136,2024-11-30,728066.9019685338,13.498148221264858,2024-03-31,8,0.054126964732486016
76065,2024-11-30,468349.35245979513,13.0569697760374,2026-03-31,-16,0.010712791163685509
52404,2024-11-30,192444.0521758805,12.16756075241918,2026-07-31,-20,-0.05972054519302894
51503,2024-11-30,296699.1778277241,12.600474035219206,2024-10-31,1,0.0028339819065337224
29847,2024-11-30,221720.03104276175,12.309170743542579,2026-06-30,-19,0.02316771234779047
68142,2024-11-30,375190.3645679092,12.835188814995295,2024-03-31,8,0.007599375918088569
46552,2024-11-30,261069.11997993733,12.472540478753555,2025-05-31,-6,-0.02488574195047022
74401,2024-11-30,130646.11373593556,11.780247524895447,2026-07-31,-20,0.04809591786198375
76207,2024-11-30,378144.40585970384,12.843031427732212,2025-04-30,-5,0.011339825137495652
74361,2024-11-30,203834.065356695,12.225061536718673,2024-06-30,5,-0.012282295556540035
20166,2024-11-30,628811.5489121663,13.351586886519065,2026-05-31,-18,0.008465277485408151
36105,2024-11-30,48980.19162188378,10.79917124274603,2026-05-31,-18,0.024203177754177574
44481,2024-11-30,211129.68590916984,12.26022784881546,2026-07-31,-20,-0.12041068053463633
68138,2024-11-30,288390.4828048305,12.572070683865169,2022-12-31,23,0.09857865703586377
23836,2024-11-30,433143.57874747337,12.978824542661416,2023-12-31,11,0.0387729403350221
23150,2024-11-30,313197.48105338844,12.65458920045274,2023-12-31,11,0.04263292531219598
71269,2024-11-30,184382.45194504136,12.124767422588501,2026-07-31,-20,0.024403400346077575
14012,2024-12-31,230705.12389637184,12.34889565412921,2025-09-30,-9,-0.013296529375047328
58436,2024-12-31,136738.59142311558,11.825826290282036,2025-09-30,-9,0.030765365397421363
68059,2024-12-31,445735.6974941513,13.007481448826203,2026-07-31,-19,-0.04868723562695365
52228,2024-12-31,323664.9736775921,12.687464227935417,2026-03-31,-15,-0.03418123995936284
28905,2024-12-31,236014.47259535737,12.371648406684072,2026-02-28,-14,-0.01027941542513311
79019,2024-12-31,218284.22086738748,12.293553258053782,2026-07-31,-19,-0.08328859177417769
84013,2024-12-31,546429.3148108908,13.211160236624766,2026-07-31,-19,0.006964223211282317
79601,2024-12-31,196213.42764968105,12.18695826235304,2025-08-31,-8,-0.015779652255243803
53403,2024-12-31,206841.18767282565,12.239706568481807,2026-03-31,-15,-0.04086843480656732
43054,2024-12-31,568489.14126054,13.250737491305241,2024-03-31,9,0.03542023907104408
39157,2024-12-31,276037.26683242695,12.528291160339435,2026-04-30,-16,-0.041965831509564566
39046,2024-12-31,225402.15735086208,12.325641451752578,2025-05-31,-5,-0.011353705860718932
35810,2024-12-31,179966.07500435994,12.10052363991123,2026-02-28,-14,0.0486743329591981
55068,2024-12-31,412699.7084837367,12.93047550937681,2026-05-31,-17,-0.004165541424804076
30214,2024-12-31,408830.04667750327,12.921054814871011,2025-09-30,-9,0.020235163715712545
08361,2024-12-31,339729.27221955033,12.735904321232624,2026-03-31,-15,-0.05231269469351041
18603,2024-12-31,209040.47166873884,12.250283156548335,2025-08-31,-8,-0.016207190441479113
76504,2024-12-31,203050.58600957776,12.221210419146121,2025-11-30,-11,0.044138330454916996
46806,2024-12-31,116497.5366760948,11.665625407353142,2026-07-31,-19,-0.005485671420411009
97058,2024-12-31,385198.4244717765,12.8615138687414,2025-02-28,-2,-0.005707367976693689
82007,2024-12-31,305696.0190920778,12.630346485524191,2026-06-30,-18,-0.06523010648247052
47130,2024-12-31,246084.27080749057,12.413429320510852,2026-05-31,-17,-0.03932442568831718
30721,2024-12-31,225110.60104721793,12.324347120620272,2026-01-31,-13,-0.036690394132918414
84005,2024-12-31,515618.3905158325,13.153122217595389,2025-11-30,-11,-0.0009069264769827612
20109,2024-12-31,450643.8959204808,13.018432718836747,2024-09-30,3,0.012050461053121353
38109,2024-12-31,101368.11210785374,11.526513844427285,2024-07-31,5,0.026018553286697
43207,2024-12-31,211664.9685429634,12.262759966542868,2024-03-31,9,0.020575747680675605
87031,2024-12-31,321344.7642678936,12.680269857739654,2026-02-28,-14,-0.02088480187428665
75154,2024-12-31,366608.064603704,12.812048612519224,2025-07-31,-7,0.01732851933810764
30318,2024-12-31,414002.6316436677,12.933627609414465,2025-01-31,-1,0.0020886768420762536
43130,2024-12-31,266417.6560005515,12.492820491730543,2023-12-31,12,0.05601177073888941
78245,2024-12-31,271752.82965569315,12.512648217645687,2024-04-30,8,-0.018435262940393216
97124,2024-12-31,565399.3201041246,13.245287521736703,2023-07-31,17,0.025071025163681426
78251,2024-12-31,273978.2293716955,12.520803927365677,2024-06-30,6,-0.013336645349724563
85338,2024-12-31,452324.110929366,13.022154261428224,2023-03-31,21,0.011005570596848813
37066,2024-12-31,439194.99675742286,12.9926987773945,2026-05-31,-17,-0.011518078163151202
83634,2024-12-31,467069.3385937564,13.054233002275627,2026-05-31,-17,0.0005343128373098693
20136,2024-12-31,731798.6279651063,13.503260656688616,2024-03-31,9,0.05923940015624396
76065,2024-12-31,468703.4174320943,13.057725475183755,2026-03-31,-15,0.01146849031004038
52404,2024-12-31,193629.973349578,12.173704262861625,2026-07-31,-19,-0.05357703475058351
51503,2024-12-31,298421.9462209188,12.606263690924097,2024-10-31,2,0.008623637611425039
29847,2024-12-31,222971.27619288687,12.314798235836086,2026-06-30,-18,0.028795204641298255
68142,2024-12-31,375605.9750919642,12.836295934315283,2024-03-31,9,0.008706495238076428
46552,2024-12-31,262896.01877253555,12.479513867098309,2025-05-31,-5,-0.01791235360571619
74401,2024-12-31,130688.1955427699,11.780569578339666,2026-07-31,-19,0.04841797130620229
76207,2024-12-31,377915.7891352686,12.842426669717133,2025-04-30,-4,0.010735067122416453
74361,2024-12-31,204016.42896929945,12.225955803746885,2024-06-30,6,-0.01138802852832832
20166,2024-12-31,631847.7652377143,13.356403766324854,2026-05-31,-17,0.013282157291197194
36105,2024-12-31,48414.87021663253,10.787562281398282,2026-05-31,-17,0.012594216406428771
44481,2024-12-31,212484.16541582777,12.266622748879954,2026-07-31,-19,-0.11401578047014205
68138,2024-12-31,289274.7200372599,12.57513210393579,2022-12-31,24,0.10164007710648448
23836,2024-12-31,433518.48284899094,12.979689710623683,2023-12-31,12,0.03963810829728942
23150,2024-12-31,314207.52758711885,12.657808962464216,2023-12-31,12,0.04585268732367176
71269,2024-12-31,185078.45261858765,12.128535082377534,2026-07-31,-19,0.028171060135109727
14012,2025-01-31,230100.5678456712,12.346271743841669,2025-09-30,-8,-0.015920439662588493
58436,2025-01-31,136750.17708647737,11.825911015248488,2025-09-30,-8,0.03085009036387376
68059,2025-01-31,448235.80436671135,13.013074721956896,2026-07-31,-18,-0.043093962496261184
52228,2025-01-31,324669.8146848054,12.690563990063987,2026-03-31,-14,-0.03108147783079218
28905,2025-01-31,236972.89582577485,12.375701049972927,2026-02-28,-13,-0.0062267721362783135
79019,2025-01-31,220697.09735814587,12.304546440178937,2026-07-31,-18,-0.0722954096490227
84013,2025-01-31,547034.5889513524,13.212267313319659,2026-07-31,-18,0.00807129990617561
79601,2025-01-31,196697.11679701987,12.189420346399972,2025-08-31,-7,-0.013317568208311314
53403,2025-01-31,208821.21128209063,12.249233716431103,2026-03-31,-14,-0.031341286857271555
43054,2025-01-31,569750.3753474389,13.252953605900936,2024-03-31,10,0.03763635366673945
39157,2025-01-31,277087.1025434327,12.532087185355838,2026-04-30,-15,-0.03816980649316193
39046,2025-01-31,226601.0316126931,12.330946180137142,2025-05-31,-4,-0.00604897747615496
35810,2025-01-31,179229.48384399418,12.096422296368761,2026-02-28,-13,0.0445729894167286
55068,2025-01-31,414177.8231102186,12.934050685009062,2026-05-31,-16,-0.0005903657925525607
30214,2025-01-31,408040.4689990291,12.919121637190534,2025-09-30,-8,0.01830198603523492
08361,2025-01-31,340399.1849559816,12.737874281307107,2026-03-31,-14,-0.050342734619027496
18603,2025-01-31,209593.1473219175,12.25292353681974,2025-08-31,-7,-0.013566810170074106
76504,2025-01-31,203110.4294969287,12.221505097785869,2025-11-30,-10,0.0444330090946643
46806,2025-01-31,116775.65768370668,11.668009917413594,2026-07-31,-18,-0.0031011613599591925
97058,2025-01-31,386250.42543569306,12.864241208645119,2025-02-28,-1,-0.00298002807297415
82007,2025-01-31,307474.7488138429,12.636148245178308,2026-06-30,-17,-0.059428346828353185
47130,2025-01-31,247448.91402246177,12.418959431695768,2026-05-31,-16,-0.033794314503401424
30721,2025-01-31,226232.6332647257,12.32931909956511,2026-01-31,-12,-0.03171841518808094
84005,2025-01-31,516710.03550514457,13.155237136391959,2025-11-30,-10,0.0012079923195873477
20109,2025-01-31,451754.6682128206,13.020894542021052,2024-09-30,4,0.014512284237426343
38109,2025-01-31,102243.10216735884,11.53510861116356,2024-07-31,6,0.034613320022971905
43207,2025-01-31,212603.99081784624,12.26718651619944,2024-03-31,10,0.025002297337247015
87031,2025-01-31,322722.89412836876,12.684549321071627,2026-02-28,-13,-0.016605338542314385
75154,2025-01-31,366758.3976781158,12.812458593297592,2025-07-31,-6,0.01773850011647582
30318,2025-01-31,413138.81636391865,12.931538932572389,2025-01-31,0,0.0
43130,2025-01-31,267343.372274639,12.496289149625,2023-12-31,13,0.05948042863334635
78245,2025-01-31,271054.77774777205,12.510076211346533,2024-04-30,9,-0.0210072692395471
97124,2025-01-31,566331.1865101334,13.246934321237397,2023-07-31,18,0.026717824664375556
78251,2025-01-31,273464.5264186489,12.518927190123687,2024-06-30,7,-0.015213382591714009
85338,2025-01-31,451362.3889828079,13.020025819076318,2023-03-31,22,0.008877128244943577
37066,2025-01-31,439768.8054406163,12.994004425620908,2026-05-31,-16,-0.010212429936743206
83634,2025-01-31,467729.33383698174,13.05564506109076,2026-05-31,-16,0.0019463716524423802
20136,2025-01-31,733538.995513577,13.50563603876973,2024-03-31,10,0.06161478223735806
76065,2025-01-31,468998.72439449414,13.058355327583554,2026-03-31,-14,0.012098342709839116
52404,2025-01-31,194962.12987737873,12.180560612928472,2026-07-31,-18,-0.046720684683736025
51503,2025-01-31,300533.060856096,12.61331304639354,2024-10-31,3,0.01567299308086767
29847,2025-01-31,223953.81302998503,12.319195117746295,2026-06-30,-17,0.03319208655150696
68142,2025-01-31,375628.9894764952,12.836357205117691,2024-03-31,10,0.008767766040485014
46552,2025-01-31,264584.34911601554,12.4859153796922,2025-05-31,-4,-0.01151084101182498
74401,2025-01-31,130908.81560166512,11.782256295708766,2026-07-31,-18,0.05010468867530271
76207,2025-01-31,377590.7831378977,12.841566303892806,2025-04-30,-3,0.00987470129808976
74361,2025-01-31,204324.05232172343,12.227462504280945,2024-06-30,7,-0.009881327994268219
20166,2025-01-31,634421.6859500947,13.360469132120325,2026-05-31,-16,0.017347523086668204
36105,2025-01-31,47984.936143663544,10.778642410294639,2026-05-31,-16,0.003674345302785653
44481,2025-01-31,214242.75898709183,12.274865038862485,2026-07-31,-18,-0.10577349048761064
23836,2025-01-31,433743.1062284575,12.98020771669548,2023-12-31,13,0.04015611436908628
23150,2025-01-31,315185.12431830325,12.660915441430543,2023-12-31,13,0.048959166289998635
71269,2025-01-31,185596.69345721244,12.131331283751038,2026-07-31,-18,0.030967261508614286
14012,2025-02-28,229968.40649698037,12.345697215413557,2025-09-30,-7,-0.016494968090700723
58436,2025-02-28,136985.68567804105,11.827631715249527,2025-09-30,-7,0.03257079036491284
68059,2025-02-28,450242.7280086005,13.017542111899669,2026-07-31,-17,-0.038626572553488
52228,2025-02-28,325603.54375197104,12.69343579681042,2026-03-31,-13,-0.02820967108436001
28905,2025-02-28,238692.2172867043,12.382930207215173,2026-02-28,-12,0.0010023851059681732
79019,2025-02-28,223328.80757155156,12.316400437888717,2026-07-31,-17,-0.060441411939242684
84013,2025-02-28,547258.0693958079,13.212675760631917,2026-07-31,-17,0.008479747218434142
79601,2025-02-28,197458.3196381377,12.193282801244383,2025-08-31,-6,-0.00945511336390048
53403,2025-02-28,210445.87526604495,12.256983774415504,2026-03-31,-13,-0.023591228872870573
43054,2025-02-28,570707.8133327294,13.254632647219113,2024-03-31,11,0.0393153949849161
39157,2025-02-28,278099.63707029494,12.535734735188106,2026-04-30,-14,-0.03452225666089426
39046,2025-02-28,227549.45459184895,12.335122876570233,2025-05-31,-3,-0.0018722810430631398
35810,2025-02-28,178130.8056948684,12.090273422848599,2026-02-28,-12,0.038424115896566136
55068,2025-02-28,414624.1949177301,12.935127834535633,2026-05-31,-15,0.0004867837340185588
30214,2025-02-28,406922.48096887785,12.916377981834144,2025-09-30,-7,0.015558330678844712
08361,2025-02-28,341343.0926062371,12.740643387124583,2026-03-31,-13,-0.04757362880155114
18603,2025-02-28,210246.533201911,12.256036088766603,2025-08-31,-6,-0.010454258223211
76504,2025-02-28,203094.4745915539,12.22142654183924,2025-11-30,-9,0.04435445314803488
46806,2025-02-28,117139.45210903756,11.671120402400785,2026-07-31,-17,9.323627232049603e-06
97058,2025-02-28,387403.1793130553,12.867221236718093,2025-02-28,0,0.0
82007,2025-02-28,308657.5570143147,12.639987711612104,2026-06-30,-16,-0.05558888039455745
47130,2025-02-28,248596.62148291687,12.423586867793098,2026-05-31,-15,-0.02916687840607146
30721,2025-02-28,227279.76251935793,12.333936971646136,2026-01-31,-11,-0.02710054310705523
84005,2025-02-28,516961.9027043067,13.155724461615439,2025-11-30,-9,0.0016953175430671763
20109,2025-02-28,452622.7051759789,13.02281417702135,2024-09-30,5,0.016431919237724912
38109,2025-02-28,102775.684597095,11.540304072868633,2024-07-31,7,0.039808781728044806
43207,2025-02-28,213064.1912414494,12.269348766620299,2024-03-31,11,0.027164547758106394
87031,2025-02-28,324235.4260821268,12.689225154621537,2026-02-28,-12,-0.01192950499240375
75154,2025-02-28,366788.9079825962,12.812541778947004,2025-07-31,-5,0.017821685765888162
30318,2025-02-28,412233.26816955506,12.92934465298704,2025-01-31,1,-0.0021942795853480135
43130,2025-02-28,268342.6182952375,12.500019869476443,2023-12-31,14,0.0632111484847897
78245,2025-02-28,270105.82500757073,12.506569105662825,2024-04-30,10,-0.024514374923255033
97124,2025-02-28,565980.2597894197,13.246314479879976,2023-07-31,19,0.02609798330695412
78251,2025-02-28,272819.24286999734,12.516564740843485,2024-06-30,8,-0.017575831871916137
85338,2025-02-28,450109.78276501456,13.017246793692719,2023-03-31,23,0.006098102861344046
37066,2025-02-28,440616.1354134632,12.995929334135717,2026-05-31,-15,-0.00828752142193423
83634,2025-02-28,468715.7249585033,13.057751733504828,2026-05-31,-15,0.004053044066511191
20136,2025-02-28,734261.6953282361,13.506620777198549,2024-03-31,11,0.06259952066617736
76065,2025-02-28,468955.9170396698,13.058264049491921,2026-03-31,-13,0.012007064618206442
52404,2025-02-28,195907.98344193012,12.185400355741011,2026-07-31,-17,-0.04188094187119695
51503,2025-02-28,302220.4709808083,12.618912066370376,2024-10-31,4,0.021272013057703987
29847,2025-02-28,224656.9249754894,12.322329739643012,2026-06-30,-16,0.0363267084482235
68142,2025-02-28,375648.2906977868,12.836408587534823,2024-03-31,11,0.008819148457616777
46552,2025-02-28,266346.63894089527,12.492553893308871,2025-05-31,-3,-0.00487232739515342
74401,2025-02-28,131096.95013830625,11.783692405852708,2026-07-31,-17,0.05154079881924467
76207,2025-02-28,376951.3265512941,12.839871350804087,2025-04-30,-2,0.008179748209370175
74361,2025-02-28,204851.46210661737,12.230040420399472,2024-06-30,8,-0.007303411875740906
20166,2025-02-28,636115.9024410626,13.363136062261749,2026-05-31,-15,0.020014453228091256
36105,2025-02-28,47912.51820265696,10.777132089603311,2026-05-31,-15,0.0021640246114582595
44481,2025-02-28,216070.9410217449,12.283362063400986,2026-07-31,-17,-0.09727646594910944
23836,2025-02-28,434154.2518450648,12.981155168934016,2023-12-31,14,0.04110356660762271
23150,2025-02-28,315483.3063625552,12.66186104787591,2023-12-31,14,0.0499047727353652
71269,2025-02-28,186270.57910334552,12.134955621968077,2026-07-31,-17,0.034591599725652955
14012,2025-03-31,229341.18558430893,12.342966067127676,2025-09-30,-6,-0.019226116376581004
58436,2025-03-31,136830.26742476193,11.826496512802713,2025-09-30,-6,0.03143558791809831
68059,2025-03-31,450473.6190805688,13.018054795116248,2026-07-31,-16,-0.03811388933690907
52228,2025-03-31,326027.4673200951,12.694736912382655,2026-03-31,-12,-0.02690855551212401
28905,2025-03-31,239292.24569611996,12.385440869259948,2026-02-28,-11,0.003513047150743631
79019,2025-03-31,224520.768998412,12.321723494127822,2026-07-31,-16,-0.05511835570013801
84013,2025-03-31,546299.9108794882,13.21092339124905,2026-07-31,-16,0.006727377835566983
79601,2025-03-31,197982.5056354835,12.19593395039676,2025-08-31,-5,-0.0068039642115227394
53403,2025-03-31,211624.00600033885,12.262566422438411,2026-03-31,-12,-0.018008580849963707
43054,2025-03-31,571438.8555325787,13.255912767048917,2024-03-31,12,0.040595514814720346
39157,2025-03-31,279056.9766589065,12.5391712573694,2026-04-30,-13,-0.031085734479599836
39046,2025-03-31,228113.94771309456,12.337600553764277,2025-05-31,-2,0.0006053961509806527
35810,2025-03-31,176900.99832665664,12.08334552358394,2026-02-28,-11,0.031496216631907714
55068,2025-03-31,413863.07637717406,12.933290464714634,2026-05-31,-14,-0.0013505860869802433
30214,2025-03-31,405010.0200695338,12.911667086695054,2025-09-30,-6,0.010847435539755423
08361,2025-03-31,342107.73138548475,12.742880970492507,2026-03-31,-12,-0.04533604543362735
18603,2025-03-31,211335.43943879128,12.261201910500292,2025-08-31,-5,-0.0052884364895220415
76504,2025-03-31,202502.87572380816,12.218509366533121,2025-11-30,-8,0.04143727784191675
46806,2025-03-31,117186.64371935006,11.671523188191959,2026-07-31,-16,0.00041210941840574833
97058,2025-03-31,387317.5328585015,12.867000133929546,2025-02-28,1,-0.00022110278854725607
82007,2025-03-31,309002.7902371182,12.6411055857327,2026-06-30,-15,-0.054471006273962175
47130,2025-03-31,249334.01167538148,12.426548688907992,2026-05-31,-14,-0.02620505729117717
30721,2025-03-31,227665.59874369184,12.335633159143326,2026-01-31,-10,-0.025404355609865092
84005,2025-03-31,515833.72881191,13.15353976155147,2025-11-30,-8,-0.0004893825209020264
20109,2025-03-31,452625.60238683136,13.022820577941028,2024-09-30,6,0.016438320157401876
38109,2025-03-31,103126.51479770069,11.5437118124765,2024-07-31,8,0.04321652133591236
43207,2025-03-31,212849.1985587553,12.268339205962647,2024-03-31,12,0.02615498710045472
87031,2025-03-31,325064.1485880739,12.691777822105948,2026-02-28,-11,-0.00937683750799323
75154,2025-03-31,366183.06628166785,12.810888668432087,2025-07-31,-4,0.016168575250970818
30318,2025-03-31,411121.70094171626,12.926644558993893,2025-01-31,2,-0.004894373578496314
43130,2025-03-31,268396.95426626503,12.500222336274089,2023-12-31,15,0.06341361528243539
78245,2025-03-31,268603.4590215939,12.50099144095408,2024-04-30,11,-0.030092039632000578
97124,2025-03-31,563827.6348564686,13.24250387181473,2023-07-31,20,0.022287375241708318
78251,2025-03-31,271415.0811834027,12.511404592942972,2024-06-30,9,-0.02273597977242936
85338,2025-03-31,448345.48442969815,13.013319384799862,2023-03-31,24,0.0021706939684875692
37066,2025-03-31,441276.31980687886,12.997426533738299,2026-05-31,-14,-0.00679032181935213
83634,2025-03-31,468926.8414545998,13.058202046891243,2026-05-31,-14,0.004503357452925627
20136,2025-03-31,734136.5198158402,13.506450284601367,2024-03-31,12,0.06242902806899586
76065,2025-03-31,468299.8369349038,13.056864046965089,2026-03-31,-12,0.010607062091374075
52404,2025-03-31,196499.9637875868,12.188417526004345,2026-07-31,-16,-0.03886377160786303
51503,2025-03-31,302590.24540351477,12.620134843873362,2024-10-31,5,0.022494790560690703
29847,2025-03-31,224136.7711109036,12.32001172982234,2026-06-30,-15,0.03400869862755229
68142,2025-03-31,375193.7461567485,12.83519782794957,2024-03-31,12,0.007608388872363037
46552,2025-03-31,267200.944461474,12.495756255299586,2025-05-31,-2,-0.0016699654044387557
74401,2025-03-31,130340.07220169409,11.777902253835075,2026-07-31,-16,0.04575064680161134
76207,2025-03-31,375842.419974756,12.836925238715018,2025-04-30,-1,0.00523363612030181
74361,2025-03-31,205118.83725225215,12.23134478407636,2024-06-30,9,-0.005999048198853885
20166,2025-03-31,636663.9666163743,13.36399727042902,2026-05-31,-14,0.020875661395363565
36105,2025-03-31,47281.57867833731,10.7638760415043,2026-05-31,-14,-0.011092023487552893
44481,2025-03-31,217091.12037692047,12.288072453956307,2026-07-31,-16,-0.0925660753937887
23836,2025-03-31,434557.2738582296,12.982083030554715,2023-12-31,15,0.04203142822832184
23150,2025-03-31,314883.1089172927,12.659956766137263,2023-12-31,15,0.04800049099671888
71269,2025-03-31,185987.9097308131,12.133436949135412,2026-07-31,-16,0.03307292689298791
14012,2025-04-30,228259.06679769617,12.338236520768804,2025-09-30,-5,-0.02395566273545313
58436,2025-04-30,134571.5931784035,11.80985162769652,2025-09-30,-5,0.014790702811906087
68059,2025-04-30,450030.13177903165,13.017069819013773,2026-07-31,-15,-0.039098865439383346
52228,2025-04-30,325867.1820135912,12.694245160195711,2026-03-31,-11,-0.027400307699068094
28905,2025-04-30,239577.12877356316,12.386630684797293,2026-02-28,-10,0.004702862688088061
79019,2025-04-30,224386.5708075737,12.321125605953867,2026-07-31,-15,-0.0557162438740928
84013,2025-04-30,544689.0115823742,13.207970289829515,2026-07-31,-15,0.0037742764160313413
79601,2025-04-30,198171.9458363656,12.196890346138968,2025-08-31,-4,-0.005847568469315334
53403,2025-04-30,212412.5525728633,12.266285665345952,2026-03-31,-11,-0.014289337942422264
43054,2025-04-30,572788.2697507766,13.258271415631828,2024-03-31,13,0.04295416339763136
39157,2025-04-30,280122.2359281915,12.542981343774551,2026-04-30,-12,-0.02727564807444871
39046,2025-04-30,228398.6416938032,12.33884780969641,2025-05-31,-1,0.0018526520831141369
35810,2025-04-30,175455.14205481578,12.075138688389337,2026-02-28,-10,0.023289381437304968
55068,2025-04-30,412929.7574296244,12.931032778615226,2026-05-31,-13,-0.0036082721863888167
30214,2025-04-30,403401.09461661015,12.907686617975537,2025-09-30,-5,0.006866966820238574
08361,2025-04-30,343553.0481122336,12.747096812817574,2026-03-31,-11,-0.04112020310856046
18603,2025-04-30,211685.61080091377,12.262857485048684,2025-08-31,-4,-0.0036328619411296614
76504,2025-04-30,201802.29472146463,12.215043758102922,2025-11-30,-7,0.03797166941171781
46806,2025-04-30,116807.79825451667,11.668285113025233,2026-07-31,-15,-0.0028259657483200584
97058,2025-04-30,387291.38775637216,12.866932628633794,2025-02-28,2,-0.00028860808429875817
82007,2025-04-30,309138.7550681015,12.641545500616948,2026-06-30,-14,-0.05403109138971374
47130,2025-04-30,249770.67686756697,12.428298483344404,2026-05-31,-13,-0.02445526285476518
30721,2025-04-30,228443.01694291097,12.33904207941069,2026-01-31,-9,-0.021995435342500258
84005,2025-04-30,514102.3867228181,13.150177720559212,2025-11-30,-7,-0.003851423513159702
20109,2025-04-30,452607.97840819927,13.02278163997185,2024-09-30,7,0.01639938218822401
38109,2025-04-30,102759.47036121228,11.540146297076753,2024-07-31,9,0.03965100593616455
43207,2025-04-30,211961.24379788683,12.26415872466783,2024-03-31,13,0.021974505805637534
87031,2025-04-30,324804.56189647975,12.690978932418808,2026-02-28,-10,-0.010175727195132822
75154,2025-04-30,364927.11052218714,12.807452915423001,2025-07-31,-3,0.012732822241884989
30318,2025-04-30,409770.6406617685,12.923352869130571,2025-01-31,3,-0.008186063441817382
43130,2025-04-30,268425.2756949465,12.500327851385524,2023-12-31,16,0.06351913039387114
78245,2025-04-30,267002.6249605447,12.495013768646961,2024-04-30,12,-0.036069711939118676
97124,2025-04-30,560880.3099664595,13.237262810523792,2023-07-31,21,0.017046313950769942
78251,2025-04-30,269865.9430429652,12.505680607431696,2024-06-30,10,-0.028459965283705202
37066,2025-04-30,441776.0685099735,12.998558400347935,2026-05-31,-13,-0.00565845520971564
83634,2025-04-30,468754.42326679773,13.057834292524738,2026-05-31,-13,0.004135603086421469
20136,2025-04-30,734838.236409088,13.507405667454135,2024-03-31,13,0.06338441092176339
76065,2025-04-30,467269.607340196,13.054661687712274,2026-03-31,-11,0.00840470283855943
52404,2025-04-30,196875.07803998693,12.19032468495554,2026-07-31,-15,-0.0369566126566685
51503,2025-04-30,302124.47918203776,12.618594394155023,2024-10-31,6,0.02095434084235137
29847,2025-04-30,223137.97466929888,12.315545579603778,2026-06-30,-14,0.0295425484089904
68142,2025-04-30,374720.4046343788,12.833935439222191,2024-03-31,13,0.006346000144985098
46552,2025-04-30,267520.28642325406,12.496950679538989,2025-05-31,-1,-0.00047554116503611965
74401,2025-04-30,127976.7601540161,11.759603965120757,2026-07-31,-15,0.027452358087293405
76207,2025-04-30,373880.53588191373,12.831691602594717,2025-04-30,0,0.0
74361,2025-04-30,205954.84204905896,12.235412210386876,2024-06-30,10,-0.001931621888337176
20166,2025-04-30,636846.8574428501,13.364284493473031,2026-05-31,-13,0.02116288443937364
36105,2025-04-30,46462.63367411288,10.746403691633661,2026-05-31,-13,-0.02856437335819173
44481,2025-04-30,217771.45197448693,12.291201406392679,2026-07-31,-15,-0.0894371229574169
23836,2025-04-30,435079.4677839868,12.983283977946918,2023-12-31,16,0.04323237562052462
23150,2025-04-30,313986.723276487,12.6571059814375,2023-12-31,16,0.04514970629695547
71269,2025-04-30,184096.24118607576,12.123213949772516,2026-07-31,-15,0.02284992753009263
14012,2025-05-31,227859.47762898085,12.336484391740838,2025-09-30,-4,-0.025707791763419863
58436,2025-05-31,132639.50830572756,11.795390263378895,2025-09-30,-4,0.00032933849428040674
68059,2025-05-31,449258.1030665922,13.015352841359253,2026-07-31,-14,-0.04081584309390429
52228,2025-05-31,325285.34881493635,12.692458072452187,2026-03-31,-10,-0.029187395442592745
28905,2025-05-31,240056.7778095272,12.388630748551227,2026-02-28,-9,0.006702926442022417
79019,2025-05-31,222894.29792935753,12.314452937751811,2026-07-31,-14,-0.06238891207614827
84013,2025-05-31,542826.8005283293,13.204545580315582,2026-07-31,-14,0.00034956690209853036
53403,2025-05-31,212728.67134984743,12.267772789235405,2026-03-31,-10,-0.012802214052969774
43054,2025-05-31,573874.5410401394,13.260166081795402,2024-03-31,14,0.044848829561205505
39157,2025-05-31,281458.1184655591,12.547738935619378,2026-04-30,-11,-0.022518056229621664
79601,2025-05-31,198134.29654118489,12.1967003451182,2025-08-31,-3,-0.006037569490082717
39046,2025-05-31,227975.890201124,12.336995157613297,2025-05-31,0,0.0
35810,2025-05-31,174243.88561536494,12.068211238281803,2026-02-28,-9,0.016361931329770485
55068,2025-05-31,411988.0388480916,12.928749595988121,2026-05-31,-12,-0.005891454813493624
30214,2025-05-31,401841.85270521464,12.903813888967784,2025-09-30,-4,0.002994237812485423
08361,2025-05-31,344644.2422438904,12.750267982077892,2026-03-31,-10,-0.037949033848242664
18603,2025-05-31,211943.3420452314,12.264074263431676,2025-08-31,-3,-0.002416083558138382
76504,2025-05-31,200953.6091618813,12.210829360213104,2025-11-30,-6,0.03375727152189967
46806,2025-05-31,116533.71707003034,11.665935927025028,2026-07-31,-14,-0.0051751517485243426
97058,2025-05-31,386554.9038940838,12.865029190980616,2025-02-28,3,-0.0021920457374768887
82007,2025-05-31,309451.26776653924,12.64255590399718,2026-06-30,-13,-0.053020688009480565
47130,2025-05-31,250401.32514793897,12.430820210318434,2026-05-31,-12,-0.021933535880735988
30721,2025-05-31,229807.71635281088,12.344998222391839,2026-01-31,-8,-0.016039292361352153
84005,2025-05-31,511859.55659708293,13.14580556287223,2025-11-30,-6,-0.008223581200141439
20109,2025-05-31,452068.0080601784,13.021587907806481,2024-09-30,8,0.01520565002285501
38109,2025-05-31,101708.572495946,11.529866870479816,2024-07-31,10,0.029371579339228404
43207,2025-05-31,210893.59500176355,12.259108996170527,2024-03-31,14,0.016924777308334527
87031,2025-05-31,323839.563117396,12.688003496570968,2026-02-28,-9,-0.01315116304297348
75154,2025-05-31,363170.5045522919,12.802627712478452,2025-07-31,-2,0.00790761929733641
30318,2025-05-31,407614.9980969362,12.91807837576988,2025-01-31,4,-0.01346055680250835
43130,2025-05-31,268335.1028934014,12.49999186234464,2023-12-31,17,0.06318314135298664
78245,2025-05-31,265514.7609588781,12.489425714950617,2024-04-30,13,-0.041657765635463306
97124,2025-05-31,557209.1452990901,13.230695933709109,2023-07-31,22,0.010479437136087455
78251,2025-05-31,268391.63208875986,12.500202506577107,2024-06-30,11,-0.033938066138293976
37066,2025-05-31,441819.48918095726,12.998656682125477,2026-05-31,-12,-0.005560173432174409
83634,2025-05-31,467777.272903285,13.055747549017621,2026-05-31,-12,0.0020488595793040076
20136,2025-05-31,734312.5051429407,13.506689973313678,2024-03-31,14,0.0626687167813067
76065,2025-05-31,465891.5173769044,13.051708090678213,2026-03-31,-10,0.0054511058044983685
52404,2025-05-31,197151.60364833116,12.191728273426031,2026-07-31,-14,-0.035553024186176785
51503,2025-05-31,301674.25850342604,12.617103100006986,2024-10-31,7,0.0194630466943142
29847,2025-05-31,222113.2784837804,12.310942794154748,2026-06-30,-13,0.02493976295995992
68142,2025-05-31,373948.8423671927,12.831874281926273,2024-03-31,14,0.004284842849067161
46552,2025-05-31,267647.5335851644,12.497426220704025,2025-05-31,0,0.0
74401,2025-05-31,124818.24499694895,11.734613918117988,2026-07-31,-14,0.002462311084524771
76207,2025-05-31,371533.1699392922,12.825393425666373,2025-04-30,1,-0.006298176928343224
74361,2025-05-31,207187.95864761272,12.241381673043671,2024-06-30,11,0.004037840768457812
20166,2025-05-31,635586.6588934781,13.362303723640705,2026-05-31,-12,0.019182114607048106
36105,2025-05-31,45900.51337665386,10.734231580662643,2026-05-31,-12,-0.0407364843292104
44481,2025-05-31,218460.10156442985,12.2943586753083,2026-07-31,-14,-0.08627985404179483
23836,2025-05-31,435404.50701115496,12.984030779155638,2023-12-31,17,0.04397917682924479
23150,2025-05-31,313395.3264402358,12.655220696349458,2023-12-31,17,0.04326442120891372
71269,2025-05-31,180659.13942110052,12.104367327164871,2026-07-31,-14,0.0040033049224472705
14012,2025-06-30,228192.5878843927,12.337945235095539,2025-09-30,-3,-0.02424694840871844
58436,2025-06-30,131184.49549727116,11.78435997394548,2025-09-30,-3,-0.010700950939135367
68059,2025-06-30,448801.89424185967,13.014336853863222,2026-07-31,-13,-0.04183183058993478
52228,2025-06-30,325022.0042967587,12.691648164548447,2026-03-31,-9,-0.02999730334633277
28905,2025-06-30,240290.69896438217,12.389604715042807,2026-02-28,-8,0.00767689293360263
79019,2025-06-30,221565.6831168964,12.30847436228249,2026-07-31,-13,-0.06836748754546917
84013,2025-06-30,541345.4191602195,13.201812836821317,2026-07-31,-13,-0.0023831765921666914
53403,2025-06-30,212537.4333162529,12.266873408615192,2026-03-31,-9,-0.013701594673182882
43054,2025-06-30,574825.1043723099,13.261821107202508,2024-03-31,15,0.046503854968310776
39157,2025-06-30,282929.02954584215,12.552951366185109,2026-04-30,-10,-0.017305625663890822
79601,2025-06-30,198340.87532986095,12.197742422009902,2025-08-31,-2,-0.004995492598380835
39046,2025-06-30,227123.6377190937,12.333249807745839,2025-05-31,1,-0.0037453498674580032
35810,2025-06-30,173083.9689897189,12.061532125608824,2026-02-28,-8,0.00968281865679188
55068,2025-06-30,411513.00778152794,12.927595909247355,2026-05-31,-11,-0.007045141554259615
30214,2025-06-30,401044.3171817591,12.90182721684493,2025-09-30,-3,0.0010075656896315621
08361,2025-06-30,345818.62055611284,12.753669698543627,2026-03-31,-9,-0.034547317382507714
18603,2025-06-30,212308.65119122175,12.265796396701989,2025-08-31,-2,-0.0006939502878253734
76504,2025-06-30,200279.53506762916,12.20746934502931,2025-11-30,-5,0.030397256338105194
46806,2025-06-30,116426.251138353,11.665013314096063,2026-07-31,-13,-0.006097764677489792
97058,2025-06-30,385731.6456328011,12.862897188102602,2025-02-28,4,-0.004324048615490739
82007,2025-06-30,310313.8392304594,12.64533944896002,2026-06-30,-12,-0.050237143046642174
47130,2025-06-30,251165.1277567988,12.433865881315219,2026-05-31,-11,-0.018887864883950556
30721,2025-06-30,231096.5404020373,12.35059082601644,2026-01-31,-7,-0.010446688736751142
84005,2025-06-30,510202.8610107769,13.14256369230011,2025-11-30,-5,-0.011465451772261659
20109,2025-06-30,451725.74811200285,13.020830522701308,2024-09-30,9,0.014448264917682252
38109,2025-06-30,100468.0454912212,11.517595000611529,2024-07-31,11,0.01709970947094064
43207,2025-06-30,209666.81701725212,12.253274964107623,2024-03-31,15,0.011090745245430966
87031,2025-06-30,322787.53527408297,12.68474960023982,2026-02-28,-8,-0.016405059374120512
75154,2025-06-30,361513.9818340033,12.798055997105495,2025-07-31,-1,0.003335903924378769
30318,2025-06-30,405110.110506224,12.911914186929753,2025-01-31,5,-0.019624745642635943
43130,2025-06-30,268347.5673150833,12.500038312220427,2023-12-31,18,0.06322959122877414
78245,2025-06-30,264458.5057271089,12.485439639815448,2024-04-30,14,-0.04564384077063188
97124,2025-06-30,553960.2019655105,13.224848125541595,2023-07-31,23,0.004631628968573054
78251,2025-06-30,267437.5931896735,12.496641521613137,2024-06-30,12,-0.03749905110226415
37066,2025-06-30,441471.55345512927,12.997868865365136,2026-05-31,-11,-0.00634799019251453
83634,2025-06-30,466743.2674372766,13.053534636955591,2026-05-31,-11,-0.00016405248272555184
20136,2025-06-30,733687.239759563,13.505838112918797,2024-03-31,15,0.0618168563864252
76065,2025-06-30,464497.8871982147,13.048712288675018,2026-03-31,-9,0.0024553038013035433
52404,2025-06-30,197687.2528211289,12.194441529695677,2026-07-31,-13,-0.032839767916531315
51503,2025-06-30,301676.7958293216,12.617111510785016,2024-10-31,8,0.0194714574723438
29847,2025-06-30,221118.36772935936,12.306453437702428,2026-06-30,-12,0.020450406507640295
68142,2025-06-30,373374.33607079554,12.83033677733349,2024-03-31,15,0.0027473382562845927
46552,2025-06-30,268019.33012240776,12.498814384214361,2025-05-31,1,0.0013881635103363266
74401,2025-06-30,121731.0736670769,11.709569576434383,2026-07-31,-13,-0.022582030599080483
76207,2025-06-30,369228.0566237362,12.819169771745548,2025-04-30,2,-0.01252183084916858
74361,2025-06-30,208648.19226645445,12.248404822030354,2024-06-30,12,0.011060989755140582
20166,2025-06-30,634185.7002283194,13.360097093100107,2026-05-31,-11,0.016975484066449553
36105,2025-06-30,45496.687040333694,10.725394789987739,2026-05-31,-11,-0.04957327500411424
44481,2025-06-30,219477.6473171724,12.299005671765961,2026-07-31,-13,-0.0816328575841343
23836,2025-06-30,435538.8116324188,12.984339191010816,2023-12-31,18,0.04428758868442273
23150,2025-06-30,313234.9309619781,12.654708766132664,2023-12-31,18,0.042752490992119974
71269,2025-06-30,176793.96623224812,12.082740300957663,2026-07-31,-13,-0.017623721284760308
14012,2025-07-31,230021.2893508676,12.345927146016775,2025-09-30,-2,-0.016265037487482203
58436,2025-07-31,130994.54021934024,11.782910923599788,2025-09-30,-2,-0.012150001284826573
68059,2025-07-31,448694.2614448331,13.014097002590633,2026-07-31,-12,-0.04207168186252375
52228,2025-07-31,325771.6761599619,12.693952035090861,2026-03-31,-8,-0.027693432803918228
28905,2025-07-31,240530.3316119009,12.390601479544028,2026-02-28,-7,0.008673657434822957
79019,2025-07-31,219671.33751732425,12.299887787947032,2026-07-31,-12,-0.07695406188092768
84013,2025-07-31,540031.2607311066,13.199382307107673,2026-07-31,-12,-0.004813706305810683
53403,2025-07-31,211353.65951904887,12.261288120815694,2026-03-31,-8,-0.019286882472680844
79601,2025-07-31,198801.530917524,12.200062273967333,2025-08-31,-1,-0.00267564064095005
43054,2025-07-31,575266.7906782938,13.262589195960631,2024-03-31,16,0.047271943726434174
39157,2025-07-31,283882.4105564558,12.556315384065654,2026-04-30,-9,-0.0139416077833463
39046,2025-07-31,226449.5484270159,12.330277454842456,2025-05-31,2,-0.006717702770840717
35810,2025-07-31,172224.6441487772,12.056554974259681,2026-02-28,-7,0.004705667307648653
55068,2025-07-31,411837.5036320204,12.928384141871966,2026-05-31,-10,-0.006256908929648475
30214,2025-07-31,400356.6695458412,12.900111102649742,2025-09-30,-2,-0.0007085485055569052
08361,2025-07-31,346800.56817489193,12.756505162223087,2026-03-31,-8,-0.03171185370304741
18603,2025-07-31,212225.0562206645,12.265402576516792,2025-08-31,-1,-0.0010877704730223314
76504,2025-07-31,199345.2072280597,12.2027933105243,2025-11-30,-4,0.025721221833094887
46806,2025-07-31,116624.92107630578,11.66671826141892,2026-07-31,-12,-0.0043928173546330385
97058,2025-07-31,385063.0432950089,12.861162348682752,2025-02-28,5,-0.006058888035340715
82007,2025-07-31,311439.68241302,12.648960962546532,2026-06-30,-11,-0.046615629460129426
47130,2025-07-31,251960.87719293908,12.437029105206781,2026-05-31,-10,-0.015724640992388572
30721,2025-07-31,231734.7040652511,12.353348479373944,2026-01-31,-6,-0.007689035379247144
84005,2025-07-31,509654.2453237701,13.141487824442706,2025-11-30,-4,-0.012541319629665537
20109,2025-07-31,451326.597339896,13.019946519021763,2024-09-30,10,0.013564261238137476
38109,2025-07-31,99461.56553370065,11.507526572479666,2024-07-31,12,0.007031281339077822
43207,2025-07-31,208850.65617496,12.24937471176841,2024-03-31,16,0.007190492906218537
87031,2025-07-31,322343.7642276461,12.683373845825878,2026-02-28,-7,-0.017780813788062844
75154,2025-07-31,360310.01519830176,12.794720093181116,2025-07-31,0,0.0
30318,2025-07-31,402242.658960185,12.904810814744494,2025-01-31,6,-0.026728117827895304
43130,2025-07-31,268984.80988496286,12.502410188160418,2023-12-31,19,0.06560146716876503
78245,2025-07-31,263688.4176979536,12.482523449108863,2024-04-30,15,-0.048560031477217436
97124,2025-07-31,551275.5864747878,13.219990120039798,2023-07-31,24,-0.00022637653322377105
78251,2025-07-31,266873.1045500723,12.494528560551316,2024-06-30,13,-0.03961201216408483
37066,2025-07-31,440976.78750885813,12.996747517009323,2026-05-31,-10,-0.007469338548327542
83634,2025-07-31,465646.09221564,13.051181165808158,2026-05-31,-10,-0.002517523630158891
20136,2025-07-31,732883.8884178121,13.504742562342809,2024-03-31,16,0.06072130581043744
76065,2025-07-31,463415.0541817456,13.046378376818184,2026-03-31,-8,0.00012139194446980639
52404,2025-07-31,198709.85341352856,12.19960101670913,2026-07-31,-12,-0.027680280903078724
51503,2025-07-31,302093.78913039825,12.618492808177653,2024-10-31,9,0.020852754864980838
29847,2025-07-31,220807.5580121734,12.305046822926837,2026-06-30,-11,0.01904379173204873
68142,2025-07-31,373058.89450138505,12.82949158026758,2024-03-31,16,0.0019021411903743513
46552,2025-07-31,269054.8775369778,12.502670643491312,2025-05-31,2,0.005244422787287206
74401,2025-07-31,119862.56637993384,11.694101085262462,2026-07-31,-12,-0.038050521771001655
76207,2025-07-31,367224.9637929446,12.813729919603231,2025-04-30,3,-0.01796168299148526
74361,2025-07-31,209699.2201669742,12.253429498079921,2024-06-30,13,0.016085665804707716
20166,2025-07-31,632204.969661835,13.35696893963411,2026-05-31,-10,0.013847330600452068
36105,2025-07-31,45271.9502217178,10.720442919283803,2026-05-31,-10,-0.054525145708050005
44481,2025-07-31,221509.9876641224,12.30822295848517,2026-07-31,-12,-0.07241557086492634
23836,2025-07-31,435837.902476437,12.985025669891698,2023-12-31,19,0.04497406756530431
23150,2025-07-31,313456.82155155943,12.655416899271367,2023-12-31,19,0.04346062413082308
71269,2025-07-31,174257.34179212627,12.068288461405912,2026-07-31,-12,-0.032075560836512196
14012,2025-08-31,231914.64366211309,12.354124667701514,2025-09-30,-1,-0.00806751580274323
58436,2025-08-31,131666.44713877616,11.788027087913324,2025-09-30,-1,-0.0070338369712903415
68059,2025-08-31,448894.6518239708,13.01454351074042,2026-07-31,-11,-0.04162517371273644
52228,2025-08-31,327256.3825721524,12.698499187240172,2026-03-31,-7,-0.023146280654607665
28905,2025-08-31,240374.58043185296,12.389953737416247,2026-02-28,-6,0.008025915307042553
79019,2025-08-31,219055.3258605543,12.297079606393426,2026-07-31,-11,-0.07976224343453353
84013,2025-08-31,540216.8984532052,13.199726001697378,2026-07-31,-11,-0.004470011716104949
53403,2025-08-31,210066.02486768248,12.255177164416805,2026-03-31,-7,-0.025397838871569434
43054,2025-08-31,575337.9006142882,13.262712800421177,2024-03-31,17,0.04739554818698011
39157,2025-08-31,284535.09410264523,12.5586118785532,2026-04-30,-8,-0.011645113295799092
79601,2025-08-31,199334.16462356245,12.202737914608283,2025-08-31,0,0.0
39046,2025-08-31,226209.23542746392,12.329215670422487,2025-05-31,3,-0.007779487190809675
35810,2025-08-31,171438.09012120016,12.051977489868422,2026-02-28,-6,0.00012818291638971857
55068,2025-08-31,412706.7078130347,12.930492469093043,2026-05-31,-9,-0.004148581708571797
30214,2025-08-31,400105.40825117496,12.899483312002594,2025-09-30,-1,-0.0013363391527043689
08361,2025-08-31,347960.49060661515,12.75984421957167,2026-03-31,-7,-0.028372796354464214
18603,2025-08-31,212456.0339730711,12.266490346989814,2025-08-31,0,0.0
76504,2025-08-31,198415.69740566736,12.19811959069133,2025-11-30,-3,0.021047502000126173
46806,2025-08-31,116880.75253053464,11.668909484892344,2026-07-31,-11,-0.0022015938812085523
97058,2025-08-31,385792.4921414911,12.863054918770606,2025-02-28,6,-0.004166317947486675
82007,2025-08-31,312632.15220979217,12.652782545838392,2026-06-30,-10,-0.04279404616826987
47130,2025-08-31,252362.27902242192,12.438620949282539,2026-05-31,-9,-0.014132796916630497
30721,2025-08-31,231674.27385621655,12.353087672129128,2026-01-31,-5,-0.007949842624062953
84005,2025-08-31,510554.6762628071,13.143253014206858,2025-11-30,-3,-0.010776129865513795
20109,2025-08-31,451559.9832529961,13.020463496288487,2024-09-30,11,0.014081238504861204
38109,2025-08-31,99106.48086566484,11.503950115411508,2024-07-31,13,0.0034548242709195875
43207,2025-08-31,208552.6388474287,12.247946752853256,2024-03-31,17,0.005762533991063634
87031,2025-08-31,322661.1490562945,12.684357977412253,2026-02-28,-6,-0.016796682201688284
75154,2025-08-31,359811.2044856123,12.793334740885332,2025-07-31,1,-0.0013853522957845144
30318,2025-08-31,399741.2016533122,12.898572620831251,2025-01-31,7,-0.032966311741137844
43130,2025-08-31,270055.9829108372,12.506384560601903,2023-12-31,20,0.06957583961025016
78245,2025-08-31,263224.82457256975,12.48076379227045,2024-04-30,16,-0.05031968831563027
78251,2025-08-31,266704.3315573125,12.493895951347975,2024-06-30,14,-0.04024462136742635
37066,2025-08-31,440750.8642428189,12.996235061104068,2026-05-31,-9,-0.007981794453582935
83634,2025-08-31,465258.43093101686,13.050348295632123,2026-05-31,-9,-0.003350393806194063
20136,2025-08-31,732673.1782666115,13.504455012772146,2024-03-31,17,0.06043375623977454
76065,2025-08-31,463176.1548601595,13.045862724771093,2026-03-31,-7,-0.00039426010262211264
52404,2025-08-31,200126.95701883943,12.206707229233535,2026-07-31,-11,-0.02057406837867326
51503,2025-08-31,302896.23360968404,12.621145562503171,2024-10-31,10,0.02350550919049965
29847,2025-08-31,220274.0450197266,12.302627709325359,2026-06-30,-10,0.016624678130570558
68142,2025-08-31,373048.3570280072,12.82946333372968,2024-03-31,17,0.0018738946524745614
46552,2025-08-31,270412.6842520627,12.50770453126695,2025-05-31,3,0.010278310562926052
74401,2025-08-31,118859.93177659195,11.685701034939266,2026-07-31,-11,-0.046450572094197895
76207,2025-08-31,365774.2075593732,12.809771502773845,2025-04-30,4,-0.021920099820871286
74361,2025-08-31,210502.64506899856,12.257253497674075,2024-06-30,14,0.01990966539886152
20166,2025-08-31,631001.1501606669,13.355062964280274,2026-05-31,-9,0.011941355246616325
36105,2025-08-31,45088.67019757474,10.716386278799582,2026-05-31,-9,-0.05858178619227061
44481,2025-08-31,223953.52960622005,12.319193852199884,2026-07-31,-11,-0.06144467715021129
23836,2025-08-31,436726.3269877111,12.987062023866063,2023-12-31,20,0.04701042153966917
23150,2025-08-31,313940.6091291736,12.656959104099895,2023-12-31,20,0.04500282895935115
71269,2025-08-31,173003.54348101898,12.061067355819395,2026-07-31,-11,-0.03929666642302898
14012,2025-09-30,233793.186111489,12.362192183504257,2025-09-30,0,0.0
58436,2025-09-30,132595.83220228605,11.795060924884615,2025-09-30,0,0.0
68059,2025-09-30,450501.4051902836,13.018116475204986,2026-07-31,-10,-0.03805220924817121
52228,2025-09-30,328766.7869675567,12.703103924189623,2026-03-31,-6,-0.01854154370515637
28905,2025-09-30,240413.53100504665,12.390115765437956,2026-02-28,-5,0.008187943328751501
79019,2025-09-30,219781.2793347398,12.300388145962861,2026-07-31,-10,-0.07645370386509853
84013,2025-09-30,542634.2581505951,13.204190814240441,2026-07-31,-10,-5.199173042313987e-06
53403,2025-09-30,208991.3376577499,12.250048083474377,2026-03-31,-6,-0.030526919813997466
43054,2025-09-30,575516.8512469485,13.263023787770038,2024-03-31,18,0.047706535535841255
39157,2025-09-30,284834.05968514545,12.559662042960554,2026-04-30,-7,-0.010594948888446254
79601,2025-09-30,199876.63689513423,12.205455639696888,2025-08-31,1,0.0027177250886047943
39046,2025-09-30,226316.1674993988,12.329688271842135,2025-05-31,4,-0.00730688577116112
35810,2025-09-30,171075.3409643813,12.04985932888831,2026-02-28,-5,-0.001989978063722475
55068,2025-09-30,413787.1350265533,12.93310695397595,2026-05-31,-8,-0.0015340968256651877
30214,2025-09-30,400640.4421872059,12.900819651155299,2025-09-30,0,0.0
08361,2025-09-30,349144.4061410039,12.763240886782539,2026-03-31,-6,-0.024976129143595927
18603,2025-09-30,211587.93921839085,12.262395979319106,2025-08-31,1,-0.004094367670708365
76504,2025-09-30,197150.27234060527,12.19172152069262,2025-11-30,-2,0.01464943200141633
46806,2025-09-30,117296.71823994012,11.672462056756073,2026-07-31,-10,0.0013509779825202628
97058,2025-09-30,386990.1950613844,12.866154635932267,2025-02-28,7,-0.0010666007858262105
82007,2025-09-30,313983.91369322874,12.657097033301733,2026-06-30,-9,-0.03847955870492825
47130,2025-09-30,252557.16943452664,12.439392915671945,2026-05-31,-8,-0.013360830527224365
30721,2025-09-30,231509.16732317535,12.352374751392524,2026-01-31,-4,-0.008662763360666403
84005,2025-09-30,512621.6174123828,13.147293264111035,2025-11-30,-2,-0.006735879961336622
20109,2025-09-30,452178.79245599295,13.021832939132675,2024-09-30,12,0.015450681349049589
38109,2025-09-30,98792.67553147336,11.500778746691047,2024-07-31,14,0.00028345555045916626
43207,2025-09-30,208580.51223791615,12.248080395506477,2024-03-31,18,0.005896176644284878
87031,2025-09-30,323718.4992308261,12.687629587588841,2026-02-28,-5,-0.013525072025100116
75154,2025-09-30,359442.10395889316,12.792308397162513,2025-07-31,2,-0.0024116960186031378
30318,2025-09-30,397888.4939358935,12.893927079022534,2025-01-31,8,-0.03761185354985486
43130,2025-09-30,271480.0263155206,12.511643847751241,2023-12-31,21,0.07483512675958792
78245,2025-09-30,262821.6403872179,12.479230907663647,2024-04-30,17,-0.05185257292243328
78251,2025-09-30,266612.2595040745,12.493550670305924,2024-06-30,15,-0.040589902409477574
37066,2025-09-30,441095.28234406793,12.997016190828555,2026-05-31,-8,-0.0072006647290958625
83634,2025-09-30,465595.6667297436,13.05107286850413,2026-05-31,-8,-0.002625820934186507
20136,2025-09-30,733162.364178181,13.505122462722111,2024-03-31,18,0.0611012061897398
76065,2025-09-30,463518.4412849604,13.046601450219132,2026-03-31,-6,0.0003444653454174329
52404,2025-09-30,201370.75477821476,12.212903039081223,2026-07-31,-10,-0.014378258530985732
51503,2025-09-30,303881.04633247055,12.624391608853532,2024-10-31,11,0.026751555540860394
29847,2025-09-30,219694.7864757228,12.299994527894153,2026-06-30,-9,0.013991496699365058
68142,2025-09-30,373368.7532574401,12.830321824899553,2024-03-31,18,0.0027323858223464725
46552,2025-09-30,272036.22923802835,12.513690532136417,2025-05-31,4,0.016264311432392375
74401,2025-09-30,118099.85729933898,11.679285793881075,2026-07-31,-10,-0.052865813152388696
76207,2025-09-30,364844.9440056077,12.807227731363357,2025-04-30,5,-0.024463871231359846
74361,2025-09-30,211213.81619754885,12.260626246276637,2024-06-30,15,0.02328241400142339
20166,2025-09-30,630185.0481349461,13.353768782436655,2026-05-31,-8,0.010647173402997367
36105,2025-09-30,45383.72104927254,10.722908752532211,2026-05-31,-8,-0.052059312459642015
44481,2025-09-30,226400.30420894513,12.330059968989348,2026-07-31,-10,-0.050578560360747815
23836,2025-09-30,438354.6157597939,12.990783486811399,2023-12-31,21,0.050731884485005097
23150,2025-09-30,314843.7377088791,12.659831723958497,2023-12-31,21,0.047875448817952915
71269,2025-09-30,172761.60816071832,12.059667935671728,2026-07-31,-10,-0.04069608657069601
14012,2025-10-31,235221.0723320536,12.3682810842419,2025-09-30,1,0.006088900737642788
58436,2025-10-31,133875.59500847792,11.804666252247944,2025-09-30,1,0.009605327363329863
68059,2025-10-31,453017.58714200254,13.02368622742458,2026-07-31,-9,-0.03248245702857666
52228,2025-10-31,329738.2530012797,12.70605444599135,2026-03-31,-5,-0.015591021903428981
28905,2025-10-31,239991.74636650577,12.388359811593215,2026-02-28,-4,0.006431989484010359
79019,2025-10-31,222845.4649061359,12.314233827735212,2026-07-31,-9,-0.06260802209274807
84013,2025-10-31,545603.9958646828,13.209648709283476,2026-07-31,-9,0.005452695869992752
53403,2025-10-31,208624.0077252019,12.248288904692558,2026-03-31,-5,-0.03228609859581688
43054,2025-10-31,576289.315943682,13.264365098199779,2024-03-31,19,0.04904784596558187
39157,2025-10-31,285218.01801813376,12.561009142308384,2026-04-30,-6,-0.00924784954061586
79601,2025-10-31,200574.6273265578,12.208941662594743,2025-08-31,2,0.006203747986459618
39046,2025-10-31,226051.8160276839,12.32851952643383,2025-05-31,5,-0.008475631179466703
35810,2025-10-31,170898.3190318799,12.048824033080352,2026-02-28,-4,-0.0030252738716800565
55068,2025-10-31,414559.0473738103,12.934970697872153,2026-05-31,-7,0.0003296470705382859
30214,2025-10-31,401565.7375340105,12.90312652881478,2025-09-30,1,0.0023068776594818985
08361,2025-10-31,350532.155311139,12.76720772250741,2026-03-31,-5,-0.02100929341872515
18603,2025-10-31,210719.6333537908,12.258283777006872,2025-08-31,2,-0.008206569982942113
76504,2025-10-31,195709.17150347703,12.184385017403441,2025-11-30,-1,0.007312928712236655
46806,2025-10-31,117510.28079850748,11.674281104896295,2026-07-31,-9,0.0031700261227420867
97058,2025-10-31,388398.69482891826,12.869787655014974,2025-02-28,8,0.002566418296881423
82007,2025-10-31,315772.0109181938,12.662775747737802,2026-06-30,-8,-0.03280084426885921
47130,2025-10-31,252669.94747749504,12.439839360611524,2026-05-31,-7,-0.012914385587645683
30721,2025-10-31,231448.0477033253,12.352110711355037,2026-01-31,-3,-0.008926803398153993
84005,2025-10-31,514440.08963844617,13.150834383624714,2025-11-30,-1,-0.00319476044765743
20109,2025-10-31,453575.6253901006,13.024917294039376,2024-09-30,13,0.01853503625575037
38109,2025-10-31,98375.90037830212,11.496551138189151,2024-07-31,15,-0.003944152951437019
43207,2025-10-31,208473.7778457787,12.24756854658414,2024-03-31,19,0.005384327721948523
87031,2025-10-31,324773.5079255519,12.690883319674493,2026-02-28,-4,-0.01027133993944851
75154,2025-10-31,359019.97092322935,12.79113329523578,2025-07-31,3,-0.0035867979453367838
30318,2025-10-31,396138.525453325,12.889519240817572,2025-01-31,9,-0.04201969175481679
43130,2025-10-31,272530.15726097085,12.51550455580969,2023-12-31,22,0.07869583481803666
78245,2025-10-31,262364.7773025785,12.477491094201254,2024-04-30,18,-0.05359238638482644
78251,2025-10-31,266466.6189778257,12.493004257623856,2024-06-30,16,-0.04113631509154558
37066,2025-10-31,441461.69693970913,12.997846538614125,2026-05-31,-7,-0.006370316943526078
83634,2025-10-31,466236.7625112341,13.052448858140302,2026-05-31,-7,-0.001249831298014925
20136,2025-10-31,735198.6536438704,13.507896018743198,2024-03-31,19,0.06387476221082622
76065,2025-10-31,464149.47950329393,13.047961933429828,2026-03-31,-5,0.0017049485561138056
52404,2025-10-31,202000.25462607335,12.216024236907662,2026-07-31,-9,-0.011257060704545907
51503,2025-10-31,304975.14477604226,12.627985559731284,2024-10-31,12,0.030345506418612445
29847,2025-10-31,218940.25266031615,12.296554152674124,2026-06-30,-8,0.010551121479336345
68142,2025-10-31,374064.1682557669,12.832182634556109,2024-03-31,19,0.0045931954789022456
46552,2025-10-31,273468.2970786383,12.518940978508029,2025-05-31,5,0.021514757804004248
74401,2025-10-31,117436.30743888726,11.673651401246461,2026-07-31,-9,-0.0585002057870021
76207,2025-10-31,364262.941350911,12.805631252186542,2025-04-30,6,-0.02606035040817467
74361,2025-10-31,212201.7668601436,12.26529283151823,2024-06-30,16,0.027948999243017525
20166,2025-10-31,630291.3179509244,13.353937400935326,2026-05-31,-7,0.010815791901668703
36105,2025-10-31,45625.06156768093,10.728212440312506,2026-05-31,-7,-0.04675562467934746
44481,2025-10-31,227777.30478075868,12.336123697203936,2026-07-31,-9,-0.04451483214615948
23836,2025-10-31,439985.18328594975,12.994496330977336,2023-12-31,22,0.05444472865094241
23150,2025-10-31,316351.1995033236,12.664608266264771,2023-12-31,22,0.05265199112422714
71269,2025-10-31,172931.39699405528,12.060650245666192,2026-07-31,-9,-0.03971377657623165
14012,2025-11-30,236599.58515799872,12.374124477177459,2025-09-30,2,0.011932293673201144
58436,2025-11-30,134204.5480400826,11.807120392960984,2025-09-30,2,0.012059468076369484
68059,2025-11-30,456501.843964481,13.031348018361644,2026-07-31,-8,-0.024820666091512678
52228,2025-11-30,330836.13971499493,12.709378485605122,2026-03-31,-4,-0.012266982289657946
28905,2025-11-30,239123.37832686433,12.384734925023224,2026-02-28,-3,0.0028071029140193104
79019,2025-11-30,226824.0684500036,12.331929967118798,2026-07-31,-8,-0.04491188270916169
84013,2025-11-30,548407.9822527675,13.214774782094576,2026-07-31,-8,0.010578768681092754
53403,2025-11-30,208923.31997792088,12.24972257356853,2026-03-31,-4,-0.03085242971984492
79601,2025-11-30,201694.1106975861,12.214507525189727,2025-08-31,3,0.011769610581444212
43054,2025-11-30,577836.0174066114,13.267045400493119,2024-03-31,20,0.051728148258922246
39157,2025-11-30,285208.62362176523,12.56097620416811,2026-04-30,-5,-0.009280787680889802
39046,2025-11-30,225360.22586289176,12.325455404781255,2025-05-31,6,-0.011539752832041117
35810,2025-11-30,170809.44860483738,12.048303878506982,2026-02-28,-3,-0.003545428445050902
55068,2025-11-30,415025.6753128893,12.936095665522906,2026-05-31,-6,0.0014546147212914917
30214,2025-11-30,402003.20938762295,12.904215351120591,2025-09-30,2,0.0033956999652922093
08361,2025-11-30,352291.3274166528,12.772213746985884,2026-03-31,-4,-0.016003268940250948
18603,2025-11-30,209553.79836050436,12.252735779461926,2025-08-31,3,-0.013754567527888284
76504,2025-11-30,194283.18470884243,12.177072088691204,2025-11-30,0,0.0
46806,2025-11-30,117749.83105756658,11.676317577122362,2026-07-31,-8,0.005206498348808708
97058,2025-11-30,389824.8841816206,12.873452902349523,2025-02-28,9,0.006231665631430516
82007,2025-11-30,317791.7994452123,12.669151728614665,2026-06-30,-7,-0.026424863391996567
47130,2025-11-30,252791.43341878735,12.440320053887897,2026-05-31,-6,-0.012433692311272893
30721,2025-11-30,231896.52824750915,12.35404655222819,2026-01-31,-2,-0.0069909625250001994
84005,2025-11-30,516086.2306024237,13.154029144072371,2025-11-30,0,0.0
20109,2025-11-30,455246.79606931546,13.028594959826078,2024-09-30,14,0.022212702042452293
38109,2025-11-30,97506.67088686668,11.48767607399792,2024-07-31,16,-0.012819217142668649
43207,2025-11-30,208511.23700846935,12.247748213293768,2024-03-31,20,0.005563994431575736
87031,2025-11-30,325612.9940658027,12.693464820378722,2026-02-28,-3,-0.007689839235219154
75154,2025-11-30,358475.57774244033,12.789615813249256,2025-07-31,4,-0.005104279931860134
30318,2025-11-30,394505.8814722616,12.885389327831867,2025-01-31,10,-0.04614960474052232
43130,2025-11-30,273603.55200289626,12.519435447112986,2023-12-31,23,0.08262672612133315
78245,2025-11-30,261853.06653127423,12.475538810661686,2024-04-30,19,-0.05554466992439444
78251,2025-11-30,266102.52250470425,12.491636936457507,2024-06-30,17,-0.04250363625789433
37066,2025-11-30,441864.0995261765,12.998757646646776,2026-05-31,-6,-0.00545920891087448
83634,2025-11-30,467251.52262332087,13.054622984003394,2026-05-31,-6,0.000924294565077588
20136,2025-11-30,738219.4777872135,13.511996454744999,2024-03-31,20,0.06797519821262732
76065,2025-11-30,464582.1216667723,13.048893617447535,2026-03-31,-4,0.0026366325738198526
52404,2025-11-30,202264.94394721184,12.217333720681658,2026-07-31,-8,-0.009947576930549928
51503,2025-11-30,306209.99685319123,12.632026409789017,2024-10-31,13,0.034386356476344915
29847,2025-11-30,218068.43623220103,12.292564220176892,2026-06-30,-7,0.006561188982104227
68142,2025-11-30,374910.1013474672,12.834441546472693,2024-03-31,20,0.006852107395486584
46552,2025-11-30,274878.3714866866,12.524083993308668,2025-05-31,6,0.026657772604643526
74401,2025-11-30,117410.8364622222,11.673434485883202,2026-07-31,-8,-0.058717121150261065
76207,2025-11-30,363358.5071660117,12.803145248915081,2025-04-30,7,-0.028546353679635317
74361,2025-11-30,213707.37037654596,12.272362930073964,2024-06-30,17,0.035019097798750565
20166,2025-11-30,630134.1662422401,13.353688037983735,2026-05-31,-6,0.010566428950077977
36105,2025-11-30,45639.40204011545,10.728526702227509,2026-05-31,-6,-0.04644136276434452
44481,2025-11-30,228688.8871217766,12.340117787320764,2026-07-31,-8,-0.0405207420293312
23836,2025-11-30,441112.7663692432,12.997055827794469,2023-12-31,23,0.057004225468075376
23150,2025-11-30,318001.4035513226,12.669811075435979,2023-12-31,23,0.05785480029543422
71269,2025-11-30,172940.6733606503,12.06070388611532,2026-07-31,-8,-0.03966013612710384
14012,2025-12-31,237615.8313815647,12.378410494644712,2025-09-30,3,0.016218311140454134
58436,2025-12-31,135213.69444921525,11.81461172776633,2025-09-30,3,0.019550802881715512
68059,2025-12-31,459979.00723481574,13.03893613097785,2026-07-31,-7,-0.01723255347530639
52228,2025-12-31,332081.10644879454,12.7131345145956,2026-03-31,-3,-0.008510953299179391
28905,2025-12-31,237986.28991308017,12.37996834558713,2026-02-28,-2,-0.0019594765220745103
79019,2025-12-31,230704.40201369624,12.348892525096822,2026-07-31,-7,-0.027949324731137537
84013,2025-12-31,550094.122487846,13.217844674363361,2026-07-31,-7,0.013648660949877822
79601,2025-12-31,203364.59075540584,12.222755660693489,2025-08-31,4,0.020017746085205346
53403,2025-12-31,209863.94779379817,12.254214732094093,2026-03-31,-3,-0.026360271194281637
43054,2025-12-31,579371.2760658491,13.26969878777929,2024-03-31,21,0.05438153554509384
39157,2025-12-31,285458.9788410067,12.56185361593714,2026-04-30,-4,-0.008403375911859357
39046,2025-12-31,224640.28286013985,12.322255658989642,2025-05-31,7,-0.014739498623654868
35810,2025-12-31,170735.43198883987,12.04787045601195,2026-02-28,-2,-0.003978850940082879
55068,2025-12-31,415868.0519299081,12.93812330606948,2026-05-31,-5,0.0034822552678654972
30214,2025-12-31,402249.13508249633,12.904826914653427,2025-09-30,3,0.004007263498127855
08361,2025-12-31,354253.29638373904,12.777767462756604,2026-03-31,-3,-0.010449553169531
18603,2025-12-31,209603.46087954976,12.25297274312262,2025-08-31,4,-0.013517603867194694
76504,2025-12-31,193246.46649131403,12.171721681632121,2025-11-30,1,-0.005350407059083295
46806,2025-12-31,118036.7858667939,11.678751599499387,2026-07-31,-7,0.007640520725834321
97058,2025-12-31,391915.9877849984,12.878802778928453,2025-02-28,10,0.011581542210359785
82007,2025-12-31,319702.3988943138,12.675145838599118,2026-06-30,-6,-0.020430753407543634
47130,2025-12-31,253481.1038045959,12.44304455803029,2026-05-31,-5,-0.009709188168878669
30721,2025-12-31,232576.28426784792,12.356973554572917,2026-01-31,-1,-0.00406396018027344
84005,2025-12-31,517450.15080550016,13.15666847253603,2025-11-30,1,0.0026393284636583303
20109,2025-12-31,456994.5229667902,13.032426685049142,2024-09-30,15,0.026044427265516035
38109,2025-12-31,96746.7086142538,11.479851590822436,2024-07-31,17,-0.02064370031815166
43207,2025-12-31,208849.34153062952,12.249368417086401,2024-03-31,21,0.007184198224209126
87031,2025-12-31,326345.8573934794,12.695713010229095,2026-02-28,-2,-0.005441649384845704
75154,2025-12-31,357993.0802821129,12.78826893637512,2025-07-31,5,-0.00645115680599595
30318,2025-12-31,392732.9136728235,12.880885050837533,2025-01-31,11,-0.0506538817348563
43130,2025-12-31,274864.4928777485,12.524033502034145,2023-12-31,24,0.08722478104249198
78245,2025-12-31,261602.10415963415,12.474579941956511,2024-04-30,20,-0.056503538629568695
78251,2025-12-31,265693.56183735724,12.490098900507236,2024-06-30,18,-0.044041672208164684
37066,2025-12-31,442401.1585589522,12.999972347990974,2026-05-31,-5,-0.004244507566676603
83634,2025-12-31,468764.7269904602,13.057856273352884,2026-05-31,-5,0.004157583914567553
20136,2025-12-31,741222.8299671072,13.516056574277743,2024-03-31,21,0.07203531774537097
76065,2025-12-31,464984.2715229886,13.04975885931568,2026-03-31,-3,0.0035018744419659242
52404,2025-12-31,202658.54794644823,12.21927781200303,2026-07-31,-7,-0.008003485609178185
51503,2025-12-31,307556.37953515415,12.636413697504306,2024-10-31,14,0.038773644191634205
29847,2025-12-31,217594.93452688315,12.290390514864306,2026-06-30,-6,0.004387483669518133
68142,2025-12-31,375744.9671867459,12.83666591347827,2024-03-31,21,0.009076474401064516
46552,2025-12-31,276053.7047579212,12.528350708226812,2025-05-31,7,0.030924487522787203
74401,2025-12-31,118055.55907415034,11.678910632249057,2026-07-31,-7,-0.0532409747844067
76207,2025-12-31,362040.82547525177,12.799512262004942,2025-04-30,8,-0.03217934058977434
74361,2025-12-31,215647.1529305083,12.281398799718994,2024-06-30,18,0.04405496744378112
20166,2025-12-31,629558.0828967266,13.352773396513061,2026-05-31,-5,0.009651787479404206
36105,2025-12-31,45805.26809175041,10.732154387324886,2026-05-31,-5,-0.042813677666966754
44481,2025-12-31,229579.43710517345,12.344004379770388,2026-07-31,-7,-0.03663414957970801
23836,2025-12-31,441932.7572305675,12.998913016523925,2023-12-31,24,0.05886141419753166
23150,2025-12-31,319811.50994824927,12.675487069817033,2023-12-31,24,0.06353079467648826
71269,2025-12-31,172653.15985422235,12.059040004731296,2026-07-31,-7,-0.04132401751112802
14012,2026-01-31,238475.2456767539,12.382020792212076,2025-09-30,4,0.019828608707818773
58436,2026-01-31,137554.92046411688,11.83177853789842,2025-09-30,4,0.03671761301380627
68059,2026-01-31,463194.35481825937,13.04590201781402,2026-07-31,-6,-0.010266666639136446
52228,2026-01-31,333163.13508081186,12.716387544140709,2026-03-31,-2,-0.005257923754070859
28905,2026-01-31,237703.57269201137,12.378779683492006,2026-02-28,-1,-0.003148138617198981
79019,2026-01-31,233198.88227404677,12.35964694045405,2026-07-31,-6,-0.01719490937390944
84013,2026-01-31,551626.0640590498,13.220625675523625,2026-07-31,-6,0.016429662110141408
53403,2026-01-31,211509.79772293137,12.262026601326621,2026-03-31,-2,-0.01854840196175367
79601,2026-01-31,205785.2018109017,12.234588194115998,2025-08-31,5,0.03185027950771513
43054,2026-01-31,579996.5849892981,13.270777494555782,2024-03-31,22,0.055460242321585085
39157,2026-01-31,286059.2429302321,12.563954211463518,2026-04-30,-3,-0.006302780385482265
39046,2026-01-31,224880.08988018945,12.323322605261005,2025-05-31,8,-0.01367255235229159
35810,2026-01-31,171015.9575887538,12.049512150363306,2026-02-28,-1,-0.0023371565887266854
55068,2026-01-31,416441.17411072226,12.939500491984202,2026-05-31,-4,0.0048594411825870765
30214,2026-01-31,402265.683185558,12.904868052747315,2025-09-30,4,0.0040484015920156935
08361,2026-01-31,355593.5343194999,12.781543600002983,2026-03-31,-2,-0.0066734159231511825
18603,2026-01-31,209960.27642785103,12.254673631939246,2025-08-31,5,-0.011816715050567694
76504,2026-01-31,192970.15990707,12.170290844052907,2025-11-30,2,-0.0067812446382973235
46806,2026-01-31,118650.15806857082,11.683934594088651,2026-07-31,-6,0.012823515315098177
97058,2026-01-31,393673.0957634491,12.883276137699244,2025-02-28,11,0.016054900981151476
82007,2026-01-31,321431.3555112236,12.680539286678252,2026-06-30,-5,-0.01503730532840919
47130,2026-01-31,254532.87219804284,12.447185270474781,2026-05-31,-4,-0.005568475724388122
30721,2026-01-31,233523.38821884748,12.36103751475319,2026-01-31,0,0.0
84005,2026-01-31,518338.03395316034,13.158382883606166,2025-11-30,2,0.004353739533794254
20109,2026-01-31,457905.7845482494,13.034418731341654,2024-09-30,16,0.02803647355802852
38109,2026-01-31,96395.47915972344,11.476214582815587,2024-07-31,18,-0.0242807083250014
43207,2026-01-31,209579.12081129767,12.25285661201726,2024-03-31,22,0.010672393155067184
87031,2026-01-31,327164.68079577805,12.698218934106196,2026-02-28,-1,-0.002935725507745346
75154,2026-01-31,357579.38835238386,12.787112681784699,2025-07-31,6,-0.007607411396417518
30318,2026-01-31,391655.3804690348,12.878137600653362,2025-01-31,12,-0.05340133191902652
78245,2026-01-31,261491.17925140308,12.474155830566012,2024-04-30,21,-0.056927650020067944
78251,2026-01-31,265208.03858446894,12.488269848238946,2024-06-30,19,-0.04587072447645468
37066,2026-01-31,443127.37499547616,13.001612535905453,2026-05-31,-4,-0.002604319652197873
83634,2026-01-31,470250.6909824079,13.061021216555941,2026-05-31,-4,0.007322527117624489
20136,2026-01-31,742070.431688142,13.517199439057356,2024-03-31,22,0.07317818252498398
76065,2026-01-31,464965.41644921456,13.049718308576173,2026-03-31,-2,0.00346132370245833
52404,2026-01-31,203218.8798876143,12.222038903203082,2026-07-31,-6,-0.0052423944091266605
51503,2026-01-31,308811.4056663039,12.640486031898536,2024-10-31,15,0.042845978585864586
29847,2026-01-31,217375.57058140868,12.289381876524484,2026-06-30,-5,0.003378845329695679
68142,2026-01-31,376049.46797524026,12.837475977482216,2024-03-31,22,0.009886538405009304
46552,2026-01-31,276999.51382615557,12.531771030027702,2025-05-31,8,0.03434480932367734
74401,2026-01-31,119492.26944092248,11.691006957390217,2026-07-31,-6,-0.04114464964324682
76207,2026-01-31,360498.160172262,12.795242132149768,2025-04-30,9,-0.03644947044494806
74361,2026-01-31,217506.47584572772,12.289983903070985,2024-06-30,19,0.052640070795771265
20166,2026-01-31,628331.0288654276,13.350822422601235,2026-05-31,-4,0.007700813567577569
36105,2026-01-31,46311.3606924655,10.743142581303253,2026-05-31,-4,-0.03182548368859983
44481,2026-01-31,230424.67628003808,12.34767930397876,2026-07-31,-6,-0.032959225371335776
71269,2026-01-31,172927.91351074117,12.060630101733626,2026-07-31,-6,-0.03973392050879809
14012,2026-02-28,239013.28800089052,12.384274427698204,2025-09-30,5,0.02208224419394611
58436,2026-02-28,142300.87256115084,11.865698915901385,2025-09-30,5,0.07063799101677048
68059,2026-02-28,465146.14422037377,13.050106923837127,2026-07-31,-5,-0.006061760616029588
52228,2026-02-28,333955.7170207577,12.718763679398647,2026-03-31,-1,-0.0028817884961327422
28905,2026-02-28,238453.07563922217,12.381927822109205,2026-02-28,0,0.0
79019,2026-02-28,234790.3202055622,12.366448140385945,2026-07-31,-5,-0.010393709442015009
84013,2026-02-28,552740.2577706327,13.222643473545162,2026-07-31,-5,0.01844746013167864
53403,2026-02-28,213640.1710708664,12.272048435197004,2026-03-31,-1,-0.00852656809137109
79601,2026-02-28,208864.16378163136,12.249439385589069,2025-08-31,6,0.04670147098078559
43054,2026-02-28,580178.5294695405,13.27109114458924,2024-03-31,23,0.055773892355043486
39157,2026-02-28,286772.62921369076,12.566444948054677,2026-04-30,-2,-0.0038120437943227614
39046,2026-02-28,225752.85123441953,12.327196101252273,2025-05-31,9,-0.009799056361023517
35810,2026-02-28,171416.11609520562,12.051849306952032,2026-02-28,0,0.0
55068,2026-02-28,416923.5856131194,12.940658236058816,2026-05-31,-3,0.006017185257201518
30214,2026-02-28,402736.2983991229,12.906037280346615,2025-09-30,5,0.0052176291913159645
08361,2026-02-28,356854.94282394863,12.78508465556838,2026-03-31,-1,-0.003132360357755104
18603,2026-02-28,210914.4706795898,12.259207978051348,2025-08-31,6,-0.0072823689384655665
76504,2026-02-28,193039.71878648957,12.170651243534952,2025-11-30,3,-0.006420845156252852
46806,2026-02-28,119486.70430071616,11.690960383081856,2026-07-31,-5,0.019849304308303672
97058,2026-02-28,395033.12446852867,12.886724899781251,2025-02-28,12,0.019503663063158427
82007,2026-02-28,323320.2517008002,12.686398602335663,2026-06-30,-4,-0.009177989670998699
47130,2026-02-28,255840.78908294535,12.452310612345958,2026-05-31,-3,-0.000443133853211819
30721,2026-02-28,234491.10664542337,12.365172941396317,2026-01-31,1,0.004135426643125939
84005,2026-02-28,518602.68275892705,13.158893325152624,2025-11-30,3,0.00486418108025255
20109,2026-02-28,458012.6137130742,13.03465200357532,2024-09-30,17,0.028269745791694945
38109,2026-02-28,96135.28568580422,11.473511704316842,2024-07-31,19,-0.026983586823746464
43207,2026-02-28,210335.6900724749,12.25646005757444,2024-03-31,23,0.01427583871224769
87031,2026-02-28,328126.5577068888,12.701154659613941,2026-02-28,0,0.0
75154,2026-02-28,357278.11248953064,12.786269784059387,2025-07-31,7,-0.00845030912172895
30318,2026-02-28,391024.59207217,12.876525732314917,2025-01-31,13,-0.055013200257471695
78245,2026-02-28,261394.444166305,12.473785825800652,2024-04-30,22,-0.05729765478542781
78251,2026-02-28,264833.5258262562,12.486856703136057,2024-06-30,20,-0.04728386957934383
37066,2026-02-28,443676.8865174831,13.002851843419382,2026-05-31,-3,-0.0013650121382688951
83634,2026-02-28,471120.5847937944,13.062869358901844,2026-05-31,-3,0.009170669463527403
20136,2026-02-28,742053.0296948593,13.517175988187214,2024-03-31,23,0.07315473165484221
76065,2026-02-28,464576.31809499307,13.04888112534386,2026-03-31,-1,0.002624140470144809
52404,2026-02-28,203747.24903760687,12.224635529356044,2026-07-31,-5,-0.002645768256163805
51503,2026-02-28,310056.2898896169,12.64450914026671,2024-10-31,16,0.0468690869540378
29847,2026-02-28,218222.78406330824,12.293271765185208,2026-06-30,-4,0.007268733990420273
68142,2026-02-28,376111.1255636388,12.837639925418511,2024-03-31,23,0.010050486341304676
46552,2026-02-28,277899.2817199009,12.535014031056154,2025-05-31,9,0.03758781035212877
74401,2026-02-28,121424.2351520175,11.707045768260754,2026-07-31,-5,-0.025105838772709888
76207,2026-02-28,358983.14414619585,12.791030714129116,2025-04-30,10,-0.040660888465600564
74361,2026-02-28,218867.2273482719,12.296220557127882,2024-06-30,20,0.05887672485266826
20166,2026-02-28,627458.4990295657,13.349432810796252,2026-05-31,-3,0.006311201762594365
36105,2026-02-28,47014.092215477336,10.758202670122712,2026-05-31,-3,-0.016765394869141304
44481,2026-02-28,231640.959044458,12.35294386156798,2026-07-31,-5,-0.027694667782116156
71269,2026-02-28,173571.04133899914,12.064342254730255,2026-07-31,-5,-0.036021767512169234
14012,2026-03-31,240410.81804703316,12.390104480826357,2025-09-30,6,0.027912297322099988
58436,2026-03-31,146859.40679449632,11.89723099173894,2025-09-30,6,0.10217006685432573
68059,2026-03-31,465549.8547605899,13.050974469342812,2026-07-31,-4,-0.005194215110345013
52228,2026-03-31,334919.49479915295,12.72164546789478,2026-03-31,0,0.0
28905,2026-03-31,240211.10199701492,12.38927340736431,2026-02-28,1,0.007345585255105647
79019,2026-03-31,235033.48539432877,12.36748327401511,2026-07-31,-4,-0.00935857581285049
84013,2026-03-31,552029.4860527284,13.221356740594796,2026-07-31,-4,0.017160727181313007
79601,2026-03-31,211494.77096761743,12.261955553605473,2025-08-31,7,0.05921763899718968
53403,2026-03-31,215469.5767290137,12.280575003288375,2026-03-31,0,0.0
43054,2026-03-31,579848.9517939969,13.270522920663971,2024-03-31,24,0.05520566842977459
39157,2026-03-31,287490.2558219605,12.568944245851988,2026-04-30,-1,-0.0013127459970121436
39046,2026-03-31,226979.2319019107,12.332613802859232,2025-05-31,10,-0.004381354754064759
35810,2026-03-31,171589.3854903504,12.052859608005992,2026-02-28,1,0.0010103010539594948
55068,2026-03-31,416553.24800613633,12.939769578770655,2026-05-31,-2,0.005128527969040064
30214,2026-03-31,402744.0045040964,12.90605641453263,2025-09-30,6,0.005236763377331144
08361,2026-03-31,357974.49360316945,12.788217015926135,2026-03-31,0,0.0
18603,2026-03-31,211832.4822227027,12.263551063104005,2025-08-31,7,-0.0029392838858086634
76504,2026-03-31,193148.05516192617,12.171212298988213,2025-11-30,4,-0.005859789702991947
46806,2026-03-31,119550.75453029426,11.691496284286831,2026-07-31,-4,0.020385205513278493
97058,2026-03-31,395492.5046479329,12.887887114424757,2025-02-28,13,0.02066587770666395
82007,2026-03-31,325103.1756666925,12.691897874520794,2026-06-30,-3,-0.0036787174858670113
47130,2026-03-31,256583.07577029616,12.455207773299867,2026-05-31,-2,0.002454027100696976
30721,2026-03-31,235544.39084396264,12.36965467082815,2026-01-31,2,0.008617156074958388
84005,2026-03-31,517147.678360849,13.156083757500406,2025-11-30,4,0.0020546134280348127
20109,2026-03-31,457411.41821706,13.033338523567197,2024-09-30,18,0.026956265783571354
38109,2026-03-31,95509.02265327754,11.466976000050844,2024-07-31,20,-0.033519291089744385
43207,2026-03-31,210727.2781294896,12.258320055719523,2024-03-31,24,0.016135836857330332
87031,2026-03-31,329124.7685372222,12.704192193531282,2026-02-28,1,0.003037533917341406
75154,2026-03-31,356898.9110616748,12.785207858371537,2025-07-31,8,-0.009512234809578857
30318,2026-03-31,390478.4595074982,12.875128085428011,2025-01-31,14,-0.056410847144377385
78245,2026-03-31,261219.3857288568,12.47311589158161,2024-04-30,23,-0.057967589004469744
78251,2026-03-31,264679.5018903942,12.486274946192815,2024-06-30,21,-0.047865626522586524
37066,2026-03-31,444063.51837702136,13.003722890590046,2026-05-31,-2,-0.0004939649676050095
83634,2026-03-31,470420.77562162257,13.061382840453565,2026-05-31,-2,0.007684151015247664
20136,2026-03-31,741765.6720649652,13.516788666429987,2024-03-31,24,0.07276740989761521
76065,2026-03-31,463358.8027415274,13.046256984873715,2026-03-31,0,0.0
52404,2026-03-31,203629.9217111112,12.224059516078107,2026-07-31,-4,-0.0032217815341013534
51503,2026-03-31,311080.9125227798,12.647808326206853,2024-10-31,17,0.05016827289418124
29847,2026-03-31,219268.09220153463,12.298050425423046,2026-06-30,-3,0.012047394228257957
68142,2026-03-31,375893.37387097854,12.837060802025206,2024-03-31,24,0.009471362948000106
46552,2026-03-31,278979.1064885235,12.538892170861413,2025-05-31,10,0.041465950157387965
74401,2026-03-31,123099.4940009165,11.720748201692256,2026-07-31,-4,-0.011403405341207318
76207,2026-03-31,357387.24886546936,12.786575203582114,2025-04-30,11,-0.04511639901260267
74361,2026-03-31,219697.10194562373,12.300005067323587,2024-06-30,21,0.06266123504837395
20166,2026-03-31,626810.6110656993,13.348399718270453,2026-05-31,-2,0.005278109236796169
36105,2026-03-31,47538.70424919709,10.769299484530892,2026-05-31,-2,-0.005668580460961081
44481,2026-03-31,233072.2945020376,12.359103961254716,2026-07-31,-4,-0.02153456809537957
71269,2026-03-31,175648.16792695888,12.076238227391691,2026-07-31,-4,-0.024125794850732518
14012,2026-04-30,241700.88199187024,12.395456215803122,2025-09-30,7,0.033264032298864876
58436,2026-04-30,151245.2131623318,11.926657726878755,2025-09-30,7,0.13159680199414048
68059,2026-04-30,465310.941294916,13.050461152052122,2026-07-31,-3,-0.0057075324010344985
52228,2026-04-30,336278.4906918125,12.725694936990715,2026-03-31,1,0.0040494690959356205
28905,2026-04-30,241679.74299054293,12.395368752631251,2026-02-28,2,0.013440930522046202
79019,2026-04-30,234633.63367245128,12.365780570963313,2026-07-31,-3,-0.011061278864646695
84013,2026-04-30,549615.9289166708,13.21697500221532,2026-07-31,-3,0.012778988801835922
79601,2026-04-30,213584.75109857784,12.271788993531858,2025-08-31,8,0.0690510789235752
53403,2026-04-30,216545.8472242572,12.28555756947555,2026-03-31,1,0.004982566187175408
39157,2026-04-30,287867.9053291765,12.570256991849,2026-04-30,0,0.0
39046,2026-04-30,227691.70658946023,12.3357478288565,2025-05-31,11,-0.001247328756797117
35810,2026-04-30,171160.80139581315,12.050358752664062,2026-02-28,2,-0.0014905542879706246
55068,2026-04-30,415562.7902376145,12.937389001565657,2026-05-31,-1,0.0027479507640428835
30214,2026-04-30,402311.136639625,12.904981039979846,2025-09-30,7,0.0041613888245475295
08361,2026-04-30,359340.4999562388,12.792025685803676,2026-03-31,1,0.0038086698775412486
18603,2026-04-30,212924.77915817473,12.268694232827459,2025-08-31,8,0.002203885837644748
76504,2026-04-30,192668.31426910483,12.168725410519588,2025-11-30,5,-0.008346678171616162
46806,2026-04-30,118816.88479351305,11.685338803702994,2026-07-31,-3,0.01422772492944091
97058,2026-04-30,395427.1634989795,12.887721886142458,2025-02-28,14,0.020500649424365136
82007,2026-04-30,326184.6700440305,12.69521897249155,2026-06-30,-2,-0.00035761951511226187
47130,2026-04-30,256425.2425233484,12.45459244896184,2026-05-31,-1,0.0018387027626705077
30721,2026-04-30,236016.46590297352,12.371656852349192,2026-01-31,3,0.010619337596001088
84005,2026-04-30,514897.89266712335,13.151723893322659,2025-11-30,5,-0.0023052507497123287
20109,2026-04-30,456431.38970012474,13.031193671336258,2024-09-30,19,0.024811413552631834
38109,2026-04-30,94412.310589583,11.455426752419061,2024-07-31,21,-0.04506853872152661
87031,2026-04-30,330246.86015049805,12.70759571484656,2026-02-28,2,0.006441055232619064
75154,2026-04-30,356207.6532531525,12.783269135438303,2025-07-31,9,-0.011450957742813017
30318,2026-04-30,389394.8006045677,12.872349019505895,2025-01-31,15,-0.05918991306649346
78245,2026-04-30,260849.3268656995,12.471698227905517,2024-04-30,24,-0.05938525268056338
78251,2026-04-30,264608.2084036349,12.486005552115438,2024-06-30,22,-0.048135020599962886
37066,2026-04-30,444224.64549817005,13.004085671789817,2026-05-31,-1,-0.00013118376783438634
83634,2026-04-30,468749.0457045545,13.057822820434401,2026-05-31,-1,0.004124130996084219
76065,2026-04-30,462009.91940727155,13.043341640411896,2026-03-31,1,-0.0029153444618188473
52404,2026-04-30,203326.7613152468,12.222569625558611,2026-07-31,-3,-0.004711672053597127
51503,2026-04-30,311869.89219810907,12.65034136763231,2024-10-31,18,0.05270131431963776
29847,2026-04-30,219597.08655752204,12.299549721487255,2026-06-30,-2,0.013546690292466579
46552,2026-04-30,279966.9977004722,12.542427009849263,2025-05-31,11,0.045000789145237974
74401,2026-04-30,123977.17615039476,11.727852764342177,2026-07-31,-3,-0.004298842691285998
76207,2026-04-30,355311.03981654247,12.780748853343294,2025-04-30,12,-0.050942749251422725
74361,2026-04-30,220138.9957635853,12.302014424758971,2024-06-30,22,0.06467059248375762
20166,2026-04-30,625302.6698672482,13.345991083284396,2026-05-31,-1,0.0028694742507386906
36105,2026-04-30,47859.10390614581,10.776016638055696,2026-05-31,-1,0.0010485730638425395
44481,2026-04-30,234609.3612664818,12.365677117502088,2026-07-31,-3,-0.0149614118480077
71269,2026-04-30,176882.000997129,12.083238128205517,2026-07-31,-3,-0.017125894036906786
14012,2026-05-31,242842.63478477483,12.400168919065162,2025-09-30,8,0.037976735560905084
58436,2026-05-31,154717.12061530584,11.949353700219906,2025-09-30,8,0.15429277533529095
68059,2026-05-31,465142.41293410334,13.050098902054549,2026-07-31,-2,-0.0060697823986082255
52228,2026-05-31,337836.2918120675,12.730316713381553,2026-03-31,2,0.008671245486773671
28905,2026-05-31,241914.82439562236,12.396340977877152,2026-02-28,3,0.014413155767947217
79019,2026-05-31,234351.52936627375,12.364577529321766,2026-07-31,-2,-0.012264320506194082
84013,2026-05-31,545969.9468817667,13.21031921087107,2026-07-31,-2,0.006123197457586826
53403,2026-05-31,217184.70820131796,12.288503460333764,2026-03-31,2,0.007928457045389692
39157,2026-05-31,288454.75432337646,12.572293521862868,2026-04-30,1,0.002036530013867832
79601,2026-05-31,214796.78898951027,12.277447692666705,2025-08-31,9,0.0747097780584216
39046,2026-05-31,228008.71378986872,12.337139125582892,2025-05-31,12,0.0001439679695955931
35810,2026-05-31,170516.44165712388,12.046587003063033,2026-02-28,3,-0.005262303888999398
55068,2026-05-31,414422.4117202875,12.934641050801615,2026-05-31,0,0.0
30214,2026-05-31,401508.5741047463,12.902984167320875,2025-09-30,8,0.0021645161655765577
08361,2026-05-31,360193.9132486237,12.794397813326423,2026-03-31,2,0.00618079740028854
18603,2026-05-31,213382.4964696696,12.270841592319291,2025-08-31,9,0.004351245329477393
76504,2026-05-31,191643.2489088839,12.163390844041018,2025-11-30,6,-0.013681244650186386
46806,2026-05-31,117647.70516929698,11.675449888391936,2026-07-31,-2,0.004338809618383621
97058,2026-05-31,394813.3416560374,12.886168379425486,2025-02-28,15,0.018947142707393283
82007,2026-05-31,326344.91833847744,12.695710132740897,2026-06-30,-1,0.00013354073423599289
47130,2026-05-31,255954.1859207537,12.45275374619917,2026-05-31,0,0.0
30721,2026-05-31,235634.0606740896,12.370035290234323,2026-01-31,4,0.008997775481132564
84005,2026-05-31,512440.39330414374,13.14693967748265,2025-11-30,6,-0.007089466589722093
20109,2026-05-31,455457.15028081805,13.029056919425763,2024-09-30,20,0.02267466164213694
38109,2026-05-31,93219.5807543296,11.442713072537618,2024-07-31,22,-0.05778221860296995
87031,2026-05-31,331231.3188913494,12.710572258892567,2026-02-28,3,0.009417599278625843
75154,2026-05-31,355139.0113896726,12.780264573188932,2025-07-31,10,-0.014455519992184307
30318,2026-05-31,387966.1782662514,12.868673445389058,2025-01-31,16,-0.06286548718333052
78251,2026-05-31,264292.54071310285,12.484811877390866,2024-06-30,23,-0.04932869532453488
37066,2026-05-31,444282.9243834696,13.004216855557651,2026-05-31,0,0.0
83634,2026-05-31,466819.8441102204,13.053698689438317,2026-05-31,0,0.0
76065,2026-05-31,460842.7022857829,13.040812053961252,2026-03-31,2,-0.005444930912462453
52404,2026-05-31,203142.88642857168,12.221664884453151,2026-07-31,-2,-0.005616413159057032
51503,2026-05-31,312073.2741303944,12.650993292200008,2024-10-31,19,0.05335323888733612
29847,2026-05-31,218514.52879135087,12.29460778463146,2026-06-30,-1,0.00860475343667133
46552,2026-05-31,280777.70369933307,12.545318545201072,2025-05-31,12,0.047892324497047056
74401,2026-05-31,123768.71090096205,11.726169868201183,2026-07-31,-2,-0.005981738832280925
76207,2026-05-31,352998.15492693684,12.7742181090659,2025-04-30,13,-0.05747349352881592
74361,2026-05-31,220349.50259533597,12.302970212928516,2024-06-30,23,0.06562638065330262
20166,2026-05-31,623510.9518309301,13.343121609033657,2026-05-31,0,0.0
36105,2026-05-31,47808.946440409694,10.774968064991853,2026-05-31,0,0.0
44481,2026-05-31,235772.1922468019,12.370621330728312,2026-07-31,-2,-0.010017198621783407
71269,2026-05-31,178420.85152401208,12.091900373038003,2026-07-31,-2,-0.008463649204420776
14012,2026-06-30,243201.7253909168,12.401646523584002,2025-09-30,9,0.03945434007974491
58436,2026-06-30,157586.5030192826,11.967729811997945,2025-09-30,9,0.17266888711333017
68059,2026-06-30,465992.5930704787,13.051925018282917,2026-07-31,-1,-0.004243666170239635
52228,2026-06-30,339457.63977366214,12.735104445806364,2026-03-31,3,0.013458977911584569
28905,2026-06-30,240996.29801746065,12.392536851431412,2026-02-28,4,0.01060902932220742
79019,2026-06-30,235157.51909416015,12.3680108625973,2026-07-31,-1,-0.00883098723065956
84013,2026-06-30,543744.8640624259,13.206235415937988,2026-07-31,-1,0.002039402524504297
79601,2026-06-30,216239.1199869356,12.284140111329283,2025-08-31,10,0.08140219672099924
53403,2026-06-30,217900.07049090532,12.291791844433831,2026-03-31,3,0.011216841145456513
39157,2026-06-30,288851.7443973017,12.573668840302485,2026-04-30,2,0.003411848453485078
39046,2026-06-30,228275.79418706265,12.33830980055882,2025-05-31,13,0.0013146429455233033
35810,2026-06-30,169966.39161627376,12.043356000113034,2026-02-28,4,-0.008493306838998294
55068,2026-06-30,413875.48862112017,12.933320455449564,2026-05-31,1,-0.0013205953520500913
30214,2026-06-30,400651.5702846532,12.900847426541237,2025-09-30,9,2.777538593790041e-05
08361,2026-06-30,360763.1398911625,12.795976899787513,2026-03-31,3,0.007759883861378825
18603,2026-06-30,214301.9514367616,12.275141287518023,2025-08-31,10,0.008650940528209361
76504,2026-06-30,190432.08517675372,12.157050901726205,2025-11-30,7,-0.02002118696499977
46806,2026-06-30,117160.61372040612,11.671301039238006,2026-07-31,-1,0.00018996046445352022
97058,2026-06-30,394751.1759571352,12.886010911105561,2025-02-28,16,0.01878967438746848
82007,2026-06-30,326301.34090821416,12.695576592006661,2026-06-30,0,0.0
47130,2026-06-30,255637.22376433443,12.451514623762886,2026-05-31,1,-0.0012391224362833242
30721,2026-06-30,234932.88090388104,12.367055139156111,2026-01-31,5,0.0060176244029204184
84005,2026-06-30,510906.5167477168,13.143941910664662,2025-11-30,7,-0.010087233407709562
20109,2026-06-30,455361.9165449729,13.028847802731436,2024-09-30,21,0.022465544947809946
38109,2026-06-30,92308.70998661924,11.43289378209096,2024-07-31,23,-0.06760150904962714
87031,2026-06-30,331889.81630909996,12.71255831422769,2026-02-28,4,0.011403654613749481
75154,2026-06-30,354009.9948296179,12.777080425699312,2025-07-31,11,-0.01763966748180401
30318,2026-06-30,386393.84557022824,12.864612453580373,2025-01-31,17,-0.06692647899201631
78251,2026-06-30,263705.0187896427,12.48258640435459,2024-06-30,24,-0.05155416836081095
37066,2026-06-30,443954.741163902,13.003477901903171,2026-05-31,1,-0.0007389536544799569
83634,2026-06-30,465666.45338957506,13.051224891567108,2026-05-31,1,-0.002473797871209271
76065,2026-06-30,460451.58352591546,13.039962990226922,2026-03-31,3,-0.006293994646792811
52404,2026-06-30,203600.89470890292,12.223916958093362,2026-07-31,-1,-0.0033643395188462932
51503,2026-06-30,312239.9667740084,12.651527295442783,2024-10-31,20,0.05388724213011109
29847,2026-06-30,216642.33159810785,12.286003031194788,2026-06-30,0,0.0
46552,2026-06-30,281627.7916298442,12.548341590263647,2025-05-31,13,0.05091536955962184
74401,2026-06-30,123805.35784741328,11.726465916546667,2026-07-31,-1,-0.0056856904867963465
76207,2026-06-30,351052.04986961046,12.768689781680905,2025-04-30,14,-0.06300182091381146
74361,2026-06-30,220571.0250305509,12.303975030985168,2024-06-30,24,0.06663119870995438
20166,2026-06-30,622434.4210849577,13.34139355411686,2026-05-31,1,-0.0017280549167981718
36105,2026-06-30,47664.41523572147,10.771940386641399,2026-05-31,1,-0.003027678350454366
44481,2026-06-30,236998.9987922371,12.375811195603017,2026-07-31,-1,-0.004827333747078555
71269,2026-06-30,179161.91235379103,12.096045214263997,2026-07-31,-1,-0.004318807978426875
14012,2026-07-31,243693.3838829756,12.403666090631619,2025-09-30,10,0.04147390712736154
58436,2026-07-31,159022.2083094434,11.976799146350897,2025-09-30,10,0.18173822146628282
68059,2026-07-31,467974.31197599886,13.056168684453157,2026-07-31,0,0.0
52228,2026-07-31,340978.7989491258,12.739575581163104,2026-03-31,4,0.017930113268324277
28905,2026-07-31,239225.3220795119,12.385161156992098,2026-02-28,5,0.003233334882892791
79019,2026-07-31,237243.38873077757,12.37684184982796,2026-07-31,0,0.0
84013,2026-07-31,542637.0794073364,13.204196013413483,2026-07-31,0,0.0
53403,2026-07-31,218469.61356725672,12.294402215504808,2026-03-31,4,0.013827212216433793
79601,2026-07-31,217712.40545325849,12.290930229766573,2025-08-31,11,0.08819231515828996
39157,2026-07-31,289275.77273585345,12.575135743025573,2026-04-30,3,0.004878751176573104
39046,2026-07-31,228484.0152532305,12.339221531741329,2025-05-31,14,0.0022263741280319493
35810,2026-07-31,169294.60834604048,12.039395720868924,2026-02-28,5,-0.012453586083108092
55068,2026-07-31,414259.5857162776,12.93424807495175,2026-05-31,2,-0.00039297584986464074
30214,2026-07-31,399881.18944700086,12.898922755586549,2025-09-30,10,-0.0018968955687501676
08361,2026-07-31,361040.8738152252,12.79674645477057,2026-03-31,4,0.008529438844435688
18603,2026-07-31,215239.704610526,12.279507591229835,2025-08-31,11,0.013017244240021597
76504,2026-07-31,189425.40861359905,12.151750603923281,2025-11-30,8,-0.025321484767923508
46806,2026-07-31,117138.35994954356,11.671111078773553,2026-07-31,0,0.0
97058,2026-07-31,395055.8527375798,12.88678243322296,2025-02-28,17,0.019561196504866984
82007,2026-07-31,326309.8411380757,12.69560264191232,2026-06-30,1,2.6049905658354078e-05
47130,2026-07-31,255759.5513311451,12.451993029474854,2026-05-31,2,-0.0007607167243151025
30721,2026-07-31,234038.8699588995,12.363242491480413,2026-01-31,6,0.0022049767272225296
84005,2026-07-31,510303.6934988762,13.142761304922942,2025-11-30,8,-0.011267839149429193
20109,2026-07-31,455635.77990768687,13.029449041070524,2024-09-30,22,0.023066783286898485
38109,2026-07-31,91802.37069086276,11.427393400794337,2024-07-31,24,-0.07310189034625125
87031,2026-07-31,332062.3219463122,12.71307794698781,2026-02-28,5,0.011923287373868163
75154,2026-07-31,353377.8026215504,12.775293025976964,2025-07-31,12,-0.019427067204151882
30318,2026-07-31,385443.17584681395,12.862149057350905,2025-01-31,18,-0.06938987522148388
37066,2026-07-31,443525.77831240493,13.002511203760532,2026-05-31,2,-0.0017056517971187901
83634,2026-07-31,466006.8750795108,13.05195566638846,2026-05-31,2,-0.001743023049856518
76065,2026-07-31,460795.59168522054,13.04070982166272,2026-03-31,4,-0.00554716321099491
52404,2026-07-31,204287.03079523463,12.227281297612208,2026-07-31,0,0.0
51503,2026-07-31,312449.8204812968,12.652199160805285,2024-10-31,21,0.05455910749261328
29847,2026-07-31,215625.9769719782,12.281300597642034,2026-06-30,1,-0.00470243355275457
46552,2026-07-31,282675.53016609204,12.552054982333985,2025-05-31,14,0.05462876162996011
74401,2026-07-31,124511.28172337014,11.732151607033463,2026-07-31,0,0.0
76207,2026-07-31,349943.0031975375,12.765525572197385,2025-04-30,15,-0.06616603039733171
20166,2026-07-31,622252.7535508685,13.341101645372106,2026-05-31,2,-0.002019963661551216
36105,2026-07-31,47489.22567523472,10.7682581364036,2026-05-31,2,-0.006709928588252367
44481,2026-07-31,238145.83791765757,12.380638529350096,2026-07-31,0,0.0
71269,2026-07-31,179937.35153145134,12.100364022242424,2026-07-31,0,0.0
